ISO-10303-21;
HEADER;
FILE_DESCRIPTION (( 'STEP AP203' ),
    '1' );
FILE_NAME ('achterplaat.STEP',
    '2025-03-05T10:18:05',
    ( '' ),
    ( '' ),
    'SwSTEP 2.0',
    'SolidWorks 2024',
    '' );
FILE_SCHEMA (( 'CONFIG_CONTROL_DESIGN' ));
ENDSEC;

DATA;
#1 = AXIS2_PLACEMENT_3D ( 'NONE', #670, #1403, #1964 ) ;
#2 = EDGE_LOOP ( 'NONE', ( #1618, #1662, #1105, #2306 ) ) ;
#3 = COORDINATED_UNIVERSAL_TIME_OFFSET ( 1, 0, .AHEAD. ) ;
#4 = ORIENTED_EDGE ( 'NONE', *, *, #436, .F. ) ;
#5 = DIRECTION ( 'NONE',  ( 1.000000000000000000, -0.000000000000000000, -0.000000000000000000 ) ) ;
#6 = ADVANCED_FACE ( 'NONE', ( #2026 ), #1196, .F. ) ;
#7 = DIRECTION ( 'NONE',  ( 0.000000000000000000, 0.000000000000000000, -1.000000000000000000 ) ) ;
#8 = DIRECTION ( 'NONE',  ( 1.000000000000000000, -0.000000000000000000, -0.000000000000000000 ) ) ;
#9 = ORIENTED_EDGE ( 'NONE', *, *, #1113, .F. ) ;
#10 = EDGE_LOOP ( 'NONE', ( #279, #1863, #2248, #365 ) ) ;
#11 = EDGE_CURVE ( 'NONE', #323, #2250, #1381, .T. ) ;
#12 = AXIS2_PLACEMENT_3D ( 'NONE', #859, #1031, #2137 ) ;
#13 = CARTESIAN_POINT ( 'NONE',  ( 20.00000000000000000, 170.0892151274302364, -299.7603862678912492 ) ) ;
#14 = CIRCLE ( 'NONE', #1665, 5.500000000000005329 ) ;
#15 = ORIENTED_EDGE ( 'NONE', *, *, #1112, .T. ) ;
#16 = DATE_AND_TIME ( #1877, #564 ) ;
#17 = ORIENTED_EDGE ( 'NONE', *, *, #319, .T. ) ;
#18 = ORIENTED_EDGE ( 'NONE', *, *, #877, .F. ) ;
#19 = VECTOR ( 'NONE', #25, 1000.000000000000000 ) ;
#20 = CIRCLE ( 'NONE', #1751, 4.199999999999995737 ) ;
#21 = LINE ( 'NONE', #2066, #1921 ) ;
#22 = CYLINDRICAL_SURFACE ( 'NONE', #783, 5.500000000000005329 ) ;
#23 = ORIENTED_EDGE ( 'NONE', *, *, #1643, .F. ) ;
#24 = PRODUCT_RELATED_PRODUCT_CATEGORY ( 'detail', '', ( #190 ) ) ;
#25 = DIRECTION ( 'NONE',  ( -1.000000000000000000, -0.000000000000000000, -0.000000000000000000 ) ) ;
#26 = CYLINDRICAL_SURFACE ( 'NONE', #1250, 3.500000000000003109 ) ;
#27 = EDGE_CURVE ( 'NONE', #1658, #257, #2292, .T. ) ;
#28 = ORGANIZATION ( 'UNSPECIFIED', 'UNSPECIFIED', '' ) ;
#29 = DIRECTION ( 'NONE',  ( 1.000000000000000000, -0.000000000000000000, -0.000000000000000000 ) ) ;
#30 = ORIENTED_EDGE ( 'NONE', *, *, #202, .F. ) ;
#31 = SECURITY_CLASSIFICATION_LEVEL ( 'unclassified' ) ;
#32 = AXIS2_PLACEMENT_3D ( 'NONE', #471, #1330, #800 ) ;
#33 = EDGE_LOOP ( 'NONE', ( #384, #1396 ) ) ;
#34 = AXIS2_PLACEMENT_3D ( 'NONE', #1619, #2195, #2151 ) ;
#35 = DIRECTION ( 'NONE',  ( 1.000000000000000000, -0.000000000000000000, -0.000000000000000000 ) ) ;
#36 = CARTESIAN_POINT ( 'NONE',  ( 20.00000000000000000, 10.00000000000000000, -650.0000000000000000 ) ) ;
#37 = VERTEX_POINT ( 'NONE', #1749 ) ;
#38 = CARTESIAN_POINT ( 'NONE',  ( 20.00000000000000000, 265.4278631898104663, -348.7916909856868415 ) ) ;
#39 = DIRECTION ( 'NONE',  ( -1.000000000000000000, 0.000000000000000000, 0.000000000000000000 ) ) ;
#40 = FACE_OUTER_BOUND ( 'NONE', #1433, .T. ) ;
#41 = ORIENTED_EDGE ( 'NONE', *, *, #369, .F. ) ;
#42 = DATE_AND_TIME ( #1677, #2324 ) ;
#43 = EDGE_CURVE ( 'NONE', #1755, #135, #679, .T. ) ;
#44 = VECTOR ( 'NONE', #381, 1000.000000000000000 ) ;
#45 = ORIENTED_EDGE ( 'NONE', *, *, #766, .F. ) ;
#46 = DIRECTION ( 'NONE',  ( 0.000000000000000000, 0.000000000000000000, -1.000000000000000000 ) ) ;
#47 = CARTESIAN_POINT ( 'NONE',  ( 20.00000000000000000, 290.0000000000000000, -640.0000000000000000 ) ) ;
#48 = ORIENTED_EDGE ( 'NONE', *, *, #862, .T. ) ;
#49 = DIRECTION ( 'NONE',  ( 1.000000000000000000, -0.000000000000000000, -0.000000000000000000 ) ) ;
#50 = CARTESIAN_POINT ( 'NONE',  ( 0.000000000000000000, 188.4759543966035835, -187.4920279064295414 ) ) ;
#51 = DIRECTION ( 'NONE',  ( 0.000000000000000000, 0.000000000000000000, -1.000000000000000000 ) ) ;
#52 = ORIENTED_EDGE ( 'NONE', *, *, #1279, .T. ) ;
#53 = CIRCLE ( 'NONE', #1969, 3.499999999999947597 ) ;
#54 = VERTEX_POINT ( 'NONE', #992 ) ;
#55 = CC_DESIGN_PERSON_AND_ORGANIZATION_ASSIGNMENT ( #556, #2214, ( #1715 ) ) ;
#56 = EDGE_CURVE ( 'NONE', #1927, #707, #1486, .T. ) ;
#57 = CARTESIAN_POINT ( 'NONE',  ( -3.673940397442058882E-17, 69.99999999999998579, -29.19999999999999574 ) ) ;
#58 = DIRECTION ( 'NONE',  ( 0.000000000000000000, 0.000000000000000000, -1.000000000000000000 ) ) ;
#59 = VERTEX_POINT ( 'NONE', #297 ) ;
#60 = AXIS2_PLACEMENT_3D ( 'NONE', #1829, #1611, #2328 ) ;
#61 = DIRECTION ( 'NONE',  ( 0.000000000000000000, 0.000000000000000000, 1.000000000000000000 ) ) ;
#62 = LINE ( 'NONE', #1873, #2286 ) ;
#63 = CARTESIAN_POINT ( 'NONE',  ( 20.00000000000000000, 0.000000000000000000, 0.000000000000000000 ) ) ;
#64 = ORIENTED_EDGE ( 'NONE', *, *, #1261, .T. ) ;
#65 = AXIS2_PLACEMENT_3D ( 'NONE', #1780, #2166, #689 ) ;
#66 = ORIENTED_EDGE ( 'NONE', *, *, #2315, .T. ) ;
#67 = VERTEX_POINT ( 'NONE', #1544 ) ;
#68 = EDGE_CURVE ( 'NONE', #1951, #59, #1568, .T. ) ;
#69 = DIRECTION ( 'NONE',  ( 0.000000000000000000, 0.000000000000000000, 1.000000000000000000 ) ) ;
#70 = CARTESIAN_POINT ( 'NONE',  ( 20.00000000000000000, 0.000000000000000000, -650.0000000000000000 ) ) ;
#71 = ORIENTED_EDGE ( 'NONE', *, *, #1941, .T. ) ;
#72 = LINE ( 'NONE', #641, #2015 ) ;
#73 = DIRECTION ( 'NONE',  ( 1.000000000000000000, -0.000000000000000000, -0.000000000000000000 ) ) ;
#74 = CARTESIAN_POINT ( 'NONE',  ( 0.000000000000000000, 244.9981528907290169, -54.64683370882156055 ) ) ;
#75 = ORIENTED_EDGE ( 'NONE', *, *, #2073, .F. ) ;
#76 = CARTESIAN_POINT ( 'NONE',  ( 20.00000000000000000, 207.5436840090796409, -510.2293733783387211 ) ) ;
#77 = VERTEX_POINT ( 'NONE', #1571 ) ;
#78 = VECTOR ( 'NONE', #128, 1000.000000000000000 ) ;
#79 = CIRCLE ( 'NONE', #2039, 2.000000000000001776 ) ;
#80 = DIRECTION ( 'NONE',  ( 1.000000000000000000, -0.000000000000000000, -0.000000000000000000 ) ) ;
#81 = DIRECTION ( 'NONE',  ( 0.000000000000000000, 0.000000000000000000, -1.000000000000000000 ) ) ;
#82 = ORIENTED_EDGE ( 'NONE', *, *, #1541, .T. ) ;
#83 = DIRECTION ( 'NONE',  ( 1.000000000000000000, -0.000000000000000000, -0.000000000000000000 ) ) ;
#84 = DIRECTION ( 'NONE',  ( 1.000000000000000000, -0.000000000000000000, -0.000000000000000000 ) ) ;
#85 = CARTESIAN_POINT ( 'NONE',  ( -3.673940397442058882E-17, 235.8599999999999852, -20.79999999999999361 ) ) ;
#86 = EDGE_CURVE ( 'NONE', #1440, #54, #337, .T. ) ;
#87 = VERTEX_POINT ( 'NONE', #1356 ) ;
#88 = CYLINDRICAL_SURFACE ( 'NONE', #948, 3.500000000000003109 ) ;
#89 = ORIENTED_EDGE ( 'NONE', *, *, #1573, .T. ) ;
#90 = AXIS2_PLACEMENT_3D ( 'NONE', #1509, #602, #228 ) ;
#91 = AXIS2_PLACEMENT_3D ( 'NONE', #488, #816, #1223 ) ;
#92 = DIRECTION ( 'NONE',  ( 0.000000000000000000, 0.000000000000000000, -1.000000000000000000 ) ) ;
#93 = CARTESIAN_POINT ( 'NONE',  ( 20.00000000000000000, 239.5502301443072781, -246.0051201768848159 ) ) ;
#94 = ORIENTED_EDGE ( 'NONE', *, *, #422, .F. ) ;
#95 = DIRECTION ( 'NONE',  ( 1.000000000000000000, -0.000000000000000000, -0.000000000000000000 ) ) ;
#96 = FACE_OUTER_BOUND ( 'NONE', #1346, .T. ) ;
#97 = CARTESIAN_POINT ( 'NONE',  ( 20.00000000000000000, 129.9107848725699625, -224.2134291911979176 ) ) ;
#98 = CIRCLE ( 'NONE', #713, 3.500000000000003109 ) ;
#99 = EDGE_LOOP ( 'NONE', ( #868, #532 ) ) ;
#100 = ADVANCED_FACE ( 'NONE', ( #2089 ), #285, .F. ) ;
#101 = DIRECTION ( 'NONE',  ( 0.000000000000000000, 0.000000000000000000, -1.000000000000000000 ) ) ;
#102 = VERTEX_POINT ( 'NONE', #462 ) ;
#103 = VECTOR ( 'NONE', #371, 1000.000000000000000 ) ;
#104 = VECTOR ( 'NONE', #1169, 1000.000000000000000 ) ;
#105 = DIRECTION ( 'NONE',  ( -1.000000000000000000, 0.000000000000000000, 0.000000000000000000 ) ) ;
#106 = DIRECTION ( 'NONE',  ( 0.000000000000000000, 0.000000000000000000, 1.000000000000000000 ) ) ;
#107 = EDGE_LOOP ( 'NONE', ( #245, #1021, #2362, #1292 ) ) ;
#108 = VECTOR ( 'NONE', #1609, 1000.000000000000000 ) ;
#109 = FACE_OUTER_BOUND ( 'NONE', #967, .T. ) ;
#110 = DIRECTION ( 'NONE',  ( 0.000000000000000000, 0.000000000000000000, 1.000000000000000000 ) ) ;
#111 = DIRECTION ( 'NONE',  ( -0.000000000000000000, -0.000000000000000000, 1.000000000000000000 ) ) ;
#112 = EDGE_LOOP ( 'NONE', ( #2329, #82 ) ) ;
#113 = EDGE_CURVE ( 'NONE', #1904, #2012, #1638, .T. ) ;
#114 = EDGE_CURVE ( 'NONE', #77, #545, #1604, .T. ) ;
#115 = CIRCLE ( 'NONE', #1807, 4.199999999999995737 ) ;
#116 = FACE_BOUND ( 'NONE', #1837, .T. ) ;
#117 = DIRECTION ( 'NONE',  ( 0.000000000000000000, 0.000000000000000000, -1.000000000000000000 ) ) ;
#118 = VECTOR ( 'NONE', #1285, 1000.000000000000000 ) ;
#119 = VERTEX_POINT ( 'NONE', #634 ) ;
#120 = EDGE_CURVE ( 'NONE', #323, #1901, #2253, .T. ) ;
#121 = FACE_OUTER_BOUND ( 'NONE', #2013, .T. ) ;
#122 = FACE_BOUND ( 'NONE', #2244, .T. ) ;
#123 = EDGE_CURVE ( 'NONE', #1073, #1887, #413, .T. ) ;
#124 = ORIENTED_EDGE ( 'NONE', *, *, #2289, .F. ) ;
#125 = CARTESIAN_POINT ( 'NONE',  ( 0.000000000000000000, 251.1270659804534660, -150.7094431444127167 ) ) ;
#126 = ADVANCED_FACE ( 'NONE', ( #1738 ), #88, .F. ) ;
#127 = ADVANCED_FACE ( 'NONE', ( #283 ), #1204, .F. ) ;
#128 = DIRECTION ( 'NONE',  ( 1.000000000000000000, -0.000000000000000000, -0.000000000000000000 ) ) ;
#129 = CARTESIAN_POINT ( 'NONE',  ( 20.00000000000000000, 69.99999999999998579, -620.8000000000000682 ) ) ;
#130 = EDGE_CURVE ( 'NONE', #729, #2310, #1759, .T. ) ;
#131 = VERTEX_POINT ( 'NONE', #1579 ) ;
#132 = AXIS2_PLACEMENT_3D ( 'NONE', #1931, #1189, #312 ) ;
#133 = CARTESIAN_POINT ( 'NONE',  ( 20.00000000000000000, 235.8599999999999852, -625.0000000000000000 ) ) ;
#134 = DIRECTION ( 'NONE',  ( 0.000000000000000000, 0.000000000000000000, -1.000000000000000000 ) ) ;
#135 = VERTEX_POINT ( 'NONE', #1216 ) ;
#136 = VECTOR ( 'NONE', #799, 1000.000000000000000 ) ;
#137 = CARTESIAN_POINT ( 'NONE',  ( 0.000000000000000000, 290.0000000000000000, -640.0000000000000000 ) ) ;
#138 = EDGE_LOOP ( 'NONE', ( #957, #1448 ) ) ;
#139 = CARTESIAN_POINT ( 'NONE',  ( 20.00000000000000000, 0.000000000000000000, -650.0000000000000000 ) ) ;
#140 = CYLINDRICAL_SURFACE ( 'NONE', #1510, 3.500000000000003109 ) ;
#141 = EDGE_LOOP ( 'NONE', ( #566, #377 ) ) ;
#142 = CC_DESIGN_APPROVAL ( #1553, ( #869 ) ) ;
#143 = CIRCLE ( 'NONE', #762, 2.000000000000001776 ) ;
#144 = EDGE_CURVE ( 'NONE', #1889, #1484, #1365, .T. ) ;
#145 = DIRECTION ( 'NONE',  ( 0.000000000000000000, 0.000000000000000000, -1.000000000000000000 ) ) ;
#146 = CARTESIAN_POINT ( 'NONE',  ( 20.00000000000000000, 188.4759543966035835, -181.9920279064295414 ) ) ;
#147 = CARTESIAN_POINT ( 'NONE',  ( 0.000000000000000000, 0.000000000000000000, -640.0000000000000000 ) ) ;
#148 = ORIENTED_EDGE ( 'NONE', *, *, #616, .T. ) ;
#149 = CARTESIAN_POINT ( 'NONE',  ( 0.000000000000000000, 263.3848921599023356, -450.3022231676997649 ) ) ;
#150 = DIRECTION ( 'NONE',  ( 1.000000000000000000, -0.000000000000000000, -0.000000000000000000 ) ) ;
#151 = DIRECTION ( 'NONE',  ( 1.000000000000000000, -0.000000000000000000, -0.000000000000000000 ) ) ;
#152 = VERTEX_POINT ( 'NONE', #1024 ) ;
#153 = CIRCLE ( 'NONE', #1076, 5.500000000000005329 ) ;
#154 = DIRECTION ( 'NONE',  ( 1.000000000000000000, -0.000000000000000000, -0.000000000000000000 ) ) ;
#155 = CARTESIAN_POINT ( 'NONE',  ( 20.00000000000000000, 249.7650852938480170, -577.6474173653076605 ) ) ;
#156 = LINE ( 'NONE', #1817, #1350 ) ;
#157 = ADVANCED_FACE ( 'NONE', ( #2110 ), #1747, .F. ) ;
#158 = ORIENTED_EDGE ( 'NONE', *, *, #2339, .T. ) ;
#159 = CARTESIAN_POINT ( 'NONE',  ( 20.00000000000000000, 207.5436840090796409, -504.7293733783386642 ) ) ;
#160 = EDGE_LOOP ( 'NONE', ( #1664, #1842 ) ) ;
#161 = LINE ( 'NONE', #1628, #197 ) ;
#162 = CARTESIAN_POINT ( 'NONE',  ( 20.00000000000000000, 63.17373122890378312, -244.6431394902793954 ) ) ;
#163 = ORIENTED_EDGE ( 'NONE', *, *, #952, .T. ) ;
#164 = CARTESIAN_POINT ( 'NONE',  ( 20.00000000000000000, 239.5502301443072781, -246.0051201768848159 ) ) ;
#165 = FACE_BOUND ( 'NONE', #1182, .T. ) ;
#166 = CIRCLE ( 'NONE', #1361, 3.500000000000003109 ) ;
#167 = VERTEX_POINT ( 'NONE', #483 ) ;
#168 = ORIENTED_EDGE ( 'NONE', *, *, #1978, .F. ) ;
#169 = AXIS2_PLACEMENT_3D ( 'NONE', #162, #5, #732 ) ;
#170 = DIRECTION ( 'NONE',  ( 0.000000000000000000, 0.000000000000000000, -1.000000000000000000 ) ) ;
#171 = VERTEX_POINT ( 'NONE', #2097 ) ;
#172 = EDGE_CURVE ( 'NONE', #1642, #2227, #1769, .T. ) ;
#173 = DIRECTION ( 'NONE',  ( 1.000000000000000000, -0.000000000000000000, -0.000000000000000000 ) ) ;
#174 = VECTOR ( 'NONE', #1431, 1000.000000000000000 ) ;
#175 = EDGE_LOOP ( 'NONE', ( #2217, #1369 ) ) ;
#176 = DIRECTION ( 'NONE',  ( 1.000000000000000000, -0.000000000000000000, -0.000000000000000000 ) ) ;
#177 = CYLINDRICAL_SURFACE ( 'NONE', #2052, 2.000000000000001776 ) ;
#178 = EDGE_LOOP ( 'NONE', ( #1971, #1698, #2106, #2256 ) ) ;
#179 = LINE ( 'NONE', #1262, #108 ) ;
#180 = APPROVAL_PERSON_ORGANIZATION ( #1135, #465, #2036 ) ;
#181 = CARTESIAN_POINT ( 'NONE',  ( 20.00000000000000000, 0.000000000000000000, 0.000000000000000000 ) ) ;
#182 = ORIENTED_EDGE ( 'NONE', *, *, #864, .F. ) ;
#183 = FACE_OUTER_BOUND ( 'NONE', #107, .T. ) ;
#184 = CIRCLE ( 'NONE', #1525, 5.500000000000005329 ) ;
#185 = ORIENTED_EDGE ( 'NONE', *, *, #877, .T. ) ;
#186 = EDGE_CURVE ( 'NONE', #375, #201, #2272, .T. ) ;
#187 = DIRECTION ( 'NONE',  ( 0.000000000000000000, 0.000000000000000000, -1.000000000000000000 ) ) ;
#188 = EDGE_CURVE ( 'NONE', #1484, #625, #759, .T. ) ;
#189 = EDGE_CURVE ( 'NONE', #1310, #609, #1062, .T. ) ;
#190 = PRODUCT ( 'achterplaat', 'achterplaat', '', ( #2048 ) ) ;
#191 = PLANE ( 'NONE',  #1695 ) ;
#192 = CYLINDRICAL_SURFACE ( 'NONE', #2277, 5.500000000000005329 ) ;
#193 = ORIENTED_EDGE ( 'NONE', *, *, #1299, .T. ) ;
#194 = VERTEX_POINT ( 'NONE', #85 ) ;
#195 = CIRCLE ( 'NONE', #1114, 3.500000000000003109 ) ;
#196 = DIRECTION ( 'NONE',  ( 1.000000000000000000, -0.000000000000000000, -0.000000000000000000 ) ) ;
#197 = VECTOR ( 'NONE', #720, 1000.000000000000000 ) ;
#198 = ORIENTED_EDGE ( 'NONE', *, *, #1787, .T. ) ;
#199 = COORDINATED_UNIVERSAL_TIME_OFFSET ( 1, 0, .AHEAD. ) ;
#200 = ORIENTED_EDGE ( 'NONE', *, *, #1436, .F. ) ;
#201 = VERTEX_POINT ( 'NONE', #1938 ) ;
#202 = EDGE_CURVE ( 'NONE', #375, #2068, #1220, .T. ) ;
#203 = DIRECTION ( 'NONE',  ( 0.000000000000000000, 0.000000000000000000, -1.000000000000000000 ) ) ;
#204 = CARTESIAN_POINT ( 'NONE',  ( 0.000000000000000000, 81.56047049807712312, -530.6590836774201989 ) ) ;
#205 = ORIENTED_EDGE ( 'NONE', *, *, #1276, .T. ) ;
#206 = VECTOR ( 'NONE', #363, 1000.000000000000000 ) ;
#207 = DIRECTION ( 'NONE',  ( 0.000000000000000000, 0.000000000000000000, -1.000000000000000000 ) ) ;
#208 = DIRECTION ( 'NONE',  ( 1.000000000000000000, -0.000000000000000000, -0.000000000000000000 ) ) ;
#209 = VECTOR ( 'NONE', #151, 1000.000000000000000 ) ;
#210 = ORIENTED_EDGE ( 'NONE', *, *, #1521, .F. ) ;
#211 = CALENDAR_DATE ( 2025, 5, 3 ) ;
#212 = EDGE_LOOP ( 'NONE', ( #1581, #1608 ) ) ;
#213 = CIRCLE ( 'NONE', #60, 2.000000000000001776 ) ;
#214 = CIRCLE ( 'NONE', #1372, 2.000000000000001776 ) ;
#215 = CARTESIAN_POINT ( 'NONE',  ( 20.00000000000000000, 207.5436840090796409, -510.2293733783387211 ) ) ;
#216 = DIRECTION ( 'NONE',  ( 1.000000000000000000, -0.000000000000000000, -0.000000000000000000 ) ) ;
#217 = ORIENTED_EDGE ( 'NONE', *, *, #186, .F. ) ;
#218 = ADVANCED_FACE ( 'NONE', ( #1194 ), #643, .F. ) ;
#219 = DIRECTION ( 'NONE',  ( 1.000000000000000000, -0.000000000000000000, -0.000000000000000000 ) ) ;
#220 = DIRECTION ( 'NONE',  ( -1.000000000000000000, -0.000000000000000000, 0.000000000000000000 ) ) ;
#221 = DIRECTION ( 'NONE',  ( 0.000000000000000000, 0.000000000000000000, -1.000000000000000000 ) ) ;
#222 = ORIENTED_EDGE ( 'NONE', *, *, #422, .T. ) ;
#223 = APPLICATION_PROTOCOL_DEFINITION ( 'international standard', 'config_control_design', 1994, #2086 ) ;
#224 = ORIENTED_EDGE ( 'NONE', *, *, #1939, .T. ) ;
#225 = AXIS2_PLACEMENT_3D ( 'NONE', #2345, #2359, #1644 ) ;
#226 = EDGE_LOOP ( 'NONE', ( #738, #414 ) ) ;
#227 = LINE ( 'NONE', #921, #310 ) ;
#228 = DIRECTION ( 'NONE',  ( 0.000000000000000000, 0.000000000000000000, 1.000000000000000000 ) ) ;
#229 = EDGE_LOOP ( 'NONE', ( #200, #1406, #645, #1737 ) ) ;
#230 = FACE_OUTER_BOUND ( 'NONE', #714, .T. ) ;
#231 = DIRECTION ( 'NONE',  ( 1.000000000000000000, -0.000000000000000000, -0.000000000000000000 ) ) ;
#232 = CARTESIAN_POINT ( 'NONE',  ( 20.00000000000000000, 81.56047049807712312, -536.1590836774201989 ) ) ;
#233 = ORIENTED_EDGE ( 'NONE', *, *, #1731, .F. ) ;
#234 = PERSON_AND_ORGANIZATION ( #1794, #28 ) ;
#235 = ADVANCED_FACE ( 'NONE', ( #1926 ), #2122, .T. ) ;
#236 = AXIS2_PLACEMENT_3D ( 'NONE', #1018, #1005, #849 ) ;
#237 = ORIENTED_EDGE ( 'NONE', *, *, #1950, .T. ) ;
#238 = ORIENTED_EDGE ( 'NONE', *, *, #768, .F. ) ;
#239 = DIRECTION ( 'NONE',  ( 0.000000000000000000, 0.000000000000000000, -1.000000000000000000 ) ) ;
#240 = LINE ( 'NONE', #1697, #507 ) ;
#241 = ORIENTED_EDGE ( 'NONE', *, *, #1495, .T. ) ;
#242 = DIRECTION ( 'NONE',  ( -1.000000000000000000, -0.000000000000000000, -0.000000000000000000 ) ) ;
#243 = CARTESIAN_POINT ( 'NONE',  ( 20.00000000000000000, 207.5436840090796409, -510.2293733783387211 ) ) ;
#244 = CARTESIAN_POINT ( 'NONE',  ( 20.00000000000000000, 244.9981528907290169, -54.64683370882156055 ) ) ;
#245 = ORIENTED_EDGE ( 'NONE', *, *, #542, .F. ) ;
#246 = AXIS2_PLACEMENT_3D ( 'NONE', #1140, #971, #2267 ) ;
#247 = ORIENTED_EDGE ( 'NONE', *, *, #980, .F. ) ;
#248 = EDGE_CURVE ( 'NONE', #1281, #135, #1875, .T. ) ;
#249 = FACE_BOUND ( 'NONE', #788, .T. ) ;
#250 = DIRECTION ( 'NONE',  ( 1.000000000000000000, -0.000000000000000000, -0.000000000000000000 ) ) ;
#251 = CIRCLE ( 'NONE', #863, 5.500000000000005329 ) ;
#252 = VERTEX_POINT ( 'NONE', #1862 ) ;
#253 = CIRCLE ( 'NONE', #561, 10.00000000000000000 ) ;
#254 = LINE ( 'NONE', #843, #981 ) ;
#255 = DIRECTION ( 'NONE',  ( -1.000000000000000000, -0.000000000000000000, -0.000000000000000000 ) ) ;
#256 = DIRECTION ( 'NONE',  ( -1.000000000000000000, 0.000000000000000000, 0.000000000000000000 ) ) ;
#257 = VERTEX_POINT ( 'NONE', #398 ) ;
#258 = CIRCLE ( 'NONE', #2021, 5.500000000000005329 ) ;
#259 = DIRECTION ( 'NONE',  ( 0.000000000000000000, 0.000000000000000000, -1.000000000000000000 ) ) ;
#260 = AXIS2_PLACEMENT_3D ( 'NONE', #295, #1035, #2133 ) ;
#261 = EDGE_CURVE ( 'NONE', #1440, #1951, #2235, .T. ) ;
#262 = EDGE_CURVE ( 'NONE', #2068, #375, #723, .T. ) ;
#263 = PLANE ( 'NONE',  #1151 ) ;
#264 = CARTESIAN_POINT ( 'NONE',  ( 20.00000000000000000, 145.5735627685324403, -455.8022231676997649 ) ) ;
#265 = EDGE_CURVE ( 'NONE', #416, #2184, #184, .T. ) ;
#266 = ORIENTED_EDGE ( 'NONE', *, *, #86, .F. ) ;
#267 = EDGE_CURVE ( 'NONE', #636, #1713, #143, .T. ) ;
#268 = CARTESIAN_POINT ( 'NONE',  ( 20.00000000000000000, 0.000000000000000000, -640.0000000000000000 ) ) ;
#269 = DIRECTION ( 'NONE',  ( 0.000000000000000000, 0.000000000000000000, -1.000000000000000000 ) ) ;
#270 = DIRECTION ( 'NONE',  ( 1.000000000000000000, -0.000000000000000000, -0.000000000000000000 ) ) ;
#271 = EDGE_LOOP ( 'NONE', ( #332, #266, #425, #343 ) ) ;
#272 = DIRECTION ( 'NONE',  ( 0.000000000000000000, 0.000000000000000000, -1.000000000000000000 ) ) ;
#273 = ORIENTED_EDGE ( 'NONE', *, *, #172, .T. ) ;
#274 = CIRCLE ( 'NONE', #1269, 3.500000000000003109 ) ;
#275 = APPLICATION_CONTEXT ( 'configuration controlled 3d designs of mechanical parts and assemblies' ) ;
#276 = AXIS2_PLACEMENT_3D ( 'NONE', #1059, #1792, #1459 ) ;
#277 = FACE_BOUND ( 'NONE', #831, .T. ) ;
#278 = CARTESIAN_POINT ( 'NONE',  ( 20.00000000000000000, 170.0892151274302364, -297.7603862678912492 ) ) ;
#279 = ORIENTED_EDGE ( 'NONE', *, *, #1158, .T. ) ;
#280 = ADVANCED_FACE ( 'NONE', ( #1886 ), #434, .F. ) ;
#281 = LINE ( 'NONE', #1587, #830 ) ;
#282 = FACE_OUTER_BOUND ( 'NONE', #1004, .T. ) ;
#283 = FACE_OUTER_BOUND ( 'NONE', #1876, .T. ) ;
#284 = VERTEX_POINT ( 'NONE', #1167 ) ;
#285 = CYLINDRICAL_SURFACE ( 'NONE', #1180, 4.199999999999995737 ) ;
#286 = VERTEX_POINT ( 'NONE', #2060 ) ;
#287 = AXIS2_PLACEMENT_3D ( 'NONE', #804, #1533, #589 ) ;
#288 = AXIS2_PLACEMENT_3D ( 'NONE', #93, #1563, #2194 ) ;
#289 = DIRECTION ( 'NONE',  ( 0.000000000000000000, 0.000000000000000000, 1.000000000000000000 ) ) ;
#290 = CARTESIAN_POINT ( 'NONE',  ( 0.000000000000000000, 95.86126770743412351, -483.5757017060464023 ) ) ;
#291 = ORIENTED_EDGE ( 'NONE', *, *, #557, .T. ) ;
#292 = DIRECTION ( 'NONE',  ( -1.000000000000000000, -0.000000000000000000, -0.000000000000000000 ) ) ;
#293 = FACE_BOUND ( 'NONE', #2022, .T. ) ;
#294 = EDGE_CURVE ( 'NONE', #87, #842, #1029, .T. ) ;
#295 = CARTESIAN_POINT ( 'NONE',  ( 0.000000000000000000, 235.8599999999999852, -25.00000000000000000 ) ) ;
#296 = CIRCLE ( 'NONE', #639, 4.200000000000009059 ) ;
#297 = CARTESIAN_POINT ( 'NONE',  ( 20.00000000000000000, 145.5735627685324403, -444.8022231676997649 ) ) ;
#298 = ORIENTED_EDGE ( 'NONE', *, *, #861, .T. ) ;
#299 = VECTOR ( 'NONE', #1049, 1000.000000000000000 ) ;
#300 = FACE_OUTER_BOUND ( 'NONE', #1711, .T. ) ;
#301 = FACE_OUTER_BOUND ( 'NONE', #2276, .T. ) ;
#302 = ORIENTED_EDGE ( 'NONE', *, *, #1435, .T. ) ;
#303 = VECTOR ( 'NONE', #1306, 1000.000000000000000 ) ;
#304 = CARTESIAN_POINT ( 'NONE',  ( 20.00000000000000000, 41.38204024321683505, -444.8113293913697817 ) ) ;
#305 = FACE_BOUND ( 'NONE', #1375, .T. ) ;
#306 = CARTESIAN_POINT ( 'NONE',  ( 20.00000000000000000, 125.1438524694509766, -76.43852469450851572 ) ) ;
#307 = ORIENTED_EDGE ( 'NONE', *, *, #189, .T. ) ;
#308 = EDGE_CURVE ( 'NONE', #119, #353, #1675, .T. ) ;
#309 = CARTESIAN_POINT ( 'NONE',  ( 20.00000000000000000, 170.0892151274302364, -299.7603862678912492 ) ) ;
#310 = VECTOR ( 'NONE', #958, 1000.000000000000000 ) ;
#311 = CARTESIAN_POINT ( 'NONE',  ( 0.000000000000000000, 151.0214855149542075, -382.2031888374281152 ) ) ;
#312 = DIRECTION ( 'NONE',  ( 0.000000000000000000, 0.000000000000000000, -1.000000000000000000 ) ) ;
#313 = AXIS2_PLACEMENT_3D ( 'NONE', #1997, #2349, #376 ) ;
#314 = ORIENTED_EDGE ( 'NONE', *, *, #1506, .F. ) ;
#315 = LINE ( 'NONE', #1046, #1880 ) ;
#316 = FACE_OUTER_BOUND ( 'NONE', #758, .T. ) ;
#317 = ORIENTED_EDGE ( 'NONE', *, *, #1691, .F. ) ;
#318 = CARTESIAN_POINT ( 'NONE',  ( 20.00000000000000000, 63.17373122890378312, -250.1431394902793954 ) ) ;
#319 = EDGE_CURVE ( 'NONE', #1037, #1280, #1145, .T. ) ;
#320 = VECTOR ( 'NONE', #1315, 1000.000000000000000 ) ;
#321 = LINE ( 'NONE', #1051, #1424 ) ;
#322 = CARTESIAN_POINT ( 'NONE',  ( 20.00000000000000000, 125.1438524694509766, -76.43852469450851572 ) ) ;
#323 = VERTEX_POINT ( 'NONE', #1688 ) ;
#324 = AXIS2_PLACEMENT_3D ( 'NONE', #1991, #520, #917 ) ;
#325 = CARTESIAN_POINT ( 'NONE',  ( 20.00000000000000000, 188.4759543966035835, -187.4920279064295414 ) ) ;
#326 = CARTESIAN_POINT ( 'NONE',  ( -3.673940397442058882E-17, 69.99999999999998579, -25.00000000000000000 ) ) ;
#327 = DIRECTION ( 'NONE',  ( 1.000000000000000000, -0.000000000000000000, -0.000000000000000000 ) ) ;
#328 = CIRCLE ( 'NONE', #2284, 5.500000000000005329 ) ;
#329 = VERTEX_POINT ( 'NONE', #232 ) ;
#330 = AXIS2_PLACEMENT_3D ( 'NONE', #1958, #1023, #1778 ) ;
#331 = LINE ( 'NONE', #1074, #1756 ) ;
#332 = ORIENTED_EDGE ( 'NONE', *, *, #536, .F. ) ;
#333 = DIRECTION ( 'NONE',  ( -1.000000000000000000, 0.000000000000000000, 0.000000000000000000 ) ) ;
#334 = DIRECTION ( 'NONE',  ( 1.000000000000000000, -0.000000000000000000, -0.000000000000000000 ) ) ;
#335 = ORIENTED_EDGE ( 'NONE', *, *, #2289, .T. ) ;
#336 = ADVANCED_FACE ( 'NONE', ( #40 ), #2034, .T. ) ;
#337 = CIRCLE ( 'NONE', #523, 5.500000000000005329 ) ;
#338 = EDGE_CURVE ( 'NONE', #102, #1676, #1343, .T. ) ;
#339 = CARTESIAN_POINT ( 'NONE',  ( 0.000000000000000000, 69.99999999999998579, -20.80000000000000426 ) ) ;
#340 = CARTESIAN_POINT ( 'NONE',  ( 20.00000000000000000, 129.9107848725699625, -227.7134291911979176 ) ) ;
#341 = AXIS2_PLACEMENT_3D ( 'NONE', #2325, #887, #912 ) ;
#342 = LINE ( 'NONE', #552, #1231 ) ;
#343 = ORIENTED_EDGE ( 'NONE', *, *, #68, .T. ) ;
#344 = CARTESIAN_POINT ( 'NONE',  ( -3.673940397442058882E-17, 235.8599999999999852, -620.8000000000000682 ) ) ;
#345 = LINE ( 'NONE', #519, #424 ) ;
#346 = FACE_OUTER_BOUND ( 'NONE', #2333, .T. ) ;
#347 = VERTEX_POINT ( 'NONE', #2072 ) ;
#348 = CIRCLE ( 'NONE', #1766, 5.500000000000005329 ) ;
#349 = DIRECTION ( 'NONE',  ( 0.000000000000000000, 0.000000000000000000, 1.000000000000000000 ) ) ;
#350 = DIRECTION ( 'NONE',  ( 0.000000000000000000, 0.000000000000000000, -1.000000000000000000 ) ) ;
#351 = ORIENTED_EDGE ( 'NONE', *, *, #1753, .T. ) ;
#352 = ADVANCED_FACE ( 'NONE', ( #938 ), #786, .F. ) ;
#353 = VERTEX_POINT ( 'NONE', #582 ) ;
#354 = CARTESIAN_POINT ( 'NONE',  ( 20.00000000000000000, 41.38204024321683505, -440.8113293913697817 ) ) ;
#355 = ADVANCED_FACE ( 'NONE', ( #1354 ), #1514, .F. ) ;
#356 = ORIENTED_EDGE ( 'NONE', *, *, #438, .F. ) ;
#357 = DIRECTION ( 'NONE',  ( 1.000000000000000000, -0.000000000000000000, -0.000000000000000000 ) ) ;
#358 = EDGE_LOOP ( 'NONE', ( #1355, #1542 ) ) ;
#359 = DIRECTION ( 'NONE',  ( 0.000000000000000000, 0.000000000000000000, -1.000000000000000000 ) ) ;
#360 = DIRECTION ( 'NONE',  ( 0.000000000000000000, 0.000000000000000000, 1.000000000000000000 ) ) ;
#361 = ORIENTED_EDGE ( 'NONE', *, *, #130, .T. ) ;
#362 = CARTESIAN_POINT ( 'NONE',  ( 20.00000000000000000, 125.1438524694509766, -70.93852469450851572 ) ) ;
#363 = DIRECTION ( 'NONE',  ( -1.000000000000000000, -0.000000000000000000, -0.000000000000000000 ) ) ;
#364 = VECTOR ( 'NONE', #1620, 1000.000000000000000 ) ;
#365 = ORIENTED_EDGE ( 'NONE', *, *, #438, .T. ) ;
#366 = CARTESIAN_POINT ( 'NONE',  ( 0.000000000000000000, 150.3404951716514404, -535.4260160805391706 ) ) ;
#367 = EDGE_CURVE ( 'NONE', #2252, #722, #650, .T. ) ;
#368 = ORIENTED_EDGE ( 'NONE', *, *, #1832, .F. ) ;
#369 = EDGE_CURVE ( 'NONE', #625, #1357, #1710, .T. ) ;
#370 = ORIENTED_EDGE ( 'NONE', *, *, #806, .F. ) ;
#371 = DIRECTION ( 'NONE',  ( 1.000000000000000000, -0.000000000000000000, -0.000000000000000000 ) ) ;
#372 = CARTESIAN_POINT ( 'NONE',  ( 20.00000000000000000, 207.5436840090796409, -515.7293733783387779 ) ) ;
#373 = CIRCLE ( 'NONE', #65, 4.199999999999981526 ) ;
#374 = LINE ( 'NONE', #1827, #1205 ) ;
#375 = VERTEX_POINT ( 'NONE', #388 ) ;
#376 = DIRECTION ( 'NONE',  ( 0.000000000000000000, 0.000000000000000000, -1.000000000000000000 ) ) ;
#377 = ORIENTED_EDGE ( 'NONE', *, *, #1950, .F. ) ;
#378 = DIRECTION ( 'NONE',  ( 1.000000000000000000, 0.000000000000000000, 0.000000000000000000 ) ) ;
#379 = ORIENTED_EDGE ( 'NONE', *, *, #631, .T. ) ;
#380 = EDGE_CURVE ( 'NONE', #1280, #2251, #415, .T. ) ;
#381 = DIRECTION ( 'NONE',  ( 1.000000000000000000, -0.000000000000000000, -0.000000000000000000 ) ) ;
#382 = LINE ( 'NONE', #1117, #1282 ) ;
#383 = ORIENTED_EDGE ( 'NONE', *, *, #1556, .F. ) ;
#384 = ORIENTED_EDGE ( 'NONE', *, *, #1041, .F. ) ;
#385 = CIRCLE ( 'NONE', #1729, 4.200000000000009059 ) ;
#386 = DIRECTION ( 'NONE',  ( 0.000000000000000000, 0.000000000000000000, -1.000000000000000000 ) ) ;
#387 = CIRCLE ( 'NONE', #2153, 3.500000000000003109 ) ;
#388 = CARTESIAN_POINT ( 'NONE',  ( 0.000000000000000000, 95.86126770743412351, -490.5757017060464023 ) ) ;
#389 = EDGE_LOOP ( 'NONE', ( #1739, #361, #391, #838 ) ) ;
#390 = PERSON_AND_ORGANIZATION_ROLE ( 'classification_officer' ) ;
#391 = ORIENTED_EDGE ( 'NONE', *, *, #1639, .T. ) ;
#392 = EDGE_CURVE ( 'NONE', #2061, #2184, #1248, .T. ) ;
#393 = CARTESIAN_POINT ( 'NONE',  ( 20.00000000000000000, 95.86126770743412351, -487.0757017060464023 ) ) ;
#394 = CARTESIAN_POINT ( 'NONE',  ( 20.00000000000000000, 235.8599999999999852, -629.1999999999999318 ) ) ;
#395 = VERTEX_POINT ( 'NONE', #1803 ) ;
#396 = DIRECTION ( 'NONE',  ( 0.000000000000000000, 0.000000000000000000, -1.000000000000000000 ) ) ;
#397 = DIRECTION ( 'NONE',  ( 1.000000000000000000, -0.000000000000000000, -0.000000000000000000 ) ) ;
#398 = CARTESIAN_POINT ( 'NONE',  ( 0.000000000000000000, 249.7650852938480170, -581.1474173653076605 ) ) ;
#399 = AXIS2_PLACEMENT_3D ( 'NONE', #671, #1954, #1374 ) ;
#400 = ORIENTED_EDGE ( 'NONE', *, *, #521, .F. ) ;
#401 = ORIENTED_EDGE ( 'NONE', *, *, #2257, .F. ) ;
#402 = CIRCLE ( 'NONE', #1097, 4.199999999999981526 ) ;
#403 = AXIS2_PLACEMENT_3D ( 'NONE', #615, #808, #2096 ) ;
#404 = CYLINDRICAL_SURFACE ( 'NONE', #810, 2.000000000000001776 ) ;
#405 = DIRECTION ( 'NONE',  ( 0.000000000000000000, 0.000000000000000000, -1.000000000000000000 ) ) ;
#406 = ORIENTED_EDGE ( 'NONE', *, *, #1111, .F. ) ;
#407 = ADVANCED_FACE ( 'NONE', ( #1981 ), #1632, .F. ) ;
#408 = VECTOR ( 'NONE', #1232, 1000.000000000000000 ) ;
#409 = DIRECTION ( 'NONE',  ( 1.000000000000000000, -0.000000000000000000, -0.000000000000000000 ) ) ;
#410 = CARTESIAN_POINT ( 'NONE',  ( 0.000000000000000000, 81.56047049807712312, -530.6590836774201989 ) ) ;
#411 = CARTESIAN_POINT ( 'NONE',  ( 20.00000000000000000, 44.10600161642773998, -107.7640804864334854 ) ) ;
#412 = EDGE_LOOP ( 'NONE', ( #699, #776, #586, #1813 ) ) ;
#413 = CIRCLE ( 'NONE', #991, 3.500000000000003109 ) ;
#414 = ORIENTED_EDGE ( 'NONE', *, *, #1714, .T. ) ;
#415 = CIRCLE ( 'NONE', #34, 2.000000000000001776 ) ;
#416 = VERTEX_POINT ( 'NONE', #362 ) ;
#417 = CARTESIAN_POINT ( 'NONE',  ( 20.00000000000000000, 251.1270659804534660, -152.7094431444127167 ) ) ;
#418 = CYLINDRICAL_SURFACE ( 'NONE', #246, 5.500000000000005329 ) ;
#419 = ORIENTED_EDGE ( 'NONE', *, *, #1383, .F. ) ;
#420 = DIRECTION ( 'NONE',  ( 1.000000000000000000, -0.000000000000000000, -0.000000000000000000 ) ) ;
#421 = CARTESIAN_POINT ( 'NONE',  ( 0.000000000000000000, 55.00184710927118914, -606.3440600675081669 ) ) ;
#422 = EDGE_CURVE ( 'NONE', #1624, #1147, #1380, .T. ) ;
#423 = DIRECTION ( 'NONE',  ( 0.000000000000000000, 0.000000000000000000, -1.000000000000000000 ) ) ;
#424 = VECTOR ( 'NONE', #1774, 1000.000000000000000 ) ;
#425 = ORIENTED_EDGE ( 'NONE', *, *, #261, .T. ) ;
#426 = AXIS2_PLACEMENT_3D ( 'NONE', #139, #872, #508 ) ;
#427 = ORIENTED_EDGE ( 'NONE', *, *, #120, .T. ) ;
#428 = ORIENTED_EDGE ( 'NONE', *, *, #1773, .F. ) ;
#429 = LINE ( 'NONE', #1740, #1841 ) ;
#430 = DIRECTION ( 'NONE',  ( 0.000000000000000000, 1.000000000000000000, 0.000000000000000000 ) ) ;
#431 = EDGE_LOOP ( 'NONE', ( #1529, #796, #1852, #379 ) ) ;
#432 = DIRECTION ( 'NONE',  ( 0.000000000000000000, 0.000000000000000000, -1.000000000000000000 ) ) ;
#433 = CARTESIAN_POINT ( 'NONE',  ( 0.000000000000000000, 125.1438524694509766, -76.43852469450851572 ) ) ;
#434 = CYLINDRICAL_SURFACE ( 'NONE', #1986, 2.000000000000001776 ) ;
#435 = EDGE_LOOP ( 'NONE', ( #1283, #672 ) ) ;
#436 = EDGE_CURVE ( 'NONE', #1444, #152, #1183, .T. ) ;
#437 = DIRECTION ( 'NONE',  ( -1.000000000000000000, -0.000000000000000000, -0.000000000000000000 ) ) ;
#438 = EDGE_CURVE ( 'NONE', #1889, #968, #2173, .T. ) ;
#439 = CARTESIAN_POINT ( 'NONE',  ( 0.000000000000000000, 265.4278631898104663, -344.7916909856868415 ) ) ;
#440 = DIRECTION ( 'NONE',  ( -1.000000000000000000, -0.000000000000000000, -0.000000000000000000 ) ) ;
#441 = AXIS2_PLACEMENT_3D ( 'NONE', #936, #1305, #1848 ) ;
#442 = ORIENTED_EDGE ( 'NONE', *, *, #1233, .F. ) ;
#443 = AXIS2_PLACEMENT_3D ( 'NONE', #1588, #1193, #2317 ) ;
#444 = DIRECTION ( 'NONE',  ( 0.000000000000000000, 0.000000000000000000, -1.000000000000000000 ) ) ;
#445 = CYLINDRICAL_SURFACE ( 'NONE', #832, 2.000000000000001776 ) ;
#446 = DIRECTION ( 'NONE',  ( 1.000000000000000000, -0.000000000000000000, -0.000000000000000000 ) ) ;
#447 = ORIENTED_EDGE ( 'NONE', *, *, #1612, .F. ) ;
#448 = DIRECTION ( 'NONE',  ( -1.000000000000000000, -0.000000000000000000, -0.000000000000000000 ) ) ;
#449 = CC_DESIGN_DATE_AND_TIME_ASSIGNMENT ( #16, #1798, ( #869 ) ) ;
#450 = VERTEX_POINT ( 'NONE', #1789 ) ;
#451 = VECTOR ( 'NONE', #1400, 1000.000000000000000 ) ;
#452 = AXIS2_PLACEMENT_3D ( 'NONE', #875, #2371, #735 ) ;
#453 = ADVANCED_FACE ( 'NONE', ( #900 ), #501, .F. ) ;
#454 = ADVANCED_FACE ( 'NONE', ( #709 ), #1466, .F. ) ;
#455 = FACE_BOUND ( 'NONE', #1621, .T. ) ;
#456 = CARTESIAN_POINT ( 'NONE',  ( 20.00000000000000000, 207.5436840090796409, -510.2293733783387211 ) ) ;
#457 = ORIENTED_EDGE ( 'NONE', *, *, #952, .F. ) ;
#458 = DIRECTION ( 'NONE',  ( 1.000000000000000000, -0.000000000000000000, -0.000000000000000000 ) ) ;
#459 = CARTESIAN_POINT ( 'NONE',  ( 20.00000000000000000, 41.38204024321683505, -442.8113293913697817 ) ) ;
#460 = CARTESIAN_POINT ( 'NONE',  ( 20.00000000000000000, 239.5502301443072781, -246.0051201768848159 ) ) ;
#461 = ORIENTED_EDGE ( 'NONE', *, *, #261, .F. ) ;
#462 = CARTESIAN_POINT ( 'NONE',  ( 0.000000000000000000, 244.9981528907290169, -49.14683370882156055 ) ) ;
#463 = ORIENTED_EDGE ( 'NONE', *, *, #367, .T. ) ;
#464 = CIRCLE ( 'NONE', #1390, 5.500000000000005329 ) ;
#465 = APPROVAL ( #1864, 'UNSPECIFIED' ) ;
#466 = FACE_BOUND ( 'NONE', #1197, .T. ) ;
#467 = DIRECTION ( 'NONE',  ( -1.000000000000000000, -0.000000000000000000, -0.000000000000000000 ) ) ;
#468 = ORIENTED_EDGE ( 'NONE', *, *, #993, .T. ) ;
#469 = DIRECTION ( 'NONE',  ( 1.000000000000000000, -0.000000000000000000, -0.000000000000000000 ) ) ;
#470 = FACE_BOUND ( 'NONE', #2119, .T. ) ;
#471 = CARTESIAN_POINT ( 'NONE',  ( 20.00000000000000000, 290.0000000000000000, -10.00000000000000000 ) ) ;
#472 = CARTESIAN_POINT ( 'NONE',  ( 0.000000000000000000, 249.7650852938480170, -577.6474173653076605 ) ) ;
#473 = ORIENTED_EDGE ( 'NONE', *, *, #56, .F. ) ;
#474 = CIRCLE ( 'NONE', #1623, 10.00000000000000888 ) ;
#475 = AXIS2_PLACEMENT_3D ( 'NONE', #1395, #850, #1909 ) ;
#476 = DIRECTION ( 'NONE',  ( 1.000000000000000000, 0.000000000000000000, -0.000000000000000000 ) ) ;
#477 = FACE_OUTER_BOUND ( 'NONE', #1228, .T. ) ;
#478 = ORIENTED_EDGE ( 'NONE', *, *, #506, .F. ) ;
#479 = APPROVAL ( #927, 'UNSPECIFIED' ) ;
#480 = CARTESIAN_POINT ( 'NONE',  ( 20.00000000000000000, 81.56047049807712312, -530.6590836774201989 ) ) ;
#481 = CARTESIAN_POINT ( 'NONE',  ( 20.00000000000000000, 186.4329833666954528, -88.69635087395732853 ) ) ;
#482 = EDGE_CURVE ( 'NONE', #1887, #750, #179, .T. ) ;
#483 = CARTESIAN_POINT ( 'NONE',  ( 0.000000000000000000, 207.5436840090796409, -346.0586233888058132 ) ) ;
#484 = EDGE_CURVE ( 'NONE', #1585, #1927, #1418, .T. ) ;
#485 = ORIENTED_EDGE ( 'NONE', *, *, #1290, .T. ) ;
#486 = AXIS2_PLACEMENT_3D ( 'NONE', #76, #1016, #259 ) ;
#487 = CARTESIAN_POINT ( 'NONE',  ( 20.00000000000000000, 249.7650852938480170, -581.1474173653076605 ) ) ;
#488 = CARTESIAN_POINT ( 'NONE',  ( 20.00000000000000000, 235.8599999999999852, -25.00000000000000000 ) ) ;
#489 = ORIENTED_EDGE ( 'NONE', *, *, #1735, .F. ) ;
#490 = DIRECTION ( 'NONE',  ( 0.000000000000000000, 0.000000000000000000, -1.000000000000000000 ) ) ;
#491 = DIRECTION ( 'NONE',  ( 1.000000000000000000, -0.000000000000000000, -0.000000000000000000 ) ) ;
#492 = EDGE_CURVE ( 'NONE', #1163, #1255, #1682, .T. ) ;
#493 = VERTEX_POINT ( 'NONE', #2186 ) ;
#494 = CARTESIAN_POINT ( 'NONE',  ( 20.00000000000000000, 265.4278631898104663, -344.7916909856868415 ) ) ;
#495 = VECTOR ( 'NONE', #1103, 1000.000000000000000 ) ;
#496 = ORIENTED_EDGE ( 'NONE', *, *, #861, .F. ) ;
#497 = CARTESIAN_POINT ( 'NONE',  ( 20.00000000000000000, 44.10600161642773998, -111.2640804864334854 ) ) ;
#498 = DIRECTION ( 'NONE',  ( -1.000000000000000000, -0.000000000000000000, -0.000000000000000000 ) ) ;
#499 = VECTOR ( 'NONE', #2368, 1000.000000000000000 ) ;
#500 = ORIENTED_EDGE ( 'NONE', *, *, #2185, .T. ) ;
#501 = CYLINDRICAL_SURFACE ( 'NONE', #452, 3.500000000000003109 ) ;
#502 = CYLINDRICAL_SURFACE ( 'NONE', #330, 5.500000000000005329 ) ;
#503 = DIRECTION ( 'NONE',  ( -1.000000000000000000, -0.000000000000000000, 0.000000000000000000 ) ) ;
#504 = ORIENTED_EDGE ( 'NONE', *, *, #930, .F. ) ;
#505 = DIRECTION ( 'NONE',  ( 1.000000000000000000, -0.000000000000000000, -0.000000000000000000 ) ) ;
#506 = EDGE_CURVE ( 'NONE', #750, #1275, #1451, .T. ) ;
#507 = VECTOR ( 'NONE', #1337, 1000.000000000000000 ) ;
#508 = DIRECTION ( 'NONE',  ( 1.000000000000000000, 0.000000000000000000, -0.000000000000000000 ) ) ;
#509 = DIRECTION ( 'NONE',  ( 1.000000000000000000, -0.000000000000000000, -0.000000000000000000 ) ) ;
#510 = ORIENTED_EDGE ( 'NONE', *, *, #1844, .F. ) ;
#511 = DIRECTION ( 'NONE',  ( 0.000000000000000000, 0.000000000000000000, -1.000000000000000000 ) ) ;
#512 = DIRECTION ( 'NONE',  ( 1.000000000000000000, -0.000000000000000000, -0.000000000000000000 ) ) ;
#513 = CARTESIAN_POINT ( 'NONE',  ( 20.00000000000000000, 41.38204024321683505, -444.8113293913697817 ) ) ;
#514 = VECTOR ( 'NONE', #219, 1000.000000000000000 ) ;
#515 = EDGE_LOOP ( 'NONE', ( #1879, #15, #237, #2004 ) ) ;
#516 = CIRCLE ( 'NONE', #1561, 5.500000000000005329 ) ;
#517 = LINE ( 'NONE', #309, #299 ) ;
#518 = CIRCLE ( 'NONE', #1411, 10.00000000000000888 ) ;
#519 = CARTESIAN_POINT ( 'NONE',  ( 20.00000000000000000, 263.3848921599023356, -444.8022231676997649 ) ) ;
#520 = DIRECTION ( 'NONE',  ( 1.000000000000000000, -0.000000000000000000, -0.000000000000000000 ) ) ;
#521 = EDGE_CURVE ( 'NONE', #2227, #1889, #2226, .T. ) ;
#522 = ORIENTED_EDGE ( 'NONE', *, *, #2327, .F. ) ;
#523 = AXIS2_PLACEMENT_3D ( 'NONE', #2112, #1027, #1928 ) ;
#524 = EDGE_CURVE ( 'NONE', #1596, #1277, #2161, .T. ) ;
#525 = DIRECTION ( 'NONE',  ( 1.000000000000000000, -0.000000000000000000, -0.000000000000000000 ) ) ;
#526 = CYLINDRICAL_SURFACE ( 'NONE', #2010, 5.500000000000005329 ) ;
#527 = EDGE_LOOP ( 'NONE', ( #2238, #2314, #1080, #1543 ) ) ;
#528 = AXIS2_PLACEMENT_3D ( 'NONE', #411, #1723, #51 ) ;
#529 = CARTESIAN_POINT ( 'NONE',  ( 0.000000000000000000, 235.8599999999999852, -625.0000000000000000 ) ) ;
#530 = ORIENTED_EDGE ( 'NONE', *, *, #524, .F. ) ;
#531 = CARTESIAN_POINT ( 'NONE',  ( 20.00000000000000000, 150.3404951716514404, -533.4260160805391706 ) ) ;
#532 = ORIENTED_EDGE ( 'NONE', *, *, #189, .F. ) ;
#533 = CARTESIAN_POINT ( 'NONE',  ( 20.00000000000000000, 95.86126770743412351, -487.0757017060464023 ) ) ;
#534 = CARTESIAN_POINT ( 'NONE',  ( 20.00000000000000000, 125.1438524694509766, -81.93852469450851572 ) ) ;
#535 = VERTEX_POINT ( 'NONE', #724 ) ;
#536 = EDGE_CURVE ( 'NONE', #54, #59, #315, .T. ) ;
#537 = AXIS2_PLACEMENT_3D ( 'NONE', #133, #1456, #2335 ) ;
#538 = CARTESIAN_POINT ( 'NONE',  ( 20.00000000000000000, 207.5436840090796409, -351.5586233888058132 ) ) ;
#539 = FACE_BOUND ( 'NONE', #358, .T. ) ;
#540 = ORIENTED_EDGE ( 'NONE', *, *, #553, .T. ) ;
#541 = EDGE_LOOP ( 'NONE', ( #1603, #4, #716, #1098 ) ) ;
#542 = EDGE_CURVE ( 'NONE', #1901, #323, #2334, .T. ) ;
#543 = CARTESIAN_POINT ( 'NONE',  ( 20.00000000000000000, 10.00000000000000000, -640.0000000000000000 ) ) ;
#544 = ORIENTED_EDGE ( 'NONE', *, *, #2339, .F. ) ;
#545 = VERTEX_POINT ( 'NONE', #1273 ) ;
#546 = LINE ( 'NONE', #1463, #499 ) ;
#547 = CARTESIAN_POINT ( 'NONE',  ( 20.00000000000000000, 263.3848921599023356, -450.3022231676997649 ) ) ;
#548 = CARTESIAN_POINT ( 'NONE',  ( 20.00000000000000000, 151.0214855149542075, -382.2031888374281152 ) ) ;
#549 = LINE ( 'NONE', #2006, #206 ) ;
#550 = CIRCLE ( 'NONE', #1507, 5.500000000000005329 ) ;
#551 = ORIENTED_EDGE ( 'NONE', *, *, #1397, .T. ) ;
#552 = CARTESIAN_POINT ( 'NONE',  ( 0.000000000000000000, 235.8599999999999852, -629.1999999999999318 ) ) ;
#553 = EDGE_CURVE ( 'NONE', #59, #1951, #2305, .T. ) ;
#554 = EDGE_CURVE ( 'NONE', #2203, #1750, #1313, .T. ) ;
#555 = EDGE_LOOP ( 'NONE', ( #233, #1779, #1518, #1810 ) ) ;
#556 = PERSON_AND_ORGANIZATION ( #1794, #28 ) ;
#557 = EDGE_CURVE ( 'NONE', #2184, #416, #153, .T. ) ;
#558 = AXIS2_PLACEMENT_3D ( 'NONE', #784, #1673, #604 ) ;
#559 = EDGE_LOOP ( 'NONE', ( #544, #928 ) ) ;
#560 = EDGE_LOOP ( 'NONE', ( #1134, #1531, #1985, #851 ) ) ;
#561 = AXIS2_PLACEMENT_3D ( 'NONE', #627, #39, #963 ) ;
#562 = CARTESIAN_POINT ( 'NONE',  ( 20.00000000000000000, 300.0000000000000000, -10.00000000000000000 ) ) ;
#563 = FACE_OUTER_BOUND ( 'NONE', #389, .T. ) ;
#564 = LOCAL_TIME ( 11, 18, 5.000000000000000000, #199 ) ;
#565 = CYLINDRICAL_SURFACE ( 'NONE', #973, 3.499999999999947597 ) ;
#566 = ORIENTED_EDGE ( 'NONE', *, *, #1654, .F. ) ;
#567 = ORIENTED_EDGE ( 'NONE', *, *, #2024, .T. ) ;
#568 = FACE_OUTER_BOUND ( 'NONE', #431, .T. ) ;
#569 = AXIS2_PLACEMENT_3D ( 'NONE', #666, #270, #1736 ) ;
#570 = DIRECTION ( 'NONE',  ( 0.000000000000000000, 0.000000000000000000, -1.000000000000000000 ) ) ;
#571 = EDGE_LOOP ( 'NONE', ( #1382, #1590, #1519, #914 ) ) ;
#572 = PERSON_AND_ORGANIZATION ( #1794, #28 ) ;
#573 = ADVANCED_FACE ( 'NONE', ( #1668 ), #191, .F. ) ;
#574 = ORIENTED_EDGE ( 'NONE', *, *, #982, .T. ) ;
#575 = CARTESIAN_POINT ( 'NONE',  ( 0.000000000000000000, 129.9107848725699625, -227.7134291911979176 ) ) ;
#576 = CYLINDRICAL_SURFACE ( 'NONE', #90, 4.199999999999981526 ) ;
#577 = VERTEX_POINT ( 'NONE', #372 ) ;
#578 = AXIS2_PLACEMENT_3D ( 'NONE', #695, #1081, #349 ) ;
#579 = DIRECTION ( 'NONE',  ( 1.000000000000000000, -0.000000000000000000, -0.000000000000000000 ) ) ;
#580 = FACE_OUTER_BOUND ( 'NONE', #1316, .T. ) ;
#581 = AXIS2_PLACEMENT_3D ( 'NONE', #915, #1636, #1647 ) ;
#582 = CARTESIAN_POINT ( 'NONE',  ( 20.00000000000000000, 71.34561534853638420, -376.1263530012818705 ) ) ;
#583 = ORIENTED_EDGE ( 'NONE', *, *, #1762, .T. ) ;
#584 = APPROVAL_ROLE ( '' ) ;
#585 = ORIENTED_EDGE ( 'NONE', *, *, #144, .T. ) ;
#586 = ORIENTED_EDGE ( 'NONE', *, *, #1978, .T. ) ;
#587 = EDGE_CURVE ( 'NONE', #1642, #1077, #227, .T. ) ;
#588 = DIRECTION ( 'NONE',  ( 0.000000000000000000, 0.000000000000000000, -1.000000000000000000 ) ) ;
#589 = DIRECTION ( 'NONE',  ( 0.000000000000000000, 0.000000000000000000, -1.000000000000000000 ) ) ;
#590 = ORIENTED_EDGE ( 'NONE', *, *, #1397, .F. ) ;
#591 = CIRCLE ( 'NONE', #287, 3.500000000000003109 ) ;
#592 = CARTESIAN_POINT ( 'NONE',  ( 0.000000000000000000, 44.10600161642773998, -111.2640804864334854 ) ) ;
#593 = FACE_OUTER_BOUND ( 'NONE', #560, .T. ) ;
#594 = DIRECTION ( 'NONE',  ( 1.000000000000000000, -0.000000000000000000, -0.000000000000000000 ) ) ;
#595 = AXIS2_PLACEMENT_3D ( 'NONE', #1728, #1404, #81 ) ;
#596 = ORIENTED_EDGE ( 'NONE', *, *, #631, .F. ) ;
#597 = PERSON_AND_ORGANIZATION ( #1794, #28 ) ;
#598 = ORIENTED_EDGE ( 'NONE', *, *, #1907, .F. ) ;
#599 = AXIS2_PLACEMENT_3D ( 'NONE', #1501, #49, #207 ) ;
#600 = EDGE_CURVE ( 'NONE', #632, #416, #1683, .T. ) ;
#601 = DIRECTION ( 'NONE',  ( 0.000000000000000000, 0.000000000000000000, -1.000000000000000000 ) ) ;
#602 = DIRECTION ( 'NONE',  ( -1.000000000000000000, -0.000000000000000000, -0.000000000000000000 ) ) ;
#603 = ORIENTED_EDGE ( 'NONE', *, *, #2257, .T. ) ;
#604 = DIRECTION ( 'NONE',  ( 0.000000000000000000, 0.000000000000000000, -1.000000000000000000 ) ) ;
#605 = LINE ( 'NONE', #1352, #1291 ) ;
#606 = DIRECTION ( 'NONE',  ( 0.000000000000000000, 0.000000000000000000, -1.000000000000000000 ) ) ;
#607 = VERTEX_POINT ( 'NONE', #1301 ) ;
#608 = VECTOR ( 'NONE', #594, 1000.000000000000000 ) ;
#609 = VERTEX_POINT ( 'NONE', #2029 ) ;
#610 = CARTESIAN_POINT ( 'NONE',  ( 20.00000000000000000, 0.000000000000000000, -640.0000000000000000 ) ) ;
#611 = CARTESIAN_POINT ( 'NONE',  ( 0.000000000000000000, 151.0214855149542075, -378.7031888374281152 ) ) ;
#612 = EDGE_LOOP ( 'NONE', ( #1471, #478 ) ) ;
#613 = ADVANCED_FACE ( 'NONE', ( #1522 ), #2230, .F. ) ;
#614 = CARTESIAN_POINT ( 'NONE',  ( 20.00000000000000000, 239.5502301443072781, -246.0051201768848159 ) ) ;
#615 = CARTESIAN_POINT ( 'NONE',  ( 0.000000000000000000, 265.4278631898104663, -346.7916909856868415 ) ) ;
#616 = EDGE_CURVE ( 'NONE', #1176, #201, #274, .T. ) ;
#617 = DIRECTION ( 'NONE',  ( 0.000000000000000000, 0.000000000000000000, -1.000000000000000000 ) ) ;
#618 = EDGE_CURVE ( 'NONE', #939, #1484, #21, .T. ) ;
#619 = AXIS2_PLACEMENT_3D ( 'NONE', #1811, #883, #2342 ) ;
#620 = VERTEX_POINT ( 'NONE', #575 ) ;
#621 = CIRCLE ( 'NONE', #276, 3.500000000000003109 ) ;
#622 = DIRECTION ( 'NONE',  ( 1.000000000000000000, -0.000000000000000000, -0.000000000000000000 ) ) ;
#623 = FACE_BOUND ( 'NONE', #1366, .T. ) ;
#624 = DIRECTION ( 'NONE',  ( 1.000000000000000000, -0.000000000000000000, -0.000000000000000000 ) ) ;
#625 = VERTEX_POINT ( 'NONE', #1314 ) ;
#626 = DIRECTION ( 'NONE',  ( 0.000000000000000000, 0.000000000000000000, -1.000000000000000000 ) ) ;
#627 = CARTESIAN_POINT ( 'NONE',  ( 0.000000000000000000, 290.0000000000000000, -10.00000000000000000 ) ) ;
#628 = DIRECTION ( 'NONE',  ( 0.000000000000000000, 0.000000000000000000, -1.000000000000000000 ) ) ;
#629 = ORIENTED_EDGE ( 'NONE', *, *, #524, .T. ) ;
#630 = AXIS2_PLACEMENT_3D ( 'NONE', #2361, #1476, #1286 ) ;
#631 = EDGE_CURVE ( 'NONE', #131, #2310, #2190, .T. ) ;
#632 = VERTEX_POINT ( 'NONE', #1834 ) ;
#633 = CIRCLE ( 'NONE', #1934, 10.00000000000000000 ) ;
#634 = CARTESIAN_POINT ( 'NONE',  ( 0.000000000000000000, 71.34561534853638420, -376.1263530012818705 ) ) ;
#636 = VERTEX_POINT ( 'NONE', #1127 ) ;
#635 = ORIENTED_EDGE ( 'NONE', *, *, #123, .F. ) ;
#637 = FACE_BOUND ( 'NONE', #1462, .T. ) ;
#638 = DIRECTION ( 'NONE',  ( 0.000000000000000000, 0.000000000000000000, -1.000000000000000000 ) ) ;
#639 = AXIS2_PLACEMENT_3D ( 'NONE', #1884, #242, #61 ) ;
#640 = ORIENTED_EDGE ( 'NONE', *, *, #27, .T. ) ;
#641 = CARTESIAN_POINT ( 'NONE',  ( 20.00000000000000000, 249.7650852938480170, -574.1474173653077742 ) ) ;
#642 = DIRECTION ( 'NONE',  ( 0.000000000000000000, 0.000000000000000000, -1.000000000000000000 ) ) ;
#643 = CYLINDRICAL_SURFACE ( 'NONE', #2065, 3.500000000000003109 ) ;
#644 = ORIENTED_EDGE ( 'NONE', *, *, #392, .F. ) ;
#645 = ORIENTED_EDGE ( 'NONE', *, *, #2117, .T. ) ;
#646 = DIRECTION ( 'NONE',  ( 0.000000000000000000, 0.000000000000000000, 1.000000000000000000 ) ) ;
#647 = ORIENTED_EDGE ( 'NONE', *, *, #1643, .T. ) ;
#648 = AXIS2_PLACEMENT_3D ( 'NONE', #306, #1011, #628 ) ;
#649 = CC_DESIGN_PERSON_AND_ORGANIZATION_ASSIGNMENT ( #1308, #2062, ( #190 ) ) ;
#650 = CIRCLE ( 'NONE', #2107, 5.500000000000005329 ) ;
#651 = CARTESIAN_POINT ( 'NONE',  ( -3.673940397442058882E-17, 235.8599999999999852, -29.20000000000000995 ) ) ;
#652 = CARTESIAN_POINT ( 'NONE',  ( 0.000000000000000000, 150.3404951716514404, -533.4260160805391706 ) ) ;
#653 = VERTEX_POINT ( 'NONE', #931 ) ;
#654 = DIRECTION ( 'NONE',  ( 0.000000000000000000, 0.000000000000000000, -1.000000000000000000 ) ) ;
#655 = FACE_BOUND ( 'NONE', #1253, .T. ) ;
#656 = DIRECTION ( 'NONE',  ( 1.000000000000000000, -0.000000000000000000, -0.000000000000000000 ) ) ;
#657 = DIRECTION ( 'NONE',  ( 0.000000000000000000, 0.000000000000000000, -1.000000000000000000 ) ) ;
#658 = EDGE_LOOP ( 'NONE', ( #222, #1412 ) ) ;
#659 = CIRCLE ( 'NONE', #1153, 5.500000000000060396 ) ;
#660 = DIRECTION ( 'NONE',  ( -1.000000000000000000, 0.000000000000000000, 0.000000000000000000 ) ) ;
#661 = DIRECTION ( 'NONE',  ( 0.000000000000000000, 0.000000000000000000, -1.000000000000000000 ) ) ;
#662 = ADVANCED_FACE ( 'NONE', ( #2017 ), #404, .F. ) ;
#663 = ORIENTED_EDGE ( 'NONE', *, *, #1371, .F. ) ;
#664 = DIRECTION ( 'NONE',  ( 1.000000000000000000, -0.000000000000000000, -0.000000000000000000 ) ) ;
#665 = FACE_BOUND ( 'NONE', #1236, .T. ) ;
#666 = CARTESIAN_POINT ( 'NONE',  ( 20.00000000000000000, 55.00184710927118914, -602.8440600675082806 ) ) ;
#667 = ORIENTED_EDGE ( 'NONE', *, *, #1753, .F. ) ;
#668 = CYLINDRICAL_SURFACE ( 'NONE', #907, 2.000000000000001776 ) ;
#669 = CIRCLE ( 'NONE', #1401, 3.499999999999947597 ) ;
#670 = CARTESIAN_POINT ( 'NONE',  ( 0.000000000000000000, 239.5502301443072781, -246.0051201768848159 ) ) ;
#671 = CARTESIAN_POINT ( 'NONE',  ( -3.673940397442058882E-17, 69.99999999999998579, -625.0000000000000000 ) ) ;
#672 = ORIENTED_EDGE ( 'NONE', *, *, #554, .F. ) ;
#673 = EDGE_CURVE ( 'NONE', #257, #1658, #882, .T. ) ;
#674 = CARTESIAN_POINT ( 'NONE',  ( 20.00000000000000000, 188.4759543966035835, -176.4920279064295414 ) ) ;
#675 = CARTESIAN_POINT ( 'NONE',  ( 20.00000000000000000, 251.1270659804534660, -150.7094431444127167 ) ) ;
#676 = AXIS2_PLACEMENT_3D ( 'NONE', #1912, #292, #1225 ) ;
#677 = ORIENTED_EDGE ( 'NONE', *, *, #820, .F. ) ;
#678 = APPROVAL_PERSON_ORGANIZATION ( #234, #479, #1840 ) ;
#679 = CIRCLE ( 'NONE', #2178, 5.500000000000005329 ) ;
#680 = CARTESIAN_POINT ( 'NONE',  ( 0.000000000000000000, 290.0000000000000000, -650.0000000000000000 ) ) ;
#681 = CARTESIAN_POINT ( 'NONE',  ( 0.000000000000000000, 129.9107848725699625, -220.7134291911979176 ) ) ;
#682 = ORIENTED_EDGE ( 'NONE', *, *, #265, .T. ) ;
#683 = CARTESIAN_POINT ( 'NONE',  ( 20.00000000000000000, 95.86126770743412351, -487.0757017060464023 ) ) ;
#684 = CARTESIAN_POINT ( 'NONE',  ( 20.00000000000000000, 244.9981528907290169, -54.64683370882156055 ) ) ;
#685 = EDGE_CURVE ( 'NONE', #171, #37, #2206, .T. ) ;
#686 = CYLINDRICAL_SURFACE ( 'NONE', #1172, 10.00000000000000888 ) ;
#687 = EDGE_CURVE ( 'NONE', #577, #67, #659, .T. ) ;
#688 = ORIENTED_EDGE ( 'NONE', *, *, #791, .T. ) ;
#689 = DIRECTION ( 'NONE',  ( 0.000000000000000000, 0.000000000000000000, 1.000000000000000000 ) ) ;
#690 = CIRCLE ( 'NONE', #2037, 2.000000000000001776 ) ;
#691 = DIRECTION ( 'NONE',  ( 0.000000000000000000, 0.000000000000000000, -1.000000000000000000 ) ) ;
#692 = DIRECTION ( 'NONE',  ( 0.000000000000000000, 0.000000000000000000, -1.000000000000000000 ) ) ;
#693 = CIRCLE ( 'NONE', #1923, 5.500000000000005329 ) ;
#694 = ORIENTED_EDGE ( 'NONE', *, *, #1905, .T. ) ;
#695 = CARTESIAN_POINT ( 'NONE',  ( 20.00000000000000000, 290.0000000000000000, -10.00000000000000000 ) ) ;
#696 = DIRECTION ( 'NONE',  ( 0.000000000000000000, 0.000000000000000000, -1.000000000000000000 ) ) ;
#697 = CC_DESIGN_PERSON_AND_ORGANIZATION_ASSIGNMENT ( #1663, #1293, ( #891 ) ) ;
#698 = CARTESIAN_POINT ( 'NONE',  ( 0.000000000000000000, 0.000000000000000000, 0.000000000000000000 ) ) ;
#699 = ORIENTED_EDGE ( 'NONE', *, *, #2087, .F. ) ;
#700 = ADVANCED_FACE ( 'NONE', ( #563 ), #2041, .F. ) ;
#701 = DIRECTION ( 'NONE',  ( 0.000000000000000000, 0.000000000000000000, -1.000000000000000000 ) ) ;
#702 = EDGE_CURVE ( 'NONE', #722, #2252, #464, .T. ) ;
#703 = VECTOR ( 'NONE', #624, 1000.000000000000000 ) ;
#704 = ORIENTED_EDGE ( 'NONE', *, *, #1506, .T. ) ;
#705 = CARTESIAN_POINT ( 'NONE',  ( 0.000000000000000000, 63.17373122890378312, -244.6431394902793954 ) ) ;
#706 = DIRECTION ( 'NONE',  ( 0.000000000000000000, 0.000000000000000000, -1.000000000000000000 ) ) ;
#707 = VERTEX_POINT ( 'NONE', #57 ) ;
#708 = AXIS2_PLACEMENT_3D ( 'NONE', #278, #2116, #2126 ) ;
#709 = FACE_OUTER_BOUND ( 'NONE', #1152, .T. ) ;
#710 = FACE_OUTER_BOUND ( 'NONE', #1186, .T. ) ;
#711 = ORIENTED_EDGE ( 'NONE', *, *, #1113, .T. ) ;
#712 = DIRECTION ( 'NONE',  ( 1.000000000000000000, -0.000000000000000000, -0.000000000000000000 ) ) ;
#713 = AXIS2_PLACEMENT_3D ( 'NONE', #2210, #420, #396 ) ;
#714 = EDGE_LOOP ( 'NONE', ( #1504, #1118, #740, #1242 ) ) ;
#715 = CIRCLE ( 'NONE', #2320, 5.499999999999949374 ) ;
#716 = ORIENTED_EDGE ( 'NONE', *, *, #1012, .T. ) ;
#717 = EDGE_CURVE ( 'NONE', #1966, #2251, #793, .T. ) ;
#718 = AXIS2_PLACEMENT_3D ( 'NONE', #2003, #509, #1052 ) ;
#719 = DESIGN_CONTEXT ( 'detailed design', #275, 'design' ) ;
#720 = DIRECTION ( 'NONE',  ( 1.000000000000000000, -0.000000000000000000, -0.000000000000000000 ) ) ;
#721 = DIRECTION ( 'NONE',  ( 0.000000000000000000, 0.000000000000000000, -1.000000000000000000 ) ) ;
#722 = VERTEX_POINT ( 'NONE', #1716 ) ;
#723 = CIRCLE ( 'NONE', #1681, 3.500000000000003109 ) ;
#724 = CARTESIAN_POINT ( 'NONE',  ( -3.673940397442058882E-17, 235.8599999999999852, -629.1999999999999318 ) ) ;
#725 = LINE ( 'NONE', #1302, #2049 ) ;
#726 = ORIENTED_EDGE ( 'NONE', *, *, #1215, .F. ) ;
#727 = VECTOR ( 'NONE', #1237, 1000.000000000000000 ) ;
#728 = CARTESIAN_POINT ( 'NONE',  ( 0.000000000000000000, 10.00000000000000000, -640.0000000000000000 ) ) ;
#729 = VERTEX_POINT ( 'NONE', #439 ) ;
#730 = ORIENTED_EDGE ( 'NONE', *, *, #616, .F. ) ;
#731 = DIRECTION ( 'NONE',  ( 1.000000000000000000, -0.000000000000000000, -0.000000000000000000 ) ) ;
#732 = DIRECTION ( 'NONE',  ( 0.000000000000000000, 0.000000000000000000, -1.000000000000000000 ) ) ;
#733 = AXIS2_PLACEMENT_3D ( 'NONE', #2079, #105, #69 ) ;
#734 = ADVANCED_FACE ( 'NONE', ( #1174, #1763, #637, #1373, #2303, #803, #815, #116, #1030, #1547, #455, #1532, #1209, #1919, #466, #2266, #1894, #1394, #249, #300, #994, #277, #2092, #2293, #623, #1908, #1161, #1188 ), #263, .T. ) ;
#735 = DIRECTION ( 'NONE',  ( 0.000000000000000000, 0.000000000000000000, -1.000000000000000000 ) ) ;
#736 = CARTESIAN_POINT ( 'NONE',  ( 20.00000000000000000, 44.10600161642773998, -107.7640804864334854 ) ) ;
#737 = ORIENTED_EDGE ( 'NONE', *, *, #1086, .F. ) ;
#738 = ORIENTED_EDGE ( 'NONE', *, *, #1371, .T. ) ;
#739 = DIRECTION ( 'NONE',  ( 0.000000000000000000, 0.000000000000000000, -1.000000000000000000 ) ) ;
#740 = ORIENTED_EDGE ( 'NONE', *, *, #1148, .T. ) ;
#741 = CALENDAR_DATE ( 2025, 5, 3 ) ;
#742 = ORIENTED_EDGE ( 'NONE', *, *, #113, .T. ) ;
#743 = CARTESIAN_POINT ( 'NONE',  ( 0.000000000000000000, 41.38204024321683505, -440.8113293913697817 ) ) ;
#744 = DIRECTION ( 'NONE',  ( 1.000000000000000000, -0.000000000000000000, -0.000000000000000000 ) ) ;
#745 = DIRECTION ( 'NONE',  ( 0.000000000000000000, 0.000000000000000000, -1.000000000000000000 ) ) ;
#746 = CIRCLE ( 'NONE', #1362, 4.200000000000009059 ) ;
#747 = EDGE_LOOP ( 'NONE', ( #2019, #1123 ) ) ;
#748 = EDGE_CURVE ( 'NONE', #2061, #632, #961, .T. ) ;
#749 = CARTESIAN_POINT ( 'NONE',  ( 20.00000000000000000, 69.99999999999998579, -625.0000000000000000 ) ) ;
#750 = VERTEX_POINT ( 'NONE', #1727 ) ;
#751 = APPROVAL_DATE_TIME ( #1494, #1553 ) ;
#752 = VECTOR ( 'NONE', #2120, 1000.000000000000000 ) ;
#753 = ORIENTED_EDGE ( 'NONE', *, *, #918, .F. ) ;
#754 = EDGE_LOOP ( 'NONE', ( #2213, #1517 ) ) ;
#755 = AXIS2_PLACEMENT_3D ( 'NONE', #481, #1968, #1047 ) ;
#756 = DIRECTION ( 'NONE',  ( 1.000000000000000000, -0.000000000000000000, -0.000000000000000000 ) ) ;
#757 = FACE_OUTER_BOUND ( 'NONE', #229, .T. ) ;
#758 = EDGE_LOOP ( 'NONE', ( #881, #1185, #463, #990 ) ) ;
#759 = CIRCLE ( 'NONE', #2103, 10.00000000000000000 ) ;
#760 = CARTESIAN_POINT ( 'NONE',  ( 20.00000000000000000, 151.0214855149542075, -385.7031888374281152 ) ) ;
#761 = CARTESIAN_POINT ( 'NONE',  ( 0.000000000000000000, 81.56047049807712312, -525.1590836774203126 ) ) ;
#762 = AXIS2_PLACEMENT_3D ( 'NONE', #1133, #2223, #617 ) ;
#763 = CARTESIAN_POINT ( 'NONE',  ( 20.00000000000000000, 145.5735627685324403, -455.8022231676997649 ) ) ;
#764 = ORIENTED_EDGE ( 'NONE', *, *, #864, .T. ) ;
#765 = PERSON_AND_ORGANIZATION ( #1794, #28 ) ;
#766 = EDGE_CURVE ( 'NONE', #1585, #2188, #115, .T. ) ;
#767 = EDGE_LOOP ( 'NONE', ( #1322, #2236, #1013, #1266 ) ) ;
#768 = EDGE_CURVE ( 'NONE', #620, #1730, #429, .T. ) ;
#769 = DIRECTION ( 'NONE',  ( -0.000000000000000000, 1.000000000000000000, 0.000000000000000000 ) ) ;
#770 = CARTESIAN_POINT ( 'NONE',  ( 0.000000000000000000, 44.10600161642773998, -107.7640804864334854 ) ) ;
#771 = ORIENTED_EDGE ( 'NONE', *, *, #1323, .T. ) ;
#772 = AXIS2_PLACEMENT_3D ( 'NONE', #2054, #1845, #203 ) ;
#773 = DIRECTION ( 'NONE',  ( 0.000000000000000000, 0.000000000000000000, -1.000000000000000000 ) ) ;
#774 = LINE ( 'NONE', #1329, #136 ) ;
#775 = CARTESIAN_POINT ( 'NONE',  ( 20.00000000000000000, 263.3848921599023356, -450.3022231676997649 ) ) ;
#776 = ORIENTED_EDGE ( 'NONE', *, *, #1260, .T. ) ;
#777 = PERSON_AND_ORGANIZATION_ROLE ( 'design_supplier' ) ;
#778 = EDGE_LOOP ( 'NONE', ( #1141, #934, #1333, #1724 ) ) ;
#779 = ADVANCED_FACE ( 'NONE', ( #1752 ), #1930, .T. ) ;
#780 = DIRECTION ( 'NONE',  ( 0.000000000000000000, 0.000000000000000000, 1.000000000000000000 ) ) ;
#781 = CARTESIAN_POINT ( 'NONE',  ( -3.673940397442058882E-17, 69.99999999999998579, -629.1999999999999318 ) ) ;
#782 = ORIENTED_EDGE ( 'NONE', *, *, #1055, .T. ) ;
#783 = AXIS2_PLACEMENT_3D ( 'NONE', #2042, #946, #1326 ) ;
#784 = CARTESIAN_POINT ( 'NONE',  ( 20.00000000000000000, 41.38204024321683505, -442.8113293913697817 ) ) ;
#785 = DIRECTION ( 'NONE',  ( 0.000000000000000000, 0.000000000000000000, -1.000000000000000000 ) ) ;
#786 = CYLINDRICAL_SURFACE ( 'NONE', #1256, 5.500000000000005329 ) ;
#787 = AXIS2_PLACEMENT_3D ( 'NONE', #1607, #1453, #1801 ) ;
#788 = EDGE_LOOP ( 'NONE', ( #71, #846 ) ) ;
#789 = ORIENTED_EDGE ( 'NONE', *, *, #717, .F. ) ;
#790 = ORIENTED_EDGE ( 'NONE', *, *, #2228, .T. ) ;
#791 = EDGE_CURVE ( 'NONE', #1828, #653, #348, .T. ) ;
#792 = AXIS2_PLACEMENT_3D ( 'NONE', #1767, #987, #2108 ) ;
#793 = LINE ( 'NONE', #2254, #118 ) ;
#794 = CARTESIAN_POINT ( 'NONE',  ( 0.000000000000000000, 10.00000000000000000, -650.0000000000000000 ) ) ;
#795 = EDGE_CURVE ( 'NONE', #1713, #1847, #828, .T. ) ;
#796 = ORIENTED_EDGE ( 'NONE', *, *, #1483, .F. ) ;
#797 = CIRCLE ( 'NONE', #1906, 3.500000000000003109 ) ;
#798 = CARTESIAN_POINT ( 'NONE',  ( 0.000000000000000000, 263.3848921599023356, -455.8022231676997649 ) ) ;
#799 = DIRECTION ( 'NONE',  ( 1.000000000000000000, -0.000000000000000000, -0.000000000000000000 ) ) ;
#800 = DIRECTION ( 'NONE',  ( 0.000000000000000000, 0.000000000000000000, 1.000000000000000000 ) ) ;
#801 = EDGE_LOOP ( 'NONE', ( #726, #23 ) ) ;
#802 = VERTEX_POINT ( 'NONE', #651 ) ;
#803 = FACE_BOUND ( 'NONE', #2365, .T. ) ;
#804 = CARTESIAN_POINT ( 'NONE',  ( 0.000000000000000000, 129.9107848725699625, -224.2134291911979176 ) ) ;
#805 = VERTEX_POINT ( 'NONE', #1384 ) ;
#806 = EDGE_CURVE ( 'NONE', #1676, #102, #2374, .T. ) ;
#807 = CARTESIAN_POINT ( 'NONE',  ( 20.00000000000000000, 207.5436840090796409, -351.5586233888058132 ) ) ;
#808 = DIRECTION ( 'NONE',  ( 1.000000000000000000, -0.000000000000000000, -0.000000000000000000 ) ) ;
#809 = DIRECTION ( 'NONE',  ( 0.000000000000000000, 0.000000000000000000, -1.000000000000000000 ) ) ;
#810 = AXIS2_PLACEMENT_3D ( 'NONE', #417, #1139, #239 ) ;
#811 = EDGE_LOOP ( 'NONE', ( #1878, #1157 ) ) ;
#812 = AXIS2_PLACEMENT_3D ( 'NONE', #2020, #1806, #739 ) ;
#813 = DIRECTION ( 'NONE',  ( -1.000000000000000000, -0.000000000000000000, -0.000000000000000000 ) ) ;
#814 = ORIENTED_EDGE ( 'NONE', *, *, #1891, .F. ) ;
#815 = FACE_BOUND ( 'NONE', #2176, .T. ) ;
#816 = DIRECTION ( 'NONE',  ( -1.000000000000000000, -0.000000000000000000, -0.000000000000000000 ) ) ;
#817 = EDGE_LOOP ( 'NONE', ( #1001, #663, #629, #1942 ) ) ;
#818 = CARTESIAN_POINT ( 'NONE',  ( 20.00000000000000000, 249.7650852938480170, -577.6474173653076605 ) ) ;
#819 = CARTESIAN_POINT ( 'NONE',  ( 20.00000000000000000, 249.7650852938480170, -577.6474173653076605 ) ) ;
#820 = EDGE_CURVE ( 'NONE', #1110, #1357, #2125, .T. ) ;
#821 = CARTESIAN_POINT ( 'NONE',  ( 0.000000000000000000, 95.86126770743412351, -487.0757017060464023 ) ) ;
#822 = ORIENTED_EDGE ( 'NONE', *, *, #1832, .T. ) ;
#823 = VECTOR ( 'NONE', #430, 1000.000000000000000 ) ;
#824 = VERTEX_POINT ( 'NONE', #1347 ) ;
#825 = CIRCLE ( 'NONE', #787, 2.000000000000001776 ) ;
#826 = CARTESIAN_POINT ( 'NONE',  ( 0.000000000000000000, 235.8599999999999852, -620.8000000000000682 ) ) ;
#827 = ORIENTED_EDGE ( 'NONE', *, *, #267, .F. ) ;
#828 = LINE ( 'NONE', #840, #2076 ) ;
#829 = CARTESIAN_POINT ( 'NONE',  ( 20.00000000000000000, 251.1270659804534660, -150.7094431444127167 ) ) ;
#830 = VECTOR ( 'NONE', #444, 1000.000000000000000 ) ;
#831 = EDGE_LOOP ( 'NONE', ( #2075, #902 ) ) ;
#832 = AXIS2_PLACEMENT_3D ( 'NONE', #1179, #397, #1913 ) ;
#833 = DIRECTION ( 'NONE',  ( 0.000000000000000000, 0.000000000000000000, -1.000000000000000000 ) ) ;
#834 = CARTESIAN_POINT ( 'NONE',  ( 0.000000000000000000, 249.7650852938480170, -574.1474173653077742 ) ) ;
#835 = CARTESIAN_POINT ( 'NONE',  ( 20.00000000000000000, 0.000000000000000000, 0.000000000000000000 ) ) ;
#836 = AXIS2_PLACEMENT_3D ( 'NONE', #2146, #1972, #1772 ) ;
#837 = DIRECTION ( 'NONE',  ( 0.000000000000000000, 0.000000000000000000, -1.000000000000000000 ) ) ;
#838 = ORIENTED_EDGE ( 'NONE', *, *, #1229, .F. ) ;
#839 = EDGE_CURVE ( 'NONE', #1637, #1755, #345, .T. ) ;
#840 = CARTESIAN_POINT ( 'NONE',  ( 20.00000000000000000, 186.4329833666954528, -90.69635087395732853 ) ) ;
#841 = CYLINDRICAL_SURFACE ( 'NONE', #708, 2.000000000000001776 ) ;
#842 = VERTEX_POINT ( 'NONE', #497 ) ;
#843 = CARTESIAN_POINT ( 'NONE',  ( 0.000000000000000000, 69.99999999999998579, -629.1999999999999318 ) ) ;
#844 = CYLINDRICAL_SURFACE ( 'NONE', #1933, 3.499999999999947597 ) ;
#845 = CARTESIAN_POINT ( 'NONE',  ( 20.00000000000000000, 10.00000000000000000, -10.00000000000000000 ) ) ;
#846 = ORIENTED_EDGE ( 'NONE', *, *, #1597, .T. ) ;
#847 = VECTOR ( 'NONE', #1056, 1000.000000000000000 ) ;
#848 = EDGE_CURVE ( 'NONE', #252, #2056, #1651, .T. ) ;
#849 = DIRECTION ( 'NONE',  ( 0.000000000000000000, 0.000000000000000000, -1.000000000000000000 ) ) ;
#850 = DIRECTION ( 'NONE',  ( 1.000000000000000000, -0.000000000000000000, -0.000000000000000000 ) ) ;
#851 = ORIENTED_EDGE ( 'NONE', *, *, #1939, .F. ) ;
#852 = LINE ( 'NONE', #2281, #2016 ) ;
#853 = CARTESIAN_POINT ( 'NONE',  ( 0.000000000000000000, 170.0892151274302364, -295.7603862678912492 ) ) ;
#854 = EDGE_LOOP ( 'NONE', ( #428, #1392, #1087, #1719 ) ) ;
#855 = DIRECTION ( 'NONE',  ( 1.000000000000000000, -0.000000000000000000, -0.000000000000000000 ) ) ;
#856 = AXIS2_PLACEMENT_3D ( 'NONE', #1754, #1199, #661 ) ;
#857 = EDGE_CURVE ( 'NONE', #54, #1440, #1956, .T. ) ;
#858 = DIRECTION ( 'NONE',  ( 0.000000000000000000, 0.000000000000000000, 1.000000000000000000 ) ) ;
#859 = CARTESIAN_POINT ( 'NONE',  ( 20.00000000000000000, 81.56047049807712312, -530.6590836774201989 ) ) ;
#860 = EDGE_LOOP ( 'NONE', ( #889, #314 ) ) ;
#861 = EDGE_CURVE ( 'NONE', #1887, #1073, #2264, .T. ) ;
#862 = EDGE_CURVE ( 'NONE', #201, #1176, #195, .T. ) ;
#863 = AXIS2_PLACEMENT_3D ( 'NONE', #2083, #1155, #269 ) ;
#864 = EDGE_CURVE ( 'NONE', #545, #77, #1534, .T. ) ;
#865 = CARTESIAN_POINT ( 'NONE',  ( 20.00000000000000000, 145.5735627685324403, -450.3022231676997649 ) ) ;
#866 = CARTESIAN_POINT ( 'NONE',  ( 0.000000000000000000, 244.9981528907290169, -60.14683370882156765 ) ) ;
#867 = CIRCLE ( 'NONE', #443, 2.000000000000001776 ) ;
#868 = ORIENTED_EDGE ( 'NONE', *, *, #1858, .F. ) ;
#869 = SECURITY_CLASSIFICATION ( '', '', #31 ) ;
#870 = CARTESIAN_POINT ( 'NONE',  ( 20.00000000000000000, 41.38204024321683505, -442.8113293913697817 ) ) ;
#871 = VECTOR ( 'NONE', #1814, 1000.000000000000000 ) ;
#872 = DIRECTION ( 'NONE',  ( 0.000000000000000000, 0.000000000000000000, 1.000000000000000000 ) ) ;
#873 = FACE_OUTER_BOUND ( 'NONE', #1417, .T. ) ;
#874 = ORIENTED_EDGE ( 'NONE', *, *, #492, .F. ) ;
#875 = CARTESIAN_POINT ( 'NONE',  ( 20.00000000000000000, 129.9107848725699625, -224.2134291911979176 ) ) ;
#876 = DIRECTION ( 'NONE',  ( 1.000000000000000000, -0.000000000000000000, -0.000000000000000000 ) ) ;
#877 = EDGE_CURVE ( 'NONE', #167, #1828, #2331, .T. ) ;
#878 = CARTESIAN_POINT ( 'NONE',  ( 20.00000000000000000, 63.17373122890378312, -239.1431394902793670 ) ) ;
#879 = ORIENTED_EDGE ( 'NONE', *, *, #906, .F. ) ;
#880 = DIRECTION ( 'NONE',  ( 0.000000000000000000, 0.000000000000000000, -1.000000000000000000 ) ) ;
#881 = ORIENTED_EDGE ( 'NONE', *, *, #338, .F. ) ;
#882 = CIRCLE ( 'NONE', #2118, 3.499999999999947597 ) ;
#883 = DIRECTION ( 'NONE',  ( -1.000000000000000000, -0.000000000000000000, -0.000000000000000000 ) ) ;
#884 = CARTESIAN_POINT ( 'NONE',  ( 20.00000000000000000, 69.99999999999998579, -29.19999999999999574 ) ) ;
#885 = AXIS2_PLACEMENT_3D ( 'NONE', #1257, #1990, #2147 ) ;
#886 = ORIENTED_EDGE ( 'NONE', *, *, #554, .T. ) ;
#887 = DIRECTION ( 'NONE',  ( 1.000000000000000000, -0.000000000000000000, -0.000000000000000000 ) ) ;
#888 = DIRECTION ( 'NONE',  ( 1.000000000000000000, -0.000000000000000000, -0.000000000000000000 ) ) ;
#889 = ORIENTED_EDGE ( 'NONE', *, *, #687, .F. ) ;
#890 = DIRECTION ( 'NONE',  ( -1.000000000000000000, -0.000000000000000000, -0.000000000000000000 ) ) ;
#891 = PRODUCT_DEFINITION ( 'UNKNOWN', '', #1715, #719 ) ;
#892 = ORIENTED_EDGE ( 'NONE', *, *, #1026, .T. ) ;
#893 =( NAMED_UNIT ( * ) PLANE_ANGLE_UNIT ( ) SI_UNIT ( $, .RADIAN. ) );
#894 = ORIENTED_EDGE ( 'NONE', *, *, #392, .T. ) ;
#895 = CIRCLE ( 'NONE', #1743, 2.000000000000001776 ) ;
#896 = CARTESIAN_POINT ( 'NONE',  ( 20.00000000000000000, 170.0892151274302364, -297.7603862678912492 ) ) ;
#897 = CARTESIAN_POINT ( 'NONE',  ( 20.00000000000000000, 71.34561534853638420, -370.6263530012818705 ) ) ;
#898 = ORIENTED_EDGE ( 'NONE', *, *, #1171, .T. ) ;
#899 = AXIS2_PLACEMENT_3D ( 'NONE', #456, #2304, #1175 ) ;
#900 = FACE_OUTER_BOUND ( 'NONE', #1524, .T. ) ;
#901 = FACE_BOUND ( 'NONE', #2191, .T. ) ;
#902 = ORIENTED_EDGE ( 'NONE', *, *, #857, .T. ) ;
#903 = DIRECTION ( 'NONE',  ( 1.000000000000000000, -0.000000000000000000, -0.000000000000000000 ) ) ;
#904 = CIRCLE ( 'NONE', #1900, 5.500000000000005329 ) ;
#905 = ORIENTED_EDGE ( 'NONE', *, *, #1053, .F. ) ;
#906 = EDGE_CURVE ( 'NONE', #194, #802, #385, .T. ) ;
#907 = AXIS2_PLACEMENT_3D ( 'NONE', #870, #2330, #2341 ) ;
#908 = DIRECTION ( 'NONE',  ( 0.000000000000000000, 0.000000000000000000, -1.000000000000000000 ) ) ;
#909 = CARTESIAN_POINT ( 'NONE',  ( 0.000000000000000000, 207.5436840090796409, -351.5586233888058132 ) ) ;
#910 = EDGE_LOOP ( 'NONE', ( #1988, #979 ) ) ;
#911 = CLOSED_SHELL ( 'NONE', ( #1042, #613, #100, #157, #662, #2009, #2040, #700, #2102, #2240, #1480, #453, #218, #407, #2143, #1746, #1393, #1655, #1980, #2069, #1788, #1937, #454, #1856, #2216, #1625, #1201, #1704, #734, #1410, #573, #1010, #1465, #1126, #336, #779, #235, #352, #1241, #127, #1805, #1648, #1818, #355, #6, #1295, #2167, #1159, #1692, #2114, #966, #2088, #126, #1782, #1218, #1536, #1230, #2090, #280, #1890, #1340, #1353, #1888, #1294 ) ) ;
#912 = DIRECTION ( 'NONE',  ( 0.000000000000000000, 0.000000000000000000, -1.000000000000000000 ) ) ;
#913 = FACE_BOUND ( 'NONE', #138, .T. ) ;
#914 = ORIENTED_EDGE ( 'NONE', *, *, #2302, .T. ) ;
#915 = CARTESIAN_POINT ( 'NONE',  ( 20.00000000000000000, 63.17373122890378312, -244.6431394902793954 ) ) ;
#916 = ORIENTED_EDGE ( 'NONE', *, *, #935, .F. ) ;
#917 = DIRECTION ( 'NONE',  ( 0.000000000000000000, 0.000000000000000000, -1.000000000000000000 ) ) ;
#918 = EDGE_CURVE ( 'NONE', #1255, #1163, #690, .T. ) ;
#919 = AXIS2_PLACEMENT_3D ( 'NONE', #1800, #1270, #1953 ) ;
#920 = CIRCLE ( 'NONE', #581, 5.500000000000005329 ) ;
#921 = CARTESIAN_POINT ( 'NONE',  ( 20.00000000000000000, 300.0000000000000000, -640.0000000000000000 ) ) ;
#922 = CARTESIAN_POINT ( 'NONE',  ( 20.00000000000000000, 188.4759543966035835, -181.9920279064295414 ) ) ;
#923 = EDGE_LOOP ( 'NONE', ( #2124, #30, #1091, #48 ) ) ;
#924 = ORIENTED_EDGE ( 'NONE', *, *, #1038, .T. ) ;
#925 = CARTESIAN_POINT ( 'NONE',  ( 20.00000000000000000, 145.5735627685324403, -450.3022231676997649 ) ) ;
#926 = ORIENTED_EDGE ( 'NONE', *, *, #1142, .T. ) ;
#927 = APPROVAL_STATUS ( 'not_yet_approved' ) ;
#928 = ORIENTED_EDGE ( 'NONE', *, *, #294, .F. ) ;
#929 = AXIS2_PLACEMENT_3D ( 'NONE', #736, #888, #1467 ) ;
#930 = EDGE_CURVE ( 'NONE', #954, #329, #2337, .T. ) ;
#931 = CARTESIAN_POINT ( 'NONE',  ( 20.00000000000000000, 207.5436840090796409, -357.0586233888058132 ) ) ;
#932 = LINE ( 'NONE', #70, #823 ) ;
#933 = AXIS2_PLACEMENT_3D ( 'NONE', #1976, #334, #692 ) ;
#934 = ORIENTED_EDGE ( 'NONE', *, *, #618, .F. ) ;
#935 = EDGE_CURVE ( 'NONE', #119, #347, #1537, .T. ) ;
#936 = CARTESIAN_POINT ( 'NONE',  ( -3.673940397442058882E-17, 235.8599999999999852, -625.0000000000000000 ) ) ;
#937 = DIRECTION ( 'NONE',  ( 0.000000000000000000, 0.000000000000000000, -1.000000000000000000 ) ) ;
#938 = FACE_OUTER_BOUND ( 'NONE', #2, .T. ) ;
#939 = VERTEX_POINT ( 'NONE', #1065 ) ;
#940 = CARTESIAN_POINT ( 'NONE',  ( 0.000000000000000000, 0.000000000000000000, 0.000000000000000000 ) ) ;
#941 = CIRCLE ( 'NONE', #441, 4.199999999999981526 ) ;
#942 = ORIENTED_EDGE ( 'NONE', *, *, #2228, .F. ) ;
#943 = AXIS2_PLACEMENT_3D ( 'NONE', #684, #491, #1552 ) ;
#944 = CIRCLE ( 'NONE', #1565, 5.500000000000005329 ) ;
#945 = CARTESIAN_POINT ( 'NONE',  ( 20.00000000000000000, 244.9981528907290169, -54.64683370882156055 ) ) ;
#946 = DIRECTION ( 'NONE',  ( 1.000000000000000000, -0.000000000000000000, -0.000000000000000000 ) ) ;
#947 = ORIENTED_EDGE ( 'NONE', *, *, #1844, .T. ) ;
#948 = AXIS2_PLACEMENT_3D ( 'NONE', #97, #1378, #1914 ) ;
#949 = CARTESIAN_POINT ( 'NONE',  ( 20.00000000000000000, 95.86126770743412351, -483.5757017060464023 ) ) ;
#950 = DIRECTION ( 'NONE',  ( 1.000000000000000000, -0.000000000000000000, -0.000000000000000000 ) ) ;
#951 = AXIS2_PLACEMENT_3D ( 'NONE', #1528, #256, #1492 ) ;
#952 = EDGE_CURVE ( 'NONE', #805, #1750, #161, .T. ) ;
#953 = CARTESIAN_POINT ( 'NONE',  ( 20.00000000000000000, 186.4329833666954528, -88.69635087395732853 ) ) ;
#954 = VERTEX_POINT ( 'NONE', #1222 ) ;
#955 = CALENDAR_DATE ( 2025, 5, 3 ) ;
#956 = ORIENTED_EDGE ( 'NONE', *, *, #492, .T. ) ;
#957 = ORIENTED_EDGE ( 'NONE', *, *, #557, .F. ) ;
#958 = DIRECTION ( 'NONE',  ( -1.000000000000000000, 0.000000000000000000, 0.000000000000000000 ) ) ;
#959 = LINE ( 'NONE', #1895, #703 ) ;
#960 = ORIENTED_EDGE ( 'NONE', *, *, #56, .T. ) ;
#961 = CIRCLE ( 'NONE', #236, 5.500000000000005329 ) ;
#962 = CYLINDRICAL_SURFACE ( 'NONE', #558, 2.000000000000001776 ) ;
#963 = DIRECTION ( 'NONE',  ( 0.000000000000000000, 0.000000000000000000, 1.000000000000000000 ) ) ;
#964 = DIRECTION ( 'NONE',  ( 1.000000000000000000, -0.000000000000000000, -0.000000000000000000 ) ) ;
#965 = ORIENTED_EDGE ( 'NONE', *, *, #542, .T. ) ;
#966 = ADVANCED_FACE ( 'NONE', ( #1452 ), #2182, .F. ) ;
#967 = EDGE_LOOP ( 'NONE', ( #317, #2050, #307, #368 ) ) ;
#968 = VERTEX_POINT ( 'NONE', #1606 ) ;
#969 = EDGE_CURVE ( 'NONE', #353, #1576, #693, .T. ) ;
#970 = CARTESIAN_POINT ( 'NONE',  ( 20.00000000000000000, 265.4278631898104663, -346.7916909856868415 ) ) ;
#971 = DIRECTION ( 'NONE',  ( 1.000000000000000000, -0.000000000000000000, -0.000000000000000000 ) ) ;
#972 = ORIENTED_EDGE ( 'NONE', *, *, #600, .F. ) ;
#973 = AXIS2_PLACEMENT_3D ( 'NONE', #155, #1274, #1057 ) ;
#974 = LINE ( 'NONE', #1328, #19 ) ;
#975 = DIRECTION ( 'NONE',  ( 0.000000000000000000, 1.000000000000000000, 0.000000000000000000 ) ) ;
#976 = DIRECTION ( 'NONE',  ( 0.000000000000000000, 0.000000000000000000, -1.000000000000000000 ) ) ;
#977 = VERTEX_POINT ( 'NONE', #680 ) ;
#978 = ORIENTED_EDGE ( 'NONE', *, *, #482, .F. ) ;
#979 = ORIENTED_EDGE ( 'NONE', *, *, #367, .F. ) ;
#980 = EDGE_CURVE ( 'NONE', #257, #1904, #1426, .T. ) ;
#981 = VECTOR ( 'NONE', #1733, 1000.000000000000000 ) ;
#982 = EDGE_CURVE ( 'NONE', #1915, #805, #1461, .T. ) ;
#983 = DIRECTION ( 'NONE',  ( -1.000000000000000000, -0.000000000000000000, -0.000000000000000000 ) ) ;
#984 = CARTESIAN_POINT ( 'NONE',  ( 0.000000000000000000, 239.5502301443072781, -242.5051201768848159 ) ) ;
#985 = VERTEX_POINT ( 'NONE', #1975 ) ;
#986 = MANIFOLD_SOLID_BREP ( 'M8 Clearance Hole1', #911 ) ;
#987 = DIRECTION ( 'NONE',  ( 0.000000000000000000, 0.000000000000000000, -1.000000000000000000 ) ) ;
#988 = DIRECTION ( 'NONE',  ( 0.000000000000000000, 0.000000000000000000, -1.000000000000000000 ) ) ;
#989 = CARTESIAN_POINT ( 'NONE',  ( 20.00000000000000000, 71.34561534853638420, -376.1263530012818705 ) ) ;
#990 = ORIENTED_EDGE ( 'NONE', *, *, #1892, .F. ) ;
#991 = AXIS2_PLACEMENT_3D ( 'NONE', #2287, #1916, #272 ) ;
#992 = CARTESIAN_POINT ( 'NONE',  ( 0.000000000000000000, 145.5735627685324403, -444.8022231676997649 ) ) ;
#993 = EDGE_CURVE ( 'NONE', #625, #2101, #321, .T. ) ;
#994 = FACE_BOUND ( 'NONE', #754, .T. ) ;
#995 = CARTESIAN_POINT ( 'NONE',  ( 20.00000000000000000, 249.7650852938480170, -574.1474173653077742 ) ) ;
#996 = ORIENTED_EDGE ( 'NONE', *, *, #2327, .T. ) ;
#997 = DIRECTION ( 'NONE',  ( 1.000000000000000000, -0.000000000000000000, -0.000000000000000000 ) ) ;
#998 = CARTESIAN_POINT ( 'NONE',  ( 0.000000000000000000, 145.5735627685324403, -455.8022231676997649 ) ) ;
#999 = DIRECTION ( 'NONE',  ( -0.000000000000000000, -1.000000000000000000, -0.000000000000000000 ) ) ;
#1000 = VECTOR ( 'NONE', #476, 1000.000000000000000 ) ;
#1001 = ORIENTED_EDGE ( 'NONE', *, *, #2211, .F. ) ;
#1002 = CIRCLE ( 'NONE', #1592, 10.00000000000000888 ) ;
#1003 = CARTESIAN_POINT ( 'NONE',  ( 0.000000000000000000, 69.99999999999998579, -25.00000000000000000 ) ) ;
#1004 = EDGE_LOOP ( 'NONE', ( #1646, #2172, #1064, #742 ) ) ;
#1005 = DIRECTION ( 'NONE',  ( 1.000000000000000000, -0.000000000000000000, -0.000000000000000000 ) ) ;
#1006 = FACE_OUTER_BOUND ( 'NONE', #1955, .T. ) ;
#1007 = EDGE_LOOP ( 'NONE', ( #1883, #2373, #89, #241 ) ) ;
#1008 = CARTESIAN_POINT ( 'NONE',  ( 0.000000000000000000, 81.56047049807712312, -536.1590836774201989 ) ) ;
#1009 = FACE_BOUND ( 'NONE', #1428, .T. ) ;
#1010 = ADVANCED_FACE ( 'NONE', ( #1783 ), #2158, .F. ) ;
#1011 = DIRECTION ( 'NONE',  ( 1.000000000000000000, -0.000000000000000000, -0.000000000000000000 ) ) ;
#1012 = EDGE_CURVE ( 'NONE', #1444, #577, #546, .T. ) ;
#1013 = ORIENTED_EDGE ( 'NONE', *, *, #11, .T. ) ;
#1014 = VECTOR ( 'NONE', #250, 1000.000000000000000 ) ;
#1015 = AXIS2_PLACEMENT_3D ( 'NONE', #1764, #2322, #117 ) ;
#1016 = DIRECTION ( 'NONE',  ( 1.000000000000000000, -0.000000000000000000, -0.000000000000000000 ) ) ;
#1017 = ORIENTED_EDGE ( 'NONE', *, *, #1309, .T. ) ;
#1018 = CARTESIAN_POINT ( 'NONE',  ( 0.000000000000000000, 125.1438524694509766, -76.43852469450851572 ) ) ;
#1019 = DIRECTION ( 'NONE',  ( -1.000000000000000000, 0.000000000000000000, 0.000000000000000000 ) ) ;
#1020 = CIRCLE ( 'NONE', #1781, 2.000000000000001776 ) ;
#1021 = ORIENTED_EDGE ( 'NONE', *, *, #1099, .T. ) ;
#1022 = DIRECTION ( 'NONE',  ( 0.000000000000000000, 0.000000000000000000, -1.000000000000000000 ) ) ;
#1023 = DIRECTION ( 'NONE',  ( 1.000000000000000000, -0.000000000000000000, -0.000000000000000000 ) ) ;
#1024 = CARTESIAN_POINT ( 'NONE',  ( 0.000000000000000000, 207.5436840090796409, -504.7293733783386642 ) ) ;
#1025 = VECTOR ( 'NONE', #855, 1000.000000000000000 ) ;
#1026 = EDGE_CURVE ( 'NONE', #2068, #1176, #1640, .T. ) ;
#1027 = DIRECTION ( 'NONE',  ( 1.000000000000000000, -0.000000000000000000, -0.000000000000000000 ) ) ;
#1028 = ORIENTED_EDGE ( 'NONE', *, *, #717, .T. ) ;
#1029 = CIRCLE ( 'NONE', #528, 3.500000000000003109 ) ;
#1030 = FACE_BOUND ( 'NONE', #1922, .T. ) ;
#1031 = DIRECTION ( 'NONE',  ( 1.000000000000000000, -0.000000000000000000, -0.000000000000000000 ) ) ;
#1032 = ORIENTED_EDGE ( 'NONE', *, *, #1454, .T. ) ;
#1033 = DIRECTION ( 'NONE',  ( 1.000000000000000000, -0.000000000000000000, -0.000000000000000000 ) ) ;
#1034 = FACE_BOUND ( 'NONE', #860, .T. ) ;
#1035 = DIRECTION ( 'NONE',  ( -1.000000000000000000, -0.000000000000000000, -0.000000000000000000 ) ) ;
#1036 = AXIS2_PLACEMENT_3D ( 'NONE', #1325, #2218, #780 ) ;
#1037 = VERTEX_POINT ( 'NONE', #2008 ) ;
#1038 = EDGE_CURVE ( 'NONE', #152, #1444, #1770, .T. ) ;
#1039 = VECTOR ( 'NONE', #1085, 1000.000000000000000 ) ;
#1040 = LINE ( 'NONE', #1221, #408 ) ;
#1041 = EDGE_CURVE ( 'NONE', #2340, #286, #920, .T. ) ;
#1042 = ADVANCED_FACE ( 'NONE', ( #183 ), #1251, .F. ) ;
#1043 = DIRECTION ( 'NONE',  ( 1.000000000000000000, -0.000000000000000000, -0.000000000000000000 ) ) ;
#1044 = CARTESIAN_POINT ( 'NONE',  ( -3.673940397442058882E-17, 235.8599999999999852, -25.00000000000000000 ) ) ;
#1045 = ORIENTED_EDGE ( 'NONE', *, *, #380, .T. ) ;
#1046 = CARTESIAN_POINT ( 'NONE',  ( 20.00000000000000000, 145.5735627685324403, -444.8022231676997649 ) ) ;
#1047 = DIRECTION ( 'NONE',  ( 0.000000000000000000, 0.000000000000000000, -1.000000000000000000 ) ) ;
#1048 = EDGE_LOOP ( 'NONE', ( #1627, #2358, #1272, #530 ) ) ;
#1049 = DIRECTION ( 'NONE',  ( 1.000000000000000000, -0.000000000000000000, -0.000000000000000000 ) ) ;
#1050 = ORIENTED_EDGE ( 'NONE', *, *, #482, .T. ) ;
#1051 = CARTESIAN_POINT ( 'NONE',  ( 20.00000000000000000, 0.000000000000000000, -10.00000000000000000 ) ) ;
#1052 = DIRECTION ( 'NONE',  ( 0.000000000000000000, 0.000000000000000000, -1.000000000000000000 ) ) ;
#1053 = EDGE_CURVE ( 'NONE', #284, #1730, #387, .T. ) ;
#1054 = EDGE_LOOP ( 'NONE', ( #18, #75, #1338, #771 ) ) ;
#1055 = EDGE_CURVE ( 'NONE', #77, #286, #1838, .T. ) ;
#1056 = DIRECTION ( 'NONE',  ( 1.000000000000000000, -0.000000000000000000, -0.000000000000000000 ) ) ;
#1057 = DIRECTION ( 'NONE',  ( 0.000000000000000000, 0.000000000000000000, -1.000000000000000000 ) ) ;
#1058 = VECTOR ( 'NONE', #975, 1000.000000000000000 ) ;
#1059 = CARTESIAN_POINT ( 'NONE',  ( 0.000000000000000000, 44.10600161642773998, -107.7640804864334854 ) ) ;
#1060 = ORIENTED_EDGE ( 'NONE', *, *, #1495, .F. ) ;
#1061 = CIRCLE ( 'NONE', #1335, 2.000000000000001776 ) ;
#1062 = CIRCLE ( 'NONE', #569, 3.499999999999947597 ) ;
#1063 = DIRECTION ( 'NONE',  ( 0.000000000000000000, 0.000000000000000000, 1.000000000000000000 ) ) ;
#1064 = ORIENTED_EDGE ( 'NONE', *, *, #980, .T. ) ;
#1065 = CARTESIAN_POINT ( 'NONE',  ( 0.000000000000000000, 10.00000000000000000, 0.000000000000000000 ) ) ;
#1066 = CARTESIAN_POINT ( 'NONE',  ( 20.00000000000000000, 150.3404951716514404, -535.4260160805391706 ) ) ;
#1067 = ORIENTED_EDGE ( 'NONE', *, *, #536, .T. ) ;
#1068 = EDGE_CURVE ( 'NONE', #102, #2252, #156, .T. ) ;
#1069 = CARTESIAN_POINT ( 'NONE',  ( 20.00000000000000000, 125.1438524694509766, -81.93852469450851572 ) ) ;
#1070 = FACE_OUTER_BOUND ( 'NONE', #1423, .T. ) ;
#1071 = EDGE_CURVE ( 'NONE', #1730, #284, #1115, .T. ) ;
#1072 = DIRECTION ( 'NONE',  ( 0.000000000000000000, 0.000000000000000000, 1.000000000000000000 ) ) ;
#1073 = VERTEX_POINT ( 'NONE', #1446 ) ;
#1074 = CARTESIAN_POINT ( 'NONE',  ( 20.00000000000000000, 207.5436840090796409, -357.0586233888058132 ) ) ;
#1075 = EDGE_LOOP ( 'NONE', ( #1208, #782, #2268, #383 ) ) ;
#1076 = AXIS2_PLACEMENT_3D ( 'NONE', #1869, #1881, #588 ) ;
#1077 = VERTEX_POINT ( 'NONE', #2375 ) ;
#1078 = DIRECTION ( 'NONE',  ( 0.000000000000000000, 0.000000000000000000, -1.000000000000000000 ) ) ;
#1079 = CYLINDRICAL_SURFACE ( 'NONE', #1678, 5.500000000000005329 ) ;
#1080 = ORIENTED_EDGE ( 'NONE', *, *, #1659, .T. ) ;
#1081 = DIRECTION ( 'NONE',  ( 1.000000000000000000, -0.000000000000000000, -0.000000000000000000 ) ) ;
#1082 = PLANE ( 'NONE',  #1125 ) ;
#1083 = ORIENTED_EDGE ( 'NONE', *, *, #1068, .F. ) ;
#1084 = EDGE_LOOP ( 'NONE', ( #590, #1458, #1765, #2094 ) ) ;
#1085 = DIRECTION ( 'NONE',  ( 1.000000000000000000, -0.000000000000000000, -0.000000000000000000 ) ) ;
#1086 = EDGE_CURVE ( 'NONE', #1224, #1992, #621, .T. ) ;
#1087 = ORIENTED_EDGE ( 'NONE', *, *, #768, .T. ) ;
#1088 = AXIS2_PLACEMENT_3D ( 'NONE', #1104, #8, #1430 ) ;
#1089 = CARTESIAN_POINT ( 'NONE',  ( -3.673940397442058882E-17, 235.8599999999999852, -25.00000000000000000 ) ) ;
#1090 = DIRECTION ( 'NONE',  ( 1.000000000000000000, -0.000000000000000000, -0.000000000000000000 ) ) ;
#1091 = ORIENTED_EDGE ( 'NONE', *, *, #186, .T. ) ;
#1092 = CIRCLE ( 'NONE', #2239, 5.500000000000005329 ) ;
#1093 = DIRECTION ( 'NONE',  ( 0.000000000000000000, 0.000000000000000000, -1.000000000000000000 ) ) ;
#1094 = FACE_OUTER_BOUND ( 'NONE', #2301, .T. ) ;
#1095 = ORIENTED_EDGE ( 'NONE', *, *, #1963, .F. ) ;
#1096 = CARTESIAN_POINT ( 'NONE',  ( 0.000000000000000000, 239.5502301443072781, -246.0051201768848159 ) ) ;
#1097 = AXIS2_PLACEMENT_3D ( 'NONE', #749, #1478, #1131 ) ;
#1098 = ORIENTED_EDGE ( 'NONE', *, *, #687, .T. ) ;
#1099 = EDGE_CURVE ( 'NONE', #1901, #535, #342, .T. ) ;
#1100 = AXIS2_PLACEMENT_3D ( 'NONE', #1271, #498, #360 ) ;
#1101 = EDGE_LOOP ( 'NONE', ( #64, #1303 ) ) ;
#1102 = DIRECTION ( 'NONE',  ( 0.000000000000000000, 0.000000000000000000, -1.000000000000000000 ) ) ;
#1103 = DIRECTION ( 'NONE',  ( 1.000000000000000000, -0.000000000000000000, -0.000000000000000000 ) ) ;
#1104 = CARTESIAN_POINT ( 'NONE',  ( 20.00000000000000000, 63.17373122890378312, -244.6431394902793954 ) ) ;
#1105 = ORIENTED_EDGE ( 'NONE', *, *, #248, .T. ) ;
#1106 = ORIENTED_EDGE ( 'NONE', *, *, #848, .T. ) ;
#1107 = CARTESIAN_POINT ( 'NONE',  ( 20.00000000000000000, 150.3404951716514404, -535.4260160805391706 ) ) ;
#1108 = ORIENTED_EDGE ( 'NONE', *, *, #521, .T. ) ;
#1109 = APPROVAL_DATE_TIME ( #1690, #479 ) ;
#1110 = VERTEX_POINT ( 'NONE', #147 ) ;
#1111 = EDGE_CURVE ( 'NONE', #2251, #1280, #1959, .T. ) ;
#1112 = EDGE_CURVE ( 'NONE', #2232, #985, #2177, .T. ) ;
#1113 = EDGE_CURVE ( 'NONE', #1966, #1037, #79, .T. ) ;
#1114 = AXIS2_PLACEMENT_3D ( 'NONE', #1616, #2169, #691 ) ;
#1115 = CIRCLE ( 'NONE', #313, 3.500000000000003109 ) ;
#1116 = DIRECTION ( 'NONE',  ( 0.000000000000000000, 0.000000000000000000, -1.000000000000000000 ) ) ;
#1117 = CARTESIAN_POINT ( 'NONE',  ( 20.00000000000000000, 44.10600161642773998, -111.2640804864334854 ) ) ;
#1118 = ORIENTED_EDGE ( 'NONE', *, *, #2355, .F. ) ;
#1119 = CYLINDRICAL_SURFACE ( 'NONE', #2135, 5.500000000000005329 ) ;
#1120 = CARTESIAN_POINT ( 'NONE',  ( 0.000000000000000000, 95.86126770743412351, -487.0757017060464023 ) ) ;
#1121 = ORIENTED_EDGE ( 'NONE', *, *, #1383, .T. ) ;
#1122 = APPROVAL_STATUS ( 'not_yet_approved' ) ;
#1123 = ORIENTED_EDGE ( 'NONE', *, *, #1367, .F. ) ;
#1124 = EDGE_CURVE ( 'NONE', #1831, #1110, #1002, .T. ) ;
#1125 = AXIS2_PLACEMENT_3D ( 'NONE', #181, #2162, #2175 ) ;
#1126 = ADVANCED_FACE ( 'NONE', ( #1420 ), #686, .T. ) ;
#1127 = CARTESIAN_POINT ( 'NONE',  ( 0.000000000000000000, 186.4329833666954528, -86.69635087395732853 ) ) ;
#1128 = DIRECTION ( 'NONE',  ( 1.000000000000000000, -0.000000000000000000, -0.000000000000000000 ) ) ;
#1129 = ORIENTED_EDGE ( 'NONE', *, *, #2311, .F. ) ;
#1130 = EDGE_CURVE ( 'NONE', #805, #1915, #1247, .T. ) ;
#1131 = DIRECTION ( 'NONE',  ( 0.000000000000000000, 0.000000000000000000, 1.000000000000000000 ) ) ;
#1132 = DIRECTION ( 'NONE',  ( 0.000000000000000000, 0.000000000000000000, 1.000000000000000000 ) ) ;
#1133 = CARTESIAN_POINT ( 'NONE',  ( 0.000000000000000000, 186.4329833666954528, -88.69635087395732853 ) ) ;
#1134 = ORIENTED_EDGE ( 'NONE', *, *, #1874, .F. ) ;
#1135 = PERSON_AND_ORGANIZATION ( #1794, #28 ) ;
#1136 = AXIS2_PLACEMENT_3D ( 'NONE', #2044, #1897, #386 ) ;
#1137 = ORIENTED_EDGE ( 'NONE', *, *, #1215, .T. ) ;
#1138 = AXIS2_PLACEMENT_3D ( 'NONE', #1952, #1414, #937 ) ;
#1139 = DIRECTION ( 'NONE',  ( 1.000000000000000000, -0.000000000000000000, -0.000000000000000000 ) ) ;
#1140 = CARTESIAN_POINT ( 'NONE',  ( 20.00000000000000000, 71.34561534853638420, -370.6263530012818705 ) ) ;
#1141 = ORIENTED_EDGE ( 'NONE', *, *, #188, .F. ) ;
#1142 = EDGE_CURVE ( 'NONE', #2232, #1477, #213, .T. ) ;
#1143 = CYLINDRICAL_SURFACE ( 'NONE', #1672, 3.499999999999947597 ) ;
#1144 = PLANE ( 'NONE',  #1445 ) ;
#1145 = LINE ( 'NONE', #1503, #1868 ) ;
#1146 = VERTEX_POINT ( 'NONE', #1983 ) ;
#1147 = VERTEX_POINT ( 'NONE', #1239 ) ;
#1148 = EDGE_CURVE ( 'NONE', #1477, #1345, #1970, .T. ) ;
#1149 = CARTESIAN_POINT ( 'NONE',  ( 20.00000000000000000, 251.1270659804534660, -154.7094431444127167 ) ) ;
#1150 = DIRECTION ( 'NONE',  ( 0.000000000000000000, 0.000000000000000000, -1.000000000000000000 ) ) ;
#1151 = AXIS2_PLACEMENT_3D ( 'NONE', #1358, #660, #289 ) ;
#1152 = EDGE_LOOP ( 'NONE', ( #1564, #185, #688, #1129 ) ) ;
#1153 = AXIS2_PLACEMENT_3D ( 'NONE', #215, #1336, #46 ) ;
#1154 = CARTESIAN_POINT ( 'NONE',  ( 20.00000000000000000, 188.4759543966035835, -187.4920279064295414 ) ) ;
#1155 = DIRECTION ( 'NONE',  ( 1.000000000000000000, -0.000000000000000000, -0.000000000000000000 ) ) ;
#1156 = DIRECTION ( 'NONE',  ( 1.000000000000000000, -0.000000000000000000, -0.000000000000000000 ) ) ;
#1157 = ORIENTED_EDGE ( 'NONE', *, *, #262, .T. ) ;
#1158 = EDGE_CURVE ( 'NONE', #968, #939, #2338, .T. ) ;
#1159 = ADVANCED_FACE ( 'NONE', ( #1661 ), #1143, .F. ) ;
#1160 = ORIENTED_EDGE ( 'NONE', *, *, #673, .T. ) ;
#1161 = FACE_BOUND ( 'NONE', #1703, .T. ) ;
#1162 = LINE ( 'NONE', #2231, #1014 ) ;
#1163 = VERTEX_POINT ( 'NONE', #1317 ) ;
#1164 = VECTOR ( 'NONE', #467, 1000.000000000000000 ) ;
#1165 = DIRECTION ( 'NONE',  ( 1.000000000000000000, -0.000000000000000000, -0.000000000000000000 ) ) ;
#1166 = LINE ( 'NONE', #1898, #1058 ) ;
#1167 = CARTESIAN_POINT ( 'NONE',  ( 20.00000000000000000, 129.9107848725699625, -220.7134291911979176 ) ) ;
#1168 = EDGE_LOOP ( 'NONE', ( #1489, #1910, #682, #644 ) ) ;
#1169 = DIRECTION ( 'NONE',  ( -1.000000000000000000, -0.000000000000000000, -0.000000000000000000 ) ) ;
#1170 = EDGE_LOOP ( 'NONE', ( #9, #1028, #1549, #1635 ) ) ;
#1171 = EDGE_CURVE ( 'NONE', #2064, #2227, #1351, .T. ) ;
#1172 = AXIS2_PLACEMENT_3D ( 'NONE', #543, #503, #2200 ) ;
#1173 = AXIS2_PLACEMENT_3D ( 'NONE', #2059, #1318, #1687 ) ;
#1174 = FACE_BOUND ( 'NONE', #2160, .T. ) ;
#1175 = DIRECTION ( 'NONE',  ( 0.000000000000000000, 0.000000000000000000, -1.000000000000000000 ) ) ;
#1176 = VERTEX_POINT ( 'NONE', #949 ) ;
#1177 = LOCAL_TIME ( 11, 18, 5.000000000000000000, #3 ) ;
#1178 = FACE_OUTER_BOUND ( 'NONE', #1007, .T. ) ;
#1179 = CARTESIAN_POINT ( 'NONE',  ( 20.00000000000000000, 150.3404951716514404, -535.4260160805391706 ) ) ;
#1180 = AXIS2_PLACEMENT_3D ( 'NONE', #1003, #437, #2274 ) ;
#1181 = DIRECTION ( 'NONE',  ( 0.000000000000000000, 0.000000000000000000, 1.000000000000000000 ) ) ;
#1182 = EDGE_LOOP ( 'NONE', ( #2085, #1481 ) ) ;
#1183 = CIRCLE ( 'NONE', #225, 5.500000000000060396 ) ;
#1184 = DIRECTION ( 'NONE',  ( 0.000000000000000000, 0.000000000000000000, 1.000000000000000000 ) ) ;
#1186 = EDGE_LOOP ( 'NONE', ( #2192, #916, #2295, #2180 ) ) ;
#1185 = ORIENTED_EDGE ( 'NONE', *, *, #1068, .T. ) ;
#1187 = CC_DESIGN_PERSON_AND_ORGANIZATION_ASSIGNMENT ( #597, #777, ( #1715 ) ) ;
#1188 = FACE_BOUND ( 'NONE', #1670, .T. ) ;
#1189 = DIRECTION ( 'NONE',  ( 1.000000000000000000, -0.000000000000000000, -0.000000000000000000 ) ) ;
#1190 = EDGE_CURVE ( 'NONE', #1750, #2203, #1631, .T. ) ;
#1191 = ORIENTED_EDGE ( 'NONE', *, *, #2353, .F. ) ;
#1192 = DIRECTION ( 'NONE',  ( 0.000000000000000000, 0.000000000000000000, -1.000000000000000000 ) ) ;
#1193 = DIRECTION ( 'NONE',  ( 1.000000000000000000, -0.000000000000000000, -0.000000000000000000 ) ) ;
#1194 = FACE_OUTER_BOUND ( 'NONE', #2111, .T. ) ;
#1195 = EDGE_LOOP ( 'NONE', ( #1460, #2099 ) ) ;
#1196 = CYLINDRICAL_SURFACE ( 'NONE', #486, 5.500000000000060396 ) ;
#1197 = EDGE_LOOP ( 'NONE', ( #2197, #298 ) ) ;
#1198 = DIRECTION ( 'NONE',  ( 1.000000000000000000, -0.000000000000000000, -0.000000000000000000 ) ) ;
#1199 = DIRECTION ( 'NONE',  ( 1.000000000000000000, -0.000000000000000000, -0.000000000000000000 ) ) ;
#1200 = EDGE_LOOP ( 'NONE', ( #1402, #500 ) ) ;
#1201 = ADVANCED_FACE ( 'NONE', ( #2245 ), #1119, .F. ) ;
#1202 = DIRECTION ( 'NONE',  ( 0.000000000000000000, 0.000000000000000000, 1.000000000000000000 ) ) ;
#1203 = FACE_BOUND ( 'NONE', #435, .T. ) ;
#1204 = CYLINDRICAL_SURFACE ( 'NONE', #648, 5.500000000000005329 ) ;
#1205 = VECTOR ( 'NONE', #1982, 1000.000000000000000 ) ;
#1206 = CIRCLE ( 'NONE', #169, 5.500000000000005329 ) ;
#1207 = CARTESIAN_POINT ( 'NONE',  ( 20.00000000000000000, 263.3848921599023356, -450.3022231676997649 ) ) ;
#1208 = ORIENTED_EDGE ( 'NONE', *, *, #114, .F. ) ;
#1209 = FACE_BOUND ( 'NONE', #1240, .T. ) ;
#1210 = DIRECTION ( 'NONE',  ( 0.000000000000000000, 0.000000000000000000, 1.000000000000000000 ) ) ;
#1211 = CIRCLE ( 'NONE', #2098, 2.000000000000001776 ) ;
#1212 = ORIENTED_EDGE ( 'NONE', *, *, #1279, .F. ) ;
#1213 = CYLINDRICAL_SURFACE ( 'NONE', #1516, 3.499999999999947597 ) ;
#1214 = FACE_OUTER_BOUND ( 'NONE', #1054, .T. ) ;
#1215 = EDGE_CURVE ( 'NONE', #1847, #2134, #1405, .T. ) ;
#1216 = CARTESIAN_POINT ( 'NONE',  ( 20.00000000000000000, 263.3848921599023356, -455.8022231676997649 ) ) ;
#1217 = AXIS2_PLACEMENT_3D ( 'NONE', #1821, #1962, #701 ) ;
#1218 = ADVANCED_FACE ( 'NONE', ( #230 ), #962, .F. ) ;
#1219 = ORIENTED_EDGE ( 'NONE', *, *, #1130, .F. ) ;
#1220 = CIRCLE ( 'NONE', #1602, 3.500000000000003109 ) ;
#1221 = CARTESIAN_POINT ( 'NONE',  ( 20.00000000000000000, 71.34561534853638420, -365.1263530012818705 ) ) ;
#1222 = CARTESIAN_POINT ( 'NONE',  ( 20.00000000000000000, 81.56047049807712312, -525.1590836774203126 ) ) ;
#1223 = DIRECTION ( 'NONE',  ( 0.000000000000000000, 0.000000000000000000, 1.000000000000000000 ) ) ;
#1224 = VERTEX_POINT ( 'NONE', #592 ) ;
#1225 = DIRECTION ( 'NONE',  ( 0.000000000000000000, 0.000000000000000000, 1.000000000000000000 ) ) ;
#1226 = LINE ( 'NONE', #675, #2237 ) ;
#1227 = AXIS2_PLACEMENT_3D ( 'NONE', #311, #1043, #1234 ) ;
#1228 = EDGE_LOOP ( 'NONE', ( #1386, #66, #704, #1999 ) ) ;
#1229 = EDGE_CURVE ( 'NONE', #824, #131, #2033, .T. ) ;
#1230 = ADVANCED_FACE ( 'NONE', ( #568 ), #1341, .F. ) ;
#1231 = VECTOR ( 'NONE', #890, 1000.000000000000000 ) ;
#1232 = DIRECTION ( 'NONE',  ( 1.000000000000000000, -0.000000000000000000, -0.000000000000000000 ) ) ;
#1233 = EDGE_CURVE ( 'NONE', #2250, #535, #941, .T. ) ;
#1234 = DIRECTION ( 'NONE',  ( 0.000000000000000000, 0.000000000000000000, -1.000000000000000000 ) ) ;
#1235 = CYLINDRICAL_SURFACE ( 'NONE', #1447, 5.500000000000005329 ) ;
#1236 = EDGE_LOOP ( 'NONE', ( #427, #965 ) ) ;
#1237 = DIRECTION ( 'NONE',  ( -1.000000000000000000, -0.000000000000000000, -0.000000000000000000 ) ) ;
#1238 = DIRECTION ( 'NONE',  ( 1.000000000000000000, -0.000000000000000000, -0.000000000000000000 ) ) ;
#1239 = CARTESIAN_POINT ( 'NONE',  ( 0.000000000000000000, 55.00184710927118914, -599.3440600675082806 ) ) ;
#1240 = EDGE_LOOP ( 'NONE', ( #2209, #574 ) ) ;
#1241 = ADVANCED_FACE ( 'NONE', ( #2070 ), #1699, .F. ) ;
#1242 = ORIENTED_EDGE ( 'NONE', *, *, #1654, .T. ) ;
#1243 = CARTESIAN_POINT ( 'NONE',  ( 20.00000000000000000, 81.56047049807712312, -530.6590836774201989 ) ) ;
#1244 = CARTESIAN_POINT ( 'NONE',  ( 20.00000000000000000, 239.5502301443072781, -242.5051201768848159 ) ) ;
#1245 = ORIENTED_EDGE ( 'NONE', *, *, #862, .F. ) ;
#1246 = ADVANCED_BREP_SHAPE_REPRESENTATION ( 'achterplaat', ( #986, #1600 ), #2249 ) ;
#1247 = CIRCLE ( 'NONE', #2168, 3.500000000000003109 ) ;
#1248 = LINE ( 'NONE', #1069, #1911 ) ;
#1249 = DIRECTION ( 'NONE',  ( 0.000000000000000000, 0.000000000000000000, -1.000000000000000000 ) ) ;
#1250 = AXIS2_PLACEMENT_3D ( 'NONE', #1491, #1722, #2270 ) ;
#1251 = CYLINDRICAL_SURFACE ( 'NONE', #2078, 4.199999999999981526 ) ;
#1252 = LOCAL_TIME ( 11, 18, 5.000000000000000000, #2225 ) ;
#1253 = EDGE_LOOP ( 'NONE', ( #596, #1786 ) ) ;
#1254 = VECTOR ( 'NONE', #999, 1000.000000000000000 ) ;
#1255 = VERTEX_POINT ( 'NONE', #13 ) ;
#1256 = AXIS2_PLACEMENT_3D ( 'NONE', #775, #964, #606 ) ;
#1257 = CARTESIAN_POINT ( 'NONE',  ( 0.000000000000000000, 71.34561534853638420, -370.6263530012818705 ) ) ;
#1258 = CARTESIAN_POINT ( 'NONE',  ( 20.00000000000000000, 290.0000000000000000, -650.0000000000000000 ) ) ;
#1259 = ORIENTED_EDGE ( 'NONE', *, *, #748, .F. ) ;
#1260 = EDGE_CURVE ( 'NONE', #1146, #802, #974, .T. ) ;
#1261 = EDGE_CURVE ( 'NONE', #171, #2275, #1370, .T. ) ;
#1262 = CARTESIAN_POINT ( 'NONE',  ( 20.00000000000000000, 151.0214855149542075, -378.7031888374281152 ) ) ;
#1263 = CARTESIAN_POINT ( 'NONE',  ( 0.000000000000000000, 170.0892151274302364, -297.7603862678912492 ) ) ;
#1264 = EDGE_LOOP ( 'NONE', ( #1500, #182, #2344, #1437 ) ) ;
#1265 = CARTESIAN_POINT ( 'NONE',  ( 20.00000000000000000, 129.9107848725699625, -224.2134291911979176 ) ) ;
#1266 = ORIENTED_EDGE ( 'NONE', *, *, #1233, .T. ) ;
#1267 = CARTESIAN_POINT ( 'NONE',  ( 20.00000000000000000, 244.9981528907290169, -49.14683370882156055 ) ) ;
#1268 = EDGE_LOOP ( 'NONE', ( #401, #677, #1726, #1327 ) ) ;
#1269 = AXIS2_PLACEMENT_3D ( 'NONE', #393, #35, #7 ) ;
#1270 = DIRECTION ( 'NONE',  ( 1.000000000000000000, -0.000000000000000000, -0.000000000000000000 ) ) ;
#1271 = CARTESIAN_POINT ( 'NONE',  ( -3.673940397442058882E-17, 69.99999999999998579, -625.0000000000000000 ) ) ;
#1272 = ORIENTED_EDGE ( 'NONE', *, *, #1735, .T. ) ;
#1273 = CARTESIAN_POINT ( 'NONE',  ( 0.000000000000000000, 63.17373122890378312, -250.1431394902793954 ) ) ;
#1274 = DIRECTION ( 'NONE',  ( 1.000000000000000000, -0.000000000000000000, -0.000000000000000000 ) ) ;
#1275 = VERTEX_POINT ( 'NONE', #760 ) ;
#1276 = EDGE_CURVE ( 'NONE', #1275, #750, #98, .T. ) ;
#1277 = VERTEX_POINT ( 'NONE', #1154 ) ;
#1278 = DIRECTION ( 'NONE',  ( 0.000000000000000000, 0.000000000000000000, -1.000000000000000000 ) ) ;
#1279 = EDGE_CURVE ( 'NONE', #2149, #1146, #296, .T. ) ;
#1280 = VERTEX_POINT ( 'NONE', #1490 ) ;
#1281 = VERTEX_POINT ( 'NONE', #798 ) ;
#1282 = VECTOR ( 'NONE', #1846, 1000.000000000000000 ) ;
#1283 = ORIENTED_EDGE ( 'NONE', *, *, #1190, .F. ) ;
#1284 = DIRECTION ( 'NONE',  ( 1.000000000000000000, -0.000000000000000000, -0.000000000000000000 ) ) ;
#1285 = DIRECTION ( 'NONE',  ( 1.000000000000000000, -0.000000000000000000, -0.000000000000000000 ) ) ;
#1286 = DIRECTION ( 'NONE',  ( 0.000000000000000000, 0.000000000000000000, -1.000000000000000000 ) ) ;
#1287 = ORIENTED_EDGE ( 'NONE', *, *, #2271, .F. ) ;
#1288 = AXIS2_PLACEMENT_3D ( 'NONE', #818, #1376, #1192 ) ;
#1289 = DIRECTION ( 'NONE',  ( 0.000000000000000000, 0.000000000000000000, 1.000000000000000000 ) ) ;
#1290 = EDGE_CURVE ( 'NONE', #2056, #252, #402, .T. ) ;
#1291 = VECTOR ( 'NONE', #220, 1000.000000000000000 ) ;
#1292 = ORIENTED_EDGE ( 'NONE', *, *, #11, .F. ) ;
#1293 = PERSON_AND_ORGANIZATION_ROLE ( 'creator' ) ;
#1294 = ADVANCED_FACE ( 'NONE', ( #1859 ), #1387, .F. ) ;
#1295 = ADVANCED_FACE ( 'NONE', ( #1178 ), #2095, .F. ) ;
#1296 = ORIENTED_EDGE ( 'NONE', *, *, #1891, .T. ) ;
#1297 = CC_DESIGN_APPROVAL ( #479, ( #1715 ) ) ;
#1298 = LINE ( 'NONE', #1473, #2291 ) ;
#1299 = EDGE_CURVE ( 'NONE', #2101, #1110, #281, .T. ) ;
#1300 = VECTOR ( 'NONE', #111, 1000.000000000000000 ) ;
#1301 = CARTESIAN_POINT ( 'NONE',  ( 20.00000000000000000, 290.0000000000000000, -650.0000000000000000 ) ) ;
#1302 = CARTESIAN_POINT ( 'NONE',  ( 20.00000000000000000, 81.56047049807712312, -525.1590836774203126 ) ) ;
#1303 = ORIENTED_EDGE ( 'NONE', *, *, #2077, .T. ) ;
#1304 = ORIENTED_EDGE ( 'NONE', *, *, #2129, .T. ) ;
#1305 = DIRECTION ( 'NONE',  ( -1.000000000000000000, -0.000000000000000000, -0.000000000000000000 ) ) ;
#1306 = DIRECTION ( 'NONE',  ( 0.000000000000000000, 0.000000000000000000, -1.000000000000000000 ) ) ;
#1307 = VERTEX_POINT ( 'NONE', #674 ) ;
#1308 = PERSON_AND_ORGANIZATION ( #1794, #28 ) ;
#1309 = EDGE_CURVE ( 'NONE', #729, #824, #1020, .T. ) ;
#1310 = VERTEX_POINT ( 'NONE', #1551 ) ;
#1311 = ORIENTED_EDGE ( 'NONE', *, *, #2185, .F. ) ;
#1312 = EDGE_CURVE ( 'NONE', #2056, #1493, #2269, .T. ) ;
#1313 = CIRCLE ( 'NONE', #1998, 3.500000000000003109 ) ;
#1314 = CARTESIAN_POINT ( 'NONE',  ( 20.00000000000000000, 0.000000000000000000, -10.00000000000000000 ) ) ;
#1315 = DIRECTION ( 'NONE',  ( 1.000000000000000000, -0.000000000000000000, -0.000000000000000000 ) ) ;
#1316 = EDGE_LOOP ( 'NONE', ( #1771, #1572, #790, #898 ) ) ;
#1317 = CARTESIAN_POINT ( 'NONE',  ( 20.00000000000000000, 170.0892151274302364, -295.7603862678912492 ) ) ;
#1318 = DIRECTION ( 'NONE',  ( 1.000000000000000000, -0.000000000000000000, -0.000000000000000000 ) ) ;
#1319 = DIRECTION ( 'NONE',  ( 1.000000000000000000, -0.000000000000000000, -0.000000000000000000 ) ) ;
#1320 = EDGE_LOOP ( 'NONE', ( #1979, #2032 ) ) ;
#1321 = SHAPE_DEFINITION_REPRESENTATION ( #1474, #1246 ) ;
#1322 = ORIENTED_EDGE ( 'NONE', *, *, #1099, .F. ) ;
#1323 = EDGE_CURVE ( 'NONE', #653, #1828, #904, .T. ) ;
#1324 = CIRCLE ( 'NONE', #132, 5.500000000000005329 ) ;
#1325 = CARTESIAN_POINT ( 'NONE',  ( 0.000000000000000000, 69.99999999999998579, -625.0000000000000000 ) ) ;
#1326 = DIRECTION ( 'NONE',  ( 0.000000000000000000, 0.000000000000000000, -1.000000000000000000 ) ) ;
#1327 = ORIENTED_EDGE ( 'NONE', *, *, #1454, .F. ) ;
#1328 = CARTESIAN_POINT ( 'NONE',  ( 0.000000000000000000, 235.8599999999999852, -29.20000000000000995 ) ) ;
#1329 = CARTESIAN_POINT ( 'NONE',  ( 20.00000000000000000, 81.56047049807712312, -536.1590836774201989 ) ) ;
#1330 = DIRECTION ( 'NONE',  ( -1.000000000000000000, 0.000000000000000000, 0.000000000000000000 ) ) ;
#1331 = ORIENTED_EDGE ( 'NONE', *, *, #2144, .F. ) ;
#1332 = AXIS2_PLACEMENT_3D ( 'NONE', #614, #1872, #1526 ) ;
#1333 = ORIENTED_EDGE ( 'NONE', *, *, #2024, .F. ) ;
#1334 = ORIENTED_EDGE ( 'NONE', *, *, #2144, .T. ) ;
#1335 = AXIS2_PLACEMENT_3D ( 'NONE', #2157, #505, #880 ) ;
#1336 = DIRECTION ( 'NONE',  ( 1.000000000000000000, -0.000000000000000000, -0.000000000000000000 ) ) ;
#1337 = DIRECTION ( 'NONE',  ( 1.000000000000000000, -0.000000000000000000, -0.000000000000000000 ) ) ;
#1338 = ORIENTED_EDGE ( 'NONE', *, *, #2311, .T. ) ;
#1339 = AXIS2_PLACEMENT_3D ( 'NONE', #1368, #448, #1184 ) ;
#1340 = ADVANCED_FACE ( 'NONE', ( #121 ), #1566, .F. ) ;
#1341 = CYLINDRICAL_SURFACE ( 'NONE', #1136, 2.000000000000001776 ) ;
#1342 = CARTESIAN_POINT ( 'NONE',  ( 0.000000000000000000, 207.5436840090796409, -515.7293733783387779 ) ) ;
#1343 = CIRCLE ( 'NONE', #1570, 5.500000000000005329 ) ;
#1344 = CARTESIAN_POINT ( 'NONE',  ( 20.00000000000000000, 63.17373122890378312, -244.6431394902793954 ) ) ;
#1345 = VERTEX_POINT ( 'NONE', #304 ) ;
#1346 = EDGE_LOOP ( 'NONE', ( #1702, #1067, #540, #461 ) ) ;
#1347 = CARTESIAN_POINT ( 'NONE',  ( 0.000000000000000000, 265.4278631898104663, -348.7916909856868415 ) ) ;
#1348 = CARTESIAN_POINT ( 'NONE',  ( 20.00000000000000000, 251.1270659804534660, -152.7094431444127167 ) ) ;
#1349 = VERTEX_POINT ( 'NONE', #1008 ) ;
#1350 = VECTOR ( 'NONE', #196, 1000.000000000000000 ) ;
#1351 = LINE ( 'NONE', #2233, #514 ) ;
#1352 = CARTESIAN_POINT ( 'NONE',  ( 20.00000000000000000, 10.00000000000000000, -650.0000000000000000 ) ) ;
#1353 = ADVANCED_FACE ( 'NONE', ( #2307 ), #1935, .F. ) ;
#1354 = FACE_OUTER_BOUND ( 'NONE', #1264, .T. ) ;
#1355 = ORIENTED_EDGE ( 'NONE', *, *, #1323, .F. ) ;
#1356 = CARTESIAN_POINT ( 'NONE',  ( 20.00000000000000000, 44.10600161642773998, -104.2640804864334854 ) ) ;
#1357 = VERTEX_POINT ( 'NONE', #268 ) ;
#1358 = CARTESIAN_POINT ( 'NONE',  ( 0.000000000000000000, 0.000000000000000000, 0.000000000000000000 ) ) ;
#1359 = CARTESIAN_POINT ( 'NONE',  ( -3.673940397442058882E-17, 69.99999999999998579, -20.80000000000000426 ) ) ;
#1360 = ORIENTED_EDGE ( 'NONE', *, *, #795, .T. ) ;
#1361 = AXIS2_PLACEMENT_3D ( 'NONE', #770, #1488, #1150 ) ;
#1362 = AXIS2_PLACEMENT_3D ( 'NONE', #1044, #440, #1210 ) ;
#1363 = CARTESIAN_POINT ( 'NONE',  ( 20.00000000000000000, 55.00184710927118914, -602.8440600675082806 ) ) ;
#1364 = CARTESIAN_POINT ( 'NONE',  ( 20.00000000000000000, 10.00000000000000000, 0.000000000000000000 ) ) ;
#1365 = LINE ( 'NONE', #835, #1254 ) ;
#1366 = EDGE_LOOP ( 'NONE', ( #1515, #1304 ) ) ;
#1367 = EDGE_CURVE ( 'NONE', #2074, #37, #1211, .T. ) ;
#1368 = CARTESIAN_POINT ( 'NONE',  ( 20.00000000000000000, 235.8599999999999852, -625.0000000000000000 ) ) ;
#1369 = ORIENTED_EDGE ( 'NONE', *, *, #553, .F. ) ;
#1370 = CIRCLE ( 'NONE', #599, 2.000000000000001776 ) ;
#1371 = EDGE_CURVE ( 'NONE', #1596, #493, #328, .T. ) ;
#1372 = AXIS2_PLACEMENT_3D ( 'NONE', #459, #2141, #134 ) ;
#1373 = FACE_BOUND ( 'NONE', #1634, .T. ) ;
#1374 = DIRECTION ( 'NONE',  ( 0.000000000000000000, 0.000000000000000000, 1.000000000000000000 ) ) ;
#1375 = EDGE_LOOP ( 'NONE', ( #1060, #504 ) ) ;
#1376 = DIRECTION ( 'NONE',  ( 1.000000000000000000, -0.000000000000000000, -0.000000000000000000 ) ) ;
#1377 = FACE_BOUND ( 'NONE', #1693, .T. ) ;
#1378 = DIRECTION ( 'NONE',  ( 1.000000000000000000, -0.000000000000000000, -0.000000000000000000 ) ) ;
#1379 = ORIENTED_EDGE ( 'NONE', *, *, #969, .F. ) ;
#1380 = CIRCLE ( 'NONE', #341, 3.499999999999947597 ) ;
#1381 = LINE ( 'NONE', #826, #104 ) ;
#1382 = ORIENTED_EDGE ( 'NONE', *, *, #1671, .F. ) ;
#1383 = EDGE_CURVE ( 'NONE', #1915, #2203, #852, .T. ) ;
#1384 = CARTESIAN_POINT ( 'NONE',  ( 0.000000000000000000, 239.5502301443072781, -249.5051201768848159 ) ) ;
#1385 = DIRECTION ( 'NONE',  ( 1.000000000000000000, -0.000000000000000000, -0.000000000000000000 ) ) ;
#1386 = ORIENTED_EDGE ( 'NONE', *, *, #1038, .F. ) ;
#1387 = CYLINDRICAL_SURFACE ( 'NONE', #1857, 4.199999999999981526 ) ;
#1388 = FACE_BOUND ( 'NONE', #1649, .T. ) ;
#1389 = DIRECTION ( 'NONE',  ( 0.000000000000000000, 0.000000000000000000, -1.000000000000000000 ) ) ;
#1390 = AXIS2_PLACEMENT_3D ( 'NONE', #945, #1705, #601 ) ;
#1391 = CARTESIAN_POINT ( 'NONE',  ( 20.00000000000000000, 145.5735627685324403, -450.3022231676997649 ) ) ;
#1392 = ORIENTED_EDGE ( 'NONE', *, *, #1918, .F. ) ;
#1393 = ADVANCED_FACE ( 'NONE', ( #109 ), #1213, .F. ) ;
#1394 = FACE_BOUND ( 'NONE', #1320, .T. ) ;
#1395 = CARTESIAN_POINT ( 'NONE',  ( 0.000000000000000000, 207.5436840090796409, -351.5586233888058132 ) ) ;
#1396 = ORIENTED_EDGE ( 'NONE', *, *, #2142, .F. ) ;
#1397 = EDGE_CURVE ( 'NONE', #252, #1867, #254, .T. ) ;
#1398 = DIRECTION ( 'NONE',  ( 0.000000000000000000, 0.000000000000000000, -1.000000000000000000 ) ) ;
#1399 = FACE_BOUND ( 'NONE', #910, .T. ) ;
#1400 = DIRECTION ( 'NONE',  ( 1.000000000000000000, -0.000000000000000000, -0.000000000000000000 ) ) ;
#1401 = AXIS2_PLACEMENT_3D ( 'NONE', #1419, #84, #642 ) ;
#1402 = ORIENTED_EDGE ( 'NONE', *, *, #1918, .T. ) ;
#1403 = DIRECTION ( 'NONE',  ( 1.000000000000000000, -0.000000000000000000, -0.000000000000000000 ) ) ;
#1404 = DIRECTION ( 'NONE',  ( 1.000000000000000000, -0.000000000000000000, -0.000000000000000000 ) ) ;
#1405 = CIRCLE ( 'NONE', #2057, 2.000000000000001776 ) ;
#1406 = ORIENTED_EDGE ( 'NONE', *, *, #2241, .T. ) ;
#1407 = CC_DESIGN_DATE_AND_TIME_ASSIGNMENT ( #42, #1650, ( #891 ) ) ;
#1408 = CARTESIAN_POINT ( 'NONE',  ( 0.000000000000000000, 235.8599999999999852, -25.00000000000000000 ) ) ;
#1409 = FACE_BOUND ( 'NONE', #801, .T. ) ;
#1410 = ADVANCED_FACE ( 'NONE', ( #2131 ), #1947, .F. ) ;
#1411 = AXIS2_PLACEMENT_3D ( 'NONE', #137, #1434, #1605 ) ;
#1412 = ORIENTED_EDGE ( 'NONE', *, *, #1691, .T. ) ;
#1413 = AXIS2_PLACEMENT_3D ( 'NONE', #1940, #813, #646 ) ;
#1414 = DIRECTION ( 'NONE',  ( 1.000000000000000000, -0.000000000000000000, -0.000000000000000000 ) ) ;
#1415 = CARTESIAN_POINT ( 'NONE',  ( 20.00000000000000000, 207.5436840090796409, -346.0586233888058132 ) ) ;
#1416 = CYLINDRICAL_SURFACE ( 'NONE', #324, 3.500000000000003109 ) ;
#1417 = EDGE_LOOP ( 'NONE', ( #496, #1050, #1666, #522 ) ) ;
#1418 = LINE ( 'NONE', #339, #727 ) ;
#1419 = CARTESIAN_POINT ( 'NONE',  ( 0.000000000000000000, 55.00184710927118914, -602.8440600675082806 ) ) ;
#1420 = FACE_OUTER_BOUND ( 'NONE', #1268, .T. ) ;
#1421 = EDGE_CURVE ( 'NONE', #1658, #2012, #72, .T. ) ;
#1422 = AXIS2_PLACEMENT_3D ( 'NONE', #865, #1429, #511 ) ;
#1423 = EDGE_LOOP ( 'NONE', ( #447, #737, #224, #158 ) ) ;
#1424 = VECTOR ( 'NONE', #333, 1000.000000000000000 ) ;
#1425 = DIRECTION ( 'NONE',  ( 0.000000000000000000, 0.000000000000000000, -1.000000000000000000 ) ) ;
#1426 = LINE ( 'NONE', #487, #1652 ) ;
#1427 = DIRECTION ( 'NONE',  ( 1.000000000000000000, -0.000000000000000000, -0.000000000000000000 ) ) ;
#1428 = EDGE_LOOP ( 'NONE', ( #485, #1106 ) ) ;
#1429 = DIRECTION ( 'NONE',  ( 1.000000000000000000, -0.000000000000000000, -0.000000000000000000 ) ) ;
#1430 = DIRECTION ( 'NONE',  ( 0.000000000000000000, 0.000000000000000000, -1.000000000000000000 ) ) ;
#1431 = DIRECTION ( 'NONE',  ( -0.000000000000000000, -1.000000000000000000, -0.000000000000000000 ) ) ;
#1432 = AXIS2_PLACEMENT_3D ( 'NONE', #1348, #1717, #405 ) ;
#1433 = EDGE_LOOP ( 'NONE', ( #510, #2011, #2113, #1946 ) ) ;
#1434 = DIRECTION ( 'NONE',  ( -1.000000000000000000, 0.000000000000000000, 0.000000000000000000 ) ) ;
#1435 = EDGE_CURVE ( 'NONE', #2012, #1904, #2318, .T. ) ;
#1436 = EDGE_CURVE ( 'NONE', #347, #119, #251, .T. ) ;
#1437 = ORIENTED_EDGE ( 'NONE', *, *, #1041, .T. ) ;
#1438 = DIRECTION ( 'NONE',  ( -1.000000000000000000, -0.000000000000000000, -0.000000000000000000 ) ) ;
#1439 = FACE_OUTER_BOUND ( 'NONE', #2127, .T. ) ;
#1440 = VERTEX_POINT ( 'NONE', #998 ) ;
#1441 = AXIS2_PLACEMENT_3D ( 'NONE', #925, #1512, #773 ) ;
#1442 = CARTESIAN_POINT ( 'NONE',  ( 20.00000000000000000, 290.0000000000000000, 0.000000000000000000 ) ) ;
#1443 = FACE_OUTER_BOUND ( 'NONE', #817, .T. ) ;
#1444 = VERTEX_POINT ( 'NONE', #1342 ) ;
#1445 = AXIS2_PLACEMENT_3D ( 'NONE', #1527, #1700, #1502 ) ;
#1446 = CARTESIAN_POINT ( 'NONE',  ( 0.000000000000000000, 151.0214855149542075, -385.7031888374281152 ) ) ;
#1447 = AXIS2_PLACEMENT_3D ( 'NONE', #322, #2332, #706 ) ;
#1448 = ORIENTED_EDGE ( 'NONE', *, *, #265, .F. ) ;
#1449 =( NAMED_UNIT ( * ) SI_UNIT ( $, .STERADIAN. ) SOLID_ANGLE_UNIT ( ) );
#1450 = ORIENTED_EDGE ( 'NONE', *, *, #702, .T. ) ;
#1451 = CIRCLE ( 'NONE', #1586, 3.500000000000003109 ) ;
#1452 = FACE_OUTER_BOUND ( 'NONE', #923, .T. ) ;
#1453 = DIRECTION ( 'NONE',  ( 1.000000000000000000, -0.000000000000000000, -0.000000000000000000 ) ) ;
#1454 = EDGE_CURVE ( 'NONE', #1871, #1831, #605, .T. ) ;
#1455 = VERTEX_POINT ( 'NONE', #761 ) ;
#1456 = DIRECTION ( 'NONE',  ( -1.000000000000000000, -0.000000000000000000, -0.000000000000000000 ) ) ;
#1457 = FACE_BOUND ( 'NONE', #1555, .T. ) ;
#1458 = ORIENTED_EDGE ( 'NONE', *, *, #1290, .F. ) ;
#1459 = DIRECTION ( 'NONE',  ( 0.000000000000000000, 0.000000000000000000, -1.000000000000000000 ) ) ;
#1460 = ORIENTED_EDGE ( 'NONE', *, *, #748, .T. ) ;
#1461 = CIRCLE ( 'NONE', #1, 3.500000000000003109 ) ;
#1462 = EDGE_LOOP ( 'NONE', ( #473, #1546 ) ) ;
#1463 = CARTESIAN_POINT ( 'NONE',  ( 20.00000000000000000, 207.5436840090796409, -515.7293733783387779 ) ) ;
#1464 = CARTESIAN_POINT ( 'NONE',  ( 0.000000000000000000, 0.000000000000000000, -10.00000000000000000 ) ) ;
#1465 = ADVANCED_FACE ( 'NONE', ( #580 ), #1144, .F. ) ;
#1466 = CYLINDRICAL_SURFACE ( 'NONE', #1760, 5.500000000000005329 ) ;
#1467 = DIRECTION ( 'NONE',  ( 0.000000000000000000, 0.000000000000000000, -1.000000000000000000 ) ) ;
#1468 = EDGE_LOOP ( 'NONE', ( #814, #124, #1360, #1137 ) ) ;
#1469 = EDGE_CURVE ( 'NONE', #632, #2061, #516, .T. ) ;
#1470 = DIRECTION ( 'NONE',  ( 1.000000000000000000, -0.000000000000000000, -0.000000000000000000 ) ) ;
#1471 = ORIENTED_EDGE ( 'NONE', *, *, #1276, .F. ) ;
#1472 = CIRCLE ( 'NONE', #630, 5.500000000000005329 ) ;
#1473 = CARTESIAN_POINT ( 'NONE',  ( 0.000000000000000000, 300.0000000000000000, 0.000000000000000000 ) ) ;
#1474 = PRODUCT_DEFINITION_SHAPE ( 'NONE', 'NONE',  #891 ) ;
#1475 = DIRECTION ( 'NONE',  ( 1.000000000000000000, -0.000000000000000000, -0.000000000000000000 ) ) ;
#1476 = DIRECTION ( 'NONE',  ( 1.000000000000000000, -0.000000000000000000, -0.000000000000000000 ) ) ;
#1477 = VERTEX_POINT ( 'NONE', #1885 ) ;
#1478 = DIRECTION ( 'NONE',  ( -1.000000000000000000, -0.000000000000000000, -0.000000000000000000 ) ) ;
#1479 = CIRCLE ( 'NONE', #403, 2.000000000000001776 ) ;
#1480 = ADVANCED_FACE ( 'NONE', ( #593 ), #26, .F. ) ;
#1481 = ORIENTED_EDGE ( 'NONE', *, *, #43, .F. ) ;
#1482 = DATE_AND_TIME ( #211, #2139 ) ;
#1483 = EDGE_CURVE ( 'NONE', #824, #729, #1479, .T. ) ;
#1484 = VERTEX_POINT ( 'NONE', #1364 ) ;
#1485 = CC_DESIGN_SECURITY_CLASSIFICATION ( #869, ( #1715 ) ) ;
#1486 = CIRCLE ( 'NONE', #1413, 4.199999999999995737 ) ;
#1487 = DIRECTION ( 'NONE',  ( 0.000000000000000000, -0.000000000000000000, 1.000000000000000000 ) ) ;
#1488 = DIRECTION ( 'NONE',  ( 1.000000000000000000, -0.000000000000000000, -0.000000000000000000 ) ) ;
#1489 = ORIENTED_EDGE ( 'NONE', *, *, #1469, .F. ) ;
#1490 = CARTESIAN_POINT ( 'NONE',  ( 20.00000000000000000, 150.3404951716514404, -537.4260160805391706 ) ) ;
#1491 = CARTESIAN_POINT ( 'NONE',  ( 20.00000000000000000, 44.10600161642773998, -107.7640804864334854 ) ) ;
#1492 = DIRECTION ( 'NONE',  ( 0.000000000000000000, 0.000000000000000000, 1.000000000000000000 ) ) ;
#1493 = VERTEX_POINT ( 'NONE', #2222 ) ;
#1494 = DATE_AND_TIME ( #741, #1177 ) ;
#1495 = EDGE_CURVE ( 'NONE', #329, #954, #1861, .T. ) ;
#1496 = ORIENTED_EDGE ( 'NONE', *, *, #1124, .T. ) ;
#1497 = AXIS2_PLACEMENT_3D ( 'NONE', #970, #1508, #1853 ) ;
#1498 = CARTESIAN_POINT ( 'NONE',  ( 20.00000000000000000, 0.000000000000000000, 0.000000000000000000 ) ) ;
#1499 = CARTESIAN_POINT ( 'NONE',  ( 20.00000000000000000, 244.9981528907290169, -60.14683370882156765 ) ) ;
#1500 = ORIENTED_EDGE ( 'NONE', *, *, #1055, .F. ) ;
#1501 = CARTESIAN_POINT ( 'NONE',  ( 0.000000000000000000, 251.1270659804534660, -152.7094431444127167 ) ) ;
#1502 = DIRECTION ( 'NONE',  ( 0.000000000000000000, -0.000000000000000000, -1.000000000000000000 ) ) ;
#1503 = CARTESIAN_POINT ( 'NONE',  ( 20.00000000000000000, 150.3404951716514404, -537.4260160805391706 ) ) ;
#1504 = ORIENTED_EDGE ( 'NONE', *, *, #1112, .F. ) ;
#1505 = ORIENTED_EDGE ( 'NONE', *, *, #262, .F. ) ;
#1506 = EDGE_CURVE ( 'NONE', #67, #577, #2205, .T. ) ;
#1507 = AXIS2_PLACEMENT_3D ( 'NONE', #922, #512, #1249 ) ;
#1508 = DIRECTION ( 'NONE',  ( 1.000000000000000000, -0.000000000000000000, -0.000000000000000000 ) ) ;
#1509 = CARTESIAN_POINT ( 'NONE',  ( 0.000000000000000000, 69.99999999999998579, -625.0000000000000000 ) ) ;
#1510 = AXIS2_PLACEMENT_3D ( 'NONE', #1833, #2159, #1629 ) ;
#1511 = ORIENTED_EDGE ( 'NONE', *, *, #380, .F. ) ;
#1512 = DIRECTION ( 'NONE',  ( 1.000000000000000000, -0.000000000000000000, -0.000000000000000000 ) ) ;
#1513 = LINE ( 'NONE', #2246, #2171 ) ;
#1514 = CYLINDRICAL_SURFACE ( 'NONE', #2366, 5.500000000000005329 ) ;
#1515 = ORIENTED_EDGE ( 'NONE', *, *, #2073, .T. ) ;
#1516 = AXIS2_PLACEMENT_3D ( 'NONE', #1363, #1033, #1398 ) ;
#1517 = ORIENTED_EDGE ( 'NONE', *, *, #2353, .T. ) ;
#1518 = ORIENTED_EDGE ( 'NONE', *, *, #2370, .T. ) ;
#1519 = ORIENTED_EDGE ( 'NONE', *, *, #685, .T. ) ;
#1520 = CIRCLE ( 'NONE', #718, 3.500000000000003109 ) ;
#1521 = EDGE_CURVE ( 'NONE', #1831, #977, #1166, .T. ) ;
#1522 = FACE_OUTER_BOUND ( 'NONE', #2063, .T. ) ;
#1523 = CARTESIAN_POINT ( 'NONE',  ( 20.00000000000000000, 290.0000000000000000, 0.000000000000000000 ) ) ;
#1524 = EDGE_LOOP ( 'NONE', ( #1311, #1808, #1932, #238 ) ) ;
#1525 = AXIS2_PLACEMENT_3D ( 'NONE', #2046, #29, #221 ) ;
#1526 = DIRECTION ( 'NONE',  ( 0.000000000000000000, 0.000000000000000000, -1.000000000000000000 ) ) ;
#1527 = CARTESIAN_POINT ( 'NONE',  ( 20.00000000000000000, 300.0000000000000000, 0.000000000000000000 ) ) ;
#1528 = CARTESIAN_POINT ( 'NONE',  ( 20.00000000000000000, 290.0000000000000000, -640.0000000000000000 ) ) ;
#1529 = ORIENTED_EDGE ( 'NONE', *, *, #130, .F. ) ;
#1530 = CARTESIAN_POINT ( 'NONE',  ( 20.00000000000000000, 249.7650852938480170, -577.6474173653076605 ) ) ;
#1531 = ORIENTED_EDGE ( 'NONE', *, *, #1612, .T. ) ;
#1532 = FACE_BOUND ( 'NONE', #1200, .T. ) ;
#1533 = DIRECTION ( 'NONE',  ( 1.000000000000000000, -0.000000000000000000, -0.000000000000000000 ) ) ;
#1534 = CIRCLE ( 'NONE', #2150, 5.500000000000005329 ) ;
#1535 = EDGE_LOOP ( 'NONE', ( #52, #2224 ) ) ;
#1536 = ADVANCED_FACE ( 'NONE', ( #1709 ), #445, .F. ) ;
#1537 = CIRCLE ( 'NONE', #885, 5.500000000000005329 ) ;
#1538 = DIRECTION ( 'NONE',  ( 1.000000000000000000, -0.000000000000000000, -0.000000000000000000 ) ) ;
#1539 = CARTESIAN_POINT ( 'NONE',  ( 20.00000000000000000, 71.34561534853638420, -365.1263530012818705 ) ) ;
#1540 = DIRECTION ( 'NONE',  ( 0.000000000000000000, 0.000000000000000000, -1.000000000000000000 ) ) ;
#1541 = EDGE_CURVE ( 'NONE', #2188, #1585, #20, .T. ) ;
#1542 = ORIENTED_EDGE ( 'NONE', *, *, #791, .F. ) ;
#1543 = ORIENTED_EDGE ( 'NONE', *, *, #484, .F. ) ;
#1544 = CARTESIAN_POINT ( 'NONE',  ( 20.00000000000000000, 207.5436840090796409, -504.7293733783386642 ) ) ;
#1546 = ORIENTED_EDGE ( 'NONE', *, *, #1659, .F. ) ;
#1545 = ORIENTED_EDGE ( 'NONE', *, *, #113, .F. ) ;
#1547 = FACE_BOUND ( 'NONE', #1896, .T. ) ;
#1548 = CYLINDRICAL_SURFACE ( 'NONE', #1015, 2.000000000000001776 ) ;
#1549 = ORIENTED_EDGE ( 'NONE', *, *, #1111, .T. ) ;
#1550 = CIRCLE ( 'NONE', #91, 4.200000000000009059 ) ;
#1551 = CARTESIAN_POINT ( 'NONE',  ( 20.00000000000000000, 55.00184710927118914, -599.3440600675082806 ) ) ;
#1552 = DIRECTION ( 'NONE',  ( 0.000000000000000000, 0.000000000000000000, -1.000000000000000000 ) ) ;
#1553 = APPROVAL ( #1122, 'UNSPECIFIED' ) ;
#1554 = DIRECTION ( 'NONE',  ( 0.000000000000000000, 0.000000000000000000, -1.000000000000000000 ) ) ;
#1555 = EDGE_LOOP ( 'NONE', ( #1379, #2138 ) ) ;
#1556 = EDGE_CURVE ( 'NONE', #545, #2340, #62, .T. ) ;
#1557 = ORIENTED_EDGE ( 'NONE', *, *, #1260, .F. ) ;
#1558 = DIRECTION ( 'NONE',  ( 0.000000000000000000, 0.000000000000000000, -1.000000000000000000 ) ) ;
#1559 = EDGE_LOOP ( 'NONE', ( #1331, #2047, #956, #2165 ) ) ;
#1560 = VECTOR ( 'NONE', #327, 1000.000000000000000 ) ;
#1561 = AXIS2_PLACEMENT_3D ( 'NONE', #433, #73, #988 ) ;
#1562 = DIRECTION ( 'NONE',  ( 1.000000000000000000, -0.000000000000000000, -0.000000000000000000 ) ) ;
#1563 = DIRECTION ( 'NONE',  ( 1.000000000000000000, -0.000000000000000000, -0.000000000000000000 ) ) ;
#1564 = ORIENTED_EDGE ( 'NONE', *, *, #2129, .F. ) ;
#1565 = AXIS2_PLACEMENT_3D ( 'NONE', #547, #1090, #2343 ) ;
#1566 = CYLINDRICAL_SURFACE ( 'NONE', #1712, 4.200000000000009059 ) ;
#1567 = FACE_BOUND ( 'NONE', #1535, .T. ) ;
#1568 = CIRCLE ( 'NONE', #1720, 5.500000000000005329 ) ;
#1569 = DIRECTION ( 'NONE',  ( 1.000000000000000000, -0.000000000000000000, -0.000000000000000000 ) ) ;
#1570 = AXIS2_PLACEMENT_3D ( 'NONE', #74, #1849, #1540 ) ;
#1571 = CARTESIAN_POINT ( 'NONE',  ( 0.000000000000000000, 63.17373122890378312, -239.1431394902793670 ) ) ;
#1572 = ORIENTED_EDGE ( 'NONE', *, *, #587, .T. ) ;
#1573 = EDGE_CURVE ( 'NONE', #1349, #329, #774, .T. ) ;
#1574 = DIRECTION ( 'NONE',  ( 0.000000000000000000, 0.000000000000000000, -1.000000000000000000 ) ) ;
#1575 = CARTESIAN_POINT ( 'NONE',  ( 0.000000000000000000, 125.1438524694509766, -81.93852469450851572 ) ) ;
#1576 = VERTEX_POINT ( 'NONE', #1539 ) ;
#1577 = DIRECTION ( 'NONE',  ( -1.000000000000000000, -0.000000000000000000, -0.000000000000000000 ) ) ;
#1578 = FACE_BOUND ( 'NONE', #99, .T. ) ;
#1579 = CARTESIAN_POINT ( 'NONE',  ( 20.00000000000000000, 265.4278631898104663, -348.7916909856868415 ) ) ;
#1580 = AXIS2_PLACEMENT_3D ( 'NONE', #2115, #1198, #1574 ) ;
#1581 = ORIENTED_EDGE ( 'NONE', *, *, #935, .T. ) ;
#1582 = DIRECTION ( 'NONE',  ( 0.000000000000000000, 0.000000000000000000, 1.000000000000000000 ) ) ;
#1583 = FACE_OUTER_BOUND ( 'NONE', #1559, .T. ) ;
#1584 = EDGE_CURVE ( 'NONE', #968, #2064, #253, .T. ) ;
#1585 = VERTEX_POINT ( 'NONE', #2234 ) ;
#1586 = AXIS2_PLACEMENT_3D ( 'NONE', #548, #1957, #1994 ) ;
#1587 = CARTESIAN_POINT ( 'NONE',  ( 0.000000000000000000, 0.000000000000000000, 0.000000000000000000 ) ) ;
#1588 = CARTESIAN_POINT ( 'NONE',  ( 20.00000000000000000, 265.4278631898104663, -346.7916909856868415 ) ) ;
#1589 = CIRCLE ( 'NONE', #856, 2.000000000000001776 ) ;
#1590 = ORIENTED_EDGE ( 'NONE', *, *, #1261, .F. ) ;
#1591 = CARTESIAN_POINT ( 'NONE',  ( 20.00000000000000000, 44.10600161642773998, -107.7640804864334854 ) ) ;
#1592 = AXIS2_PLACEMENT_3D ( 'NONE', #728, #2154, #1072 ) ;
#1593 = DIRECTION ( 'NONE',  ( 1.000000000000000000, -0.000000000000000000, -0.000000000000000000 ) ) ;
#1594 = CARTESIAN_POINT ( 'NONE',  ( 0.000000000000000000, 44.10600161642773998, -104.2640804864334854 ) ) ;
#1595 = AXIS2_PLACEMENT_3D ( 'NONE', #2152, #1238, #2326 ) ;
#1596 = VERTEX_POINT ( 'NONE', #50 ) ;
#1597 = EDGE_CURVE ( 'NONE', #1455, #1349, #715, .T. ) ;
#1598 = CARTESIAN_POINT ( 'NONE',  ( 20.00000000000000000, 170.0892151274302364, -297.7603862678912492 ) ) ;
#1599 = CYLINDRICAL_SURFACE ( 'NONE', #943, 5.500000000000005329 ) ;
#1600 = AXIS2_PLACEMENT_3D ( 'NONE', #940, #1063, #378 ) ;
#1601 = DIRECTION ( 'NONE',  ( 0.000000000000000000, 0.000000000000000000, -1.000000000000000000 ) ) ;
#1602 = AXIS2_PLACEMENT_3D ( 'NONE', #821, #1569, #1554 ) ;
#1603 = ORIENTED_EDGE ( 'NONE', *, *, #2315, .F. ) ;
#1604 = CIRCLE ( 'NONE', #1793, 5.500000000000005329 ) ;
#1605 = DIRECTION ( 'NONE',  ( 0.000000000000000000, 0.000000000000000000, 1.000000000000000000 ) ) ;
#1606 = CARTESIAN_POINT ( 'NONE',  ( 0.000000000000000000, 290.0000000000000000, 0.000000000000000000 ) ) ;
#1607 = CARTESIAN_POINT ( 'NONE',  ( 0.000000000000000000, 170.0892151274302364, -297.7603862678912492 ) ) ;
#1608 = ORIENTED_EDGE ( 'NONE', *, *, #1436, .T. ) ;
#1609 = DIRECTION ( 'NONE',  ( 1.000000000000000000, -0.000000000000000000, -0.000000000000000000 ) ) ;
#1610 = DIRECTION ( 'NONE',  ( 0.000000000000000000, 0.000000000000000000, -1.000000000000000000 ) ) ;
#1611 = DIRECTION ( 'NONE',  ( 1.000000000000000000, -0.000000000000000000, -0.000000000000000000 ) ) ;
#1612 = EDGE_CURVE ( 'NONE', #1992, #87, #1513, .T. ) ;
#1613 = ORIENTED_EDGE ( 'NONE', *, *, #267, .T. ) ;
#1614 = VECTOR ( 'NONE', #731, 1000.000000000000000 ) ;
#1615 =( LENGTH_UNIT ( ) NAMED_UNIT ( * ) SI_UNIT ( .MILLI., .METRE. ) );
#1616 = CARTESIAN_POINT ( 'NONE',  ( 20.00000000000000000, 95.86126770743412351, -487.0757017060464023 ) ) ;
#1617 = FACE_OUTER_BOUND ( 'NONE', #1168, .T. ) ;
#1618 = ORIENTED_EDGE ( 'NONE', *, *, #839, .F. ) ;
#1619 = CARTESIAN_POINT ( 'NONE',  ( 20.00000000000000000, 150.3404951716514404, -535.4260160805391706 ) ) ;
#1620 = DIRECTION ( 'NONE',  ( 1.000000000000000000, -0.000000000000000000, -0.000000000000000000 ) ) ;
#1621 = EDGE_LOOP ( 'NONE', ( #1707, #2323 ) ) ;
#1622 = DIRECTION ( 'NONE',  ( -1.000000000000000000, -0.000000000000000000, -0.000000000000000000 ) ) ;
#1623 = AXIS2_PLACEMENT_3D ( 'NONE', #47, #1870, #2067 ) ;
#1624 = VERTEX_POINT ( 'NONE', #421 ) ;
#1625 = ADVANCED_FACE ( 'NONE', ( #96 ), #1758, .F. ) ;
#1626 = CIRCLE ( 'NONE', #595, 2.000000000000001776 ) ;
#1627 = ORIENTED_EDGE ( 'NONE', *, *, #1714, .F. ) ;
#1628 = CARTESIAN_POINT ( 'NONE',  ( 20.00000000000000000, 239.5502301443072781, -249.5051201768848159 ) ) ;
#1629 = DIRECTION ( 'NONE',  ( 0.000000000000000000, 0.000000000000000000, -1.000000000000000000 ) ) ;
#1630 = VERTEX_POINT ( 'NONE', #853 ) ;
#1631 = CIRCLE ( 'NONE', #1332, 3.500000000000003109 ) ;
#1632 = CYLINDRICAL_SURFACE ( 'NONE', #2181, 3.500000000000003109 ) ;
#1633 = CARTESIAN_POINT ( 'NONE',  ( 0.000000000000000000, 186.4329833666954528, -90.69635087395732853 ) ) ;
#1634 = EDGE_LOOP ( 'NONE', ( #879, #168 ) ) ;
#1635 = ORIENTED_EDGE ( 'NONE', *, *, #319, .F. ) ;
#1636 = DIRECTION ( 'NONE',  ( 1.000000000000000000, -0.000000000000000000, -0.000000000000000000 ) ) ;
#1637 = VERTEX_POINT ( 'NONE', #1925 ) ;
#1638 = CIRCLE ( 'NONE', #2027, 3.499999999999947597 ) ;
#1639 = EDGE_CURVE ( 'NONE', #2310, #131, #867, .T. ) ;
#1640 = LINE ( 'NONE', #2193, #1614 ) ;
#1641 = LINE ( 'NONE', #1258, #209 ) ;
#1642 = VERTEX_POINT ( 'NONE', #2132 ) ;
#1643 = EDGE_CURVE ( 'NONE', #2134, #1847, #1785, .T. ) ;
#1644 = DIRECTION ( 'NONE',  ( 0.000000000000000000, 0.000000000000000000, -1.000000000000000000 ) ) ;
#1645 = CYLINDRICAL_SURFACE ( 'NONE', #929, 3.500000000000003109 ) ;
#1646 = ORIENTED_EDGE ( 'NONE', *, *, #1421, .F. ) ;
#1647 = DIRECTION ( 'NONE',  ( 0.000000000000000000, 0.000000000000000000, -1.000000000000000000 ) ) ;
#1648 = ADVANCED_FACE ( 'NONE', ( #1214 ), #502, .F. ) ;
#1649 = EDGE_LOOP ( 'NONE', ( #1511, #406 ) ) ;
#1650 = DATE_TIME_ROLE ( 'creation_date' ) ;
#1651 = CIRCLE ( 'NONE', #619, 4.199999999999981526 ) ;
#1652 = VECTOR ( 'NONE', #2312, 1000.000000000000000 ) ;
#1653 = CARTESIAN_POINT ( 'NONE',  ( 20.00000000000000000, 186.4329833666954528, -86.69635087395732853 ) ) ;
#1654 = EDGE_CURVE ( 'NONE', #1345, #985, #214, .T. ) ;
#1655 = ADVANCED_FACE ( 'NONE', ( #316 ), #1599, .F. ) ;
#1656 = CARTESIAN_POINT ( 'NONE',  ( 20.00000000000000000, 125.1438524694509766, -70.93852469450851572 ) ) ;
#1657 = DIRECTION ( 'NONE',  ( 1.000000000000000000, -0.000000000000000000, -0.000000000000000000 ) ) ;
#1658 = VERTEX_POINT ( 'NONE', #834 ) ;
#1659 = EDGE_CURVE ( 'NONE', #707, #1927, #1977, .T. ) ;
#1660 = ORIENTED_EDGE ( 'NONE', *, *, #795, .F. ) ;
#1661 = FACE_OUTER_BOUND ( 'NONE', #1996, .T. ) ;
#1662 = ORIENTED_EDGE ( 'NONE', *, *, #1993, .F. ) ;
#1663 = PERSON_AND_ORGANIZATION ( #1794, #28 ) ;
#1664 = ORIENTED_EDGE ( 'NONE', *, *, #2179, .F. ) ;
#1665 = AXIS2_PLACEMENT_3D ( 'NONE', #1775, #1385, #638 ) ;
#1666 = ORIENTED_EDGE ( 'NONE', *, *, #506, .T. ) ;
#1667 = CIRCLE ( 'NONE', #399, 4.199999999999981526 ) ;
#1668 = FACE_OUTER_BOUND ( 'NONE', #2031, .T. ) ;
#1669 = FACE_OUTER_BOUND ( 'NONE', #1084, .T. ) ;
#1670 = EDGE_LOOP ( 'NONE', ( #2350, #924 ) ) ;
#1671 = EDGE_CURVE ( 'NONE', #2275, #2074, #1226, .T. ) ;
#1672 = AXIS2_PLACEMENT_3D ( 'NONE', #1708, #409, #2258 ) ;
#1673 = DIRECTION ( 'NONE',  ( 1.000000000000000000, -0.000000000000000000, -0.000000000000000000 ) ) ;
#1674 = DIRECTION ( 'NONE',  ( 1.000000000000000000, -0.000000000000000000, -0.000000000000000000 ) ) ;
#1675 = LINE ( 'NONE', #989, #2296 ) ;
#1676 = VERTEX_POINT ( 'NONE', #866 ) ;
#1677 = CALENDAR_DATE ( 2025, 5, 3 ) ;
#1678 = AXIS2_PLACEMENT_3D ( 'NONE', #1812, #2183, #1102 ) ;
#1679 = ORIENTED_EDGE ( 'NONE', *, *, #2077, .F. ) ;
#1680 = CC_DESIGN_APPROVAL ( #465, ( #891 ) ) ;
#1681 = AXIS2_PLACEMENT_3D ( 'NONE', #1120, #1319, #809 ) ;
#1682 = CIRCLE ( 'NONE', #1796, 2.000000000000001776 ) ;
#1683 = LINE ( 'NONE', #1656, #495 ) ;
#1684 = CARTESIAN_POINT ( 'NONE',  ( 20.00000000000000000, 207.5436840090796409, -346.0586233888058132 ) ) ;
#1685 = ORIENTED_EDGE ( 'NONE', *, *, #1158, .F. ) ;
#1686 = CARTESIAN_POINT ( 'NONE',  ( 20.00000000000000000, 186.4329833666954528, -88.69635087395732853 ) ) ;
#1687 = DIRECTION ( 'NONE',  ( 0.000000000000000000, 0.000000000000000000, -1.000000000000000000 ) ) ;
#1688 = CARTESIAN_POINT ( 'NONE',  ( 20.00000000000000000, 235.8599999999999852, -620.8000000000000682 ) ) ;
#1689 = ORIENTED_EDGE ( 'NONE', *, *, #1299, .F. ) ;
#1690 = DATE_AND_TIME ( #955, #1252 ) ;
#1691 = EDGE_CURVE ( 'NONE', #1147, #1624, #669, .T. ) ;
#1692 = ADVANCED_FACE ( 'NONE', ( #282 ), #844, .F. ) ;
#1693 = EDGE_LOOP ( 'NONE', ( #753, #874 ) ) ;
#1694 = ORIENTED_EDGE ( 'NONE', *, *, #1521, .T. ) ;
#1695 = AXIS2_PLACEMENT_3D ( 'NONE', #1498, #769, #1487 ) ;
#1696 = CARTESIAN_POINT ( 'NONE',  ( 0.000000000000000000, 249.7650852938480170, -577.6474173653076605 ) ) ;
#1697 = CARTESIAN_POINT ( 'NONE',  ( 20.00000000000000000, 55.00184710927118914, -606.3440600675081669 ) ) ;
#1698 = ORIENTED_EDGE ( 'NONE', *, *, #1718, .T. ) ;
#1699 = CYLINDRICAL_SURFACE ( 'NONE', #1441, 5.500000000000005329 ) ;
#1700 = DIRECTION ( 'NONE',  ( 0.000000000000000000, -1.000000000000000000, 0.000000000000000000 ) ) ;
#1701 = DIRECTION ( 'NONE',  ( 1.000000000000000000, -0.000000000000000000, -0.000000000000000000 ) ) ;
#1702 = ORIENTED_EDGE ( 'NONE', *, *, #857, .F. ) ;
#1703 = EDGE_LOOP ( 'NONE', ( #764, #2220 ) ) ;
#1704 = ADVANCED_FACE ( 'NONE', ( #665, #1009, #2282, #1567, #2298, #1409, #1377, #655, #1388, #2121, #2109, #470, #1203, #1936, #293, #1578, #1399, #305, #1034, #1768, #122, #539, #1457, #913, #1995, #165, #1804, #901 ), #1082, .F. ) ;
#1705 = DIRECTION ( 'NONE',  ( 1.000000000000000000, -0.000000000000000000, -0.000000000000000000 ) ) ;
#1706 = CARTESIAN_POINT ( 'NONE',  ( 20.00000000000000000, 55.00184710927118914, -602.8440600675082806 ) ) ;
#1707 = ORIENTED_EDGE ( 'NONE', *, *, #1086, .T. ) ;
#1708 = CARTESIAN_POINT ( 'NONE',  ( 20.00000000000000000, 55.00184710927118914, -602.8440600675082806 ) ) ;
#1709 = FACE_OUTER_BOUND ( 'NONE', #2025, .T. ) ;
#1710 = LINE ( 'NONE', #63, #303 ) ;
#1711 = EDGE_LOOP ( 'NONE', ( #210, #1496, #1689, #567, #1685, #2347, #942, #2081 ) ) ;
#1712 = AXIS2_PLACEMENT_3D ( 'NONE', #1408, #1577, #1721 ) ;
#1713 = VERTEX_POINT ( 'NONE', #1633 ) ;
#1714 = EDGE_CURVE ( 'NONE', #493, #1596, #1472, .T. ) ;
#1715 = PRODUCT_DEFINITION_FORMATION_WITH_SPECIFIED_SOURCE ( 'ANY', '', #190, .NOT_KNOWN. ) ;
#1716 = CARTESIAN_POINT ( 'NONE',  ( 20.00000000000000000, 244.9981528907290169, -60.14683370882156765 ) ) ;
#1717 = DIRECTION ( 'NONE',  ( 1.000000000000000000, -0.000000000000000000, -0.000000000000000000 ) ) ;
#1718 = EDGE_CURVE ( 'NONE', #1455, #954, #725, .T. ) ;
#1719 = ORIENTED_EDGE ( 'NONE', *, *, #1071, .T. ) ;
#1720 = AXIS2_PLACEMENT_3D ( 'NONE', #1391, #2300, #837 ) ;
#1721 = DIRECTION ( 'NONE',  ( 0.000000000000000000, 0.000000000000000000, 1.000000000000000000 ) ) ;
#1722 = DIRECTION ( 'NONE',  ( 1.000000000000000000, -0.000000000000000000, -0.000000000000000000 ) ) ;
#1723 = DIRECTION ( 'NONE',  ( 1.000000000000000000, -0.000000000000000000, -0.000000000000000000 ) ) ;
#1724 = ORIENTED_EDGE ( 'NONE', *, *, #993, .F. ) ;
#1725 = DIRECTION ( 'NONE',  ( 0.000000000000000000, 0.000000000000000000, -1.000000000000000000 ) ) ;
#1726 = ORIENTED_EDGE ( 'NONE', *, *, #1124, .F. ) ;
#1727 = CARTESIAN_POINT ( 'NONE',  ( 20.00000000000000000, 151.0214855149542075, -378.7031888374281152 ) ) ;
#1728 = CARTESIAN_POINT ( 'NONE',  ( 0.000000000000000000, 251.1270659804534660, -152.7094431444127167 ) ) ;
#1729 = AXIS2_PLACEMENT_3D ( 'NONE', #1089, #1438, #858 ) ;
#1730 = VERTEX_POINT ( 'NONE', #340 ) ;
#1731 = EDGE_CURVE ( 'NONE', #1630, #1163, #2207, .T. ) ;
#1732 = AXIS2_PLACEMENT_3D ( 'NONE', #1107, #1470, #1601 ) ;
#1733 = DIRECTION ( 'NONE',  ( -1.000000000000000000, -0.000000000000000000, -0.000000000000000000 ) ) ;
#1734 = DIRECTION ( 'NONE',  ( 1.000000000000000000, -0.000000000000000000, -0.000000000000000000 ) ) ;
#1735 = EDGE_CURVE ( 'NONE', #1307, #1277, #550, .T. ) ;
#1736 = DIRECTION ( 'NONE',  ( 0.000000000000000000, 0.000000000000000000, -1.000000000000000000 ) ) ;
#1737 = ORIENTED_EDGE ( 'NONE', *, *, #308, .F. ) ;
#1738 = FACE_OUTER_BOUND ( 'NONE', #854, .T. ) ;
#1739 = ORIENTED_EDGE ( 'NONE', *, *, #1309, .F. ) ;
#1740 = CARTESIAN_POINT ( 'NONE',  ( 20.00000000000000000, 129.9107848725699625, -227.7134291911979176 ) ) ;
#1741 = CYLINDRICAL_SURFACE ( 'NONE', #288, 3.500000000000003109 ) ;
#1742 = ORIENTED_EDGE ( 'NONE', *, *, #685, .F. ) ;
#1743 = AXIS2_PLACEMENT_3D ( 'NONE', #1790, #2018, #350 ) ;
#1744 = DIRECTION ( 'NONE',  ( -1.000000000000000000, -0.000000000000000000, -0.000000000000000000 ) ) ;
#1745 = DIRECTION ( 'NONE',  ( 1.000000000000000000, -0.000000000000000000, -0.000000000000000000 ) ) ;
#1746 = ADVANCED_FACE ( 'NONE', ( #1094 ), #565, .F. ) ;
#1747 = CYLINDRICAL_SURFACE ( 'NONE', #260, 4.200000000000009059 ) ;
#1748 = ORIENTED_EDGE ( 'NONE', *, *, #188, .T. ) ;
#1749 = CARTESIAN_POINT ( 'NONE',  ( 20.00000000000000000, 251.1270659804534660, -154.7094431444127167 ) ) ;
#1750 = VERTEX_POINT ( 'NONE', #2187 ) ;
#1751 = AXIS2_PLACEMENT_3D ( 'NONE', #2045, #255, #1132 ) ;
#1752 = FACE_OUTER_BOUND ( 'NONE', #778, .T. ) ;
#1753 = EDGE_CURVE ( 'NONE', #1037, #1966, #895, .T. ) ;
#1754 = CARTESIAN_POINT ( 'NONE',  ( 20.00000000000000000, 41.38204024321683505, -442.8113293913697817 ) ) ;
#1755 = VERTEX_POINT ( 'NONE', #1815 ) ;
#1756 = VECTOR ( 'NONE', #2000, 1000.000000000000000 ) ;
#1757 = CARTESIAN_POINT ( 'NONE',  ( 20.00000000000000000, 251.1270659804534660, -152.7094431444127167 ) ) ;
#1758 = CYLINDRICAL_SURFACE ( 'NONE', #1595, 5.500000000000005329 ) ;
#1759 = LINE ( 'NONE', #1949, #451 ) ;
#1760 = AXIS2_PLACEMENT_3D ( 'NONE', #538, #525, #1826 ) ;
#1761 = ORIENTED_EDGE ( 'NONE', *, *, #1671, .T. ) ;
#1762 = EDGE_CURVE ( 'NONE', #2149, #194, #549, .T. ) ;
#1763 = FACE_BOUND ( 'NONE', #160, .T. ) ;
#1764 = CARTESIAN_POINT ( 'NONE',  ( 20.00000000000000000, 186.4329833666954528, -88.69635087395732853 ) ) ;
#1765 = ORIENTED_EDGE ( 'NONE', *, *, #1312, .T. ) ;
#1766 = AXIS2_PLACEMENT_3D ( 'NONE', #2104, #2278, #92 ) ;
#1767 = CARTESIAN_POINT ( 'NONE',  ( 20.00000000000000000, 0.000000000000000000, 0.000000000000000000 ) ) ;
#1768 = FACE_BOUND ( 'NONE', #33, .T. ) ;
#1769 = LINE ( 'NONE', #2283, #1300 ) ;
#1770 = CIRCLE ( 'NONE', #812, 5.500000000000060396 ) ;
#1771 = ORIENTED_EDGE ( 'NONE', *, *, #172, .F. ) ;
#1772 = DIRECTION ( 'NONE',  ( 0.000000000000000000, 0.000000000000000000, 1.000000000000000000 ) ) ;
#1773 = EDGE_CURVE ( 'NONE', #2038, #284, #374, .T. ) ;
#1774 = DIRECTION ( 'NONE',  ( 1.000000000000000000, -0.000000000000000000, -0.000000000000000000 ) ) ;
#1775 = CARTESIAN_POINT ( 'NONE',  ( 0.000000000000000000, 263.3848921599023356, -450.3022231676997649 ) ) ;
#1776 = EDGE_LOOP ( 'NONE', ( #400, #2155, #1820, #356 ) ) ;
#1777 = DIRECTION ( 'NONE',  ( 1.000000000000000000, -0.000000000000000000, -0.000000000000000000 ) ) ;
#1778 = DIRECTION ( 'NONE',  ( 0.000000000000000000, 0.000000000000000000, -1.000000000000000000 ) ) ;
#1779 = ORIENTED_EDGE ( 'NONE', *, *, #1787, .F. ) ;
#1780 = CARTESIAN_POINT ( 'NONE',  ( -3.673940397442058882E-17, 235.8599999999999852, -625.0000000000000000 ) ) ;
#1781 = AXIS2_PLACEMENT_3D ( 'NONE', #2316, #95, #833 ) ;
#1782 = ADVANCED_FACE ( 'NONE', ( #1070 ), #1645, .F. ) ;
#1783 = FACE_OUTER_BOUND ( 'NONE', #2352, .T. ) ;
#1784 = CYLINDRICAL_SURFACE ( 'NONE', #933, 2.000000000000001776 ) ;
#1785 = CIRCLE ( 'NONE', #755, 2.000000000000001776 ) ;
#1786 = ORIENTED_EDGE ( 'NONE', *, *, #1639, .F. ) ;
#1787 = EDGE_CURVE ( 'NONE', #450, #1630, #1893, .T. ) ;
#1788 = ADVANCED_FACE ( 'NONE', ( #2196 ), #1835, .F. ) ;
#1789 = CARTESIAN_POINT ( 'NONE',  ( 0.000000000000000000, 170.0892151274302364, -299.7603862678912492 ) ) ;
#1790 = CARTESIAN_POINT ( 'NONE',  ( 0.000000000000000000, 150.3404951716514404, -535.4260160805391706 ) ) ;
#1791 = CIRCLE ( 'NONE', #836, 10.00000000000000888 ) ;
#1792 = DIRECTION ( 'NONE',  ( 1.000000000000000000, -0.000000000000000000, -0.000000000000000000 ) ) ;
#1793 = AXIS2_PLACEMENT_3D ( 'NONE', #2123, #622, #1725 ) ;
#1794 = PERSON ( 'UNSPECIFIED', 'UNSPECIFIED', 'UNSPECIFIED', ('UNSPECIFIED'), ('UNSPECIFIED'), ('UNSPECIFIED') ) ;
#1795 = ORIENTED_EDGE ( 'NONE', *, *, #820, .T. ) ;
#1796 = AXIS2_PLACEMENT_3D ( 'NONE', #1598, #1967, #145 ) ;
#1797 = CARTESIAN_POINT ( 'NONE',  ( 20.00000000000000000, 151.0214855149542075, -385.7031888374281152 ) ) ;
#1798 = DATE_TIME_ROLE ( 'classification_date' ) ;
#1799 = ORIENTED_EDGE ( 'NONE', *, *, #1421, .T. ) ;
#1800 = CARTESIAN_POINT ( 'NONE',  ( 0.000000000000000000, 145.5735627685324403, -450.3022231676997649 ) ) ;
#1801 = DIRECTION ( 'NONE',  ( 0.000000000000000000, 0.000000000000000000, -1.000000000000000000 ) ) ;
#1802 = EDGE_LOOP ( 'NONE', ( #1191, #2261, #1917, #1816 ) ) ;
#1803 = CARTESIAN_POINT ( 'NONE',  ( 0.000000000000000000, 207.5436840090796409, -357.0586233888058132 ) ) ;
#1804 = FACE_OUTER_BOUND ( 'NONE', #1960, .T. ) ;
#1805 = ADVANCED_FACE ( 'NONE', ( #710 ), #192, .F. ) ;
#1806 = DIRECTION ( 'NONE',  ( 1.000000000000000000, -0.000000000000000000, -0.000000000000000000 ) ) ;
#1807 = AXIS2_PLACEMENT_3D ( 'NONE', #1944, #983, #1582 ) ;
#1808 = ORIENTED_EDGE ( 'NONE', *, *, #1773, .T. ) ;
#1809 = LINE ( 'NONE', #159, #1025 ) ;
#1810 = ORIENTED_EDGE ( 'NONE', *, *, #918, .T. ) ;
#1811 = CARTESIAN_POINT ( 'NONE',  ( 20.00000000000000000, 69.99999999999998579, -625.0000000000000000 ) ) ;
#1812 = CARTESIAN_POINT ( 'NONE',  ( 20.00000000000000000, 244.9981528907290169, -54.64683370882156055 ) ) ;
#1813 = ORIENTED_EDGE ( 'NONE', *, *, #1762, .F. ) ;
#1814 = DIRECTION ( 'NONE',  ( -1.000000000000000000, 0.000000000000000000, 0.000000000000000000 ) ) ;
#1815 = CARTESIAN_POINT ( 'NONE',  ( 20.00000000000000000, 263.3848921599023356, -444.8022231676997649 ) ) ;
#1816 = ORIENTED_EDGE ( 'NONE', *, *, #248, .F. ) ;
#1817 = CARTESIAN_POINT ( 'NONE',  ( 20.00000000000000000, 244.9981528907290169, -49.14683370882156055 ) ) ;
#1818 = ADVANCED_FACE ( 'NONE', ( #1443 ), #526, .F. ) ;
#1819 = AXIS2_PLACEMENT_3D ( 'NONE', #326, #2308, #110 ) ;
#1820 = ORIENTED_EDGE ( 'NONE', *, *, #1584, .F. ) ;
#1821 = CARTESIAN_POINT ( 'NONE',  ( 0.000000000000000000, 186.4329833666954528, -88.69635087395732853 ) ) ;
#1822 = CIRCLE ( 'NONE', #2348, 5.500000000000005329 ) ;
#1823 = DIRECTION ( 'NONE',  ( 0.000000000000000000, 0.000000000000000000, -1.000000000000000000 ) ) ;
#1824 = LINE ( 'NONE', #2369, #103 ) ;
#1825 = ORIENTED_EDGE ( 'NONE', *, *, #1312, .F. ) ;
#1826 = DIRECTION ( 'NONE',  ( 0.000000000000000000, 0.000000000000000000, -1.000000000000000000 ) ) ;
#1827 = CARTESIAN_POINT ( 'NONE',  ( 20.00000000000000000, 129.9107848725699625, -220.7134291911979176 ) ) ;
#1828 = VERTEX_POINT ( 'NONE', #1684 ) ;
#1829 = CARTESIAN_POINT ( 'NONE',  ( 0.000000000000000000, 41.38204024321683505, -442.8113293913697817 ) ) ;
#1830 = CIRCLE ( 'NONE', #1138, 2.000000000000001776 ) ;
#1831 = VERTEX_POINT ( 'NONE', #794 ) ;
#1832 = EDGE_CURVE ( 'NONE', #1624, #609, #240, .T. ) ;
#1833 = CARTESIAN_POINT ( 'NONE',  ( 20.00000000000000000, 151.0214855149542075, -382.2031888374281152 ) ) ;
#1834 = CARTESIAN_POINT ( 'NONE',  ( 0.000000000000000000, 125.1438524694509766, -70.93852469450851572 ) ) ;
#1835 = CYLINDRICAL_SURFACE ( 'NONE', #1088, 5.500000000000005329 ) ;
#1836 = ORIENTED_EDGE ( 'NONE', *, *, #1071, .F. ) ;
#1837 = EDGE_LOOP ( 'NONE', ( #1866, #1017 ) ) ;
#1838 = LINE ( 'NONE', #878, #1039 ) ;
#1839 = ORIENTED_EDGE ( 'NONE', *, *, #1858, .T. ) ;
#1840 = APPROVAL_ROLE ( '' ) ;
#1841 = VECTOR ( 'NONE', #80, 1000.000000000000000 ) ;
#1842 = ORIENTED_EDGE ( 'NONE', *, *, #2053, .F. ) ;
#1843 = AXIS2_PLACEMENT_3D ( 'NONE', #533, #2002, #1823 ) ;
#1844 = EDGE_CURVE ( 'NONE', #607, #1642, #474, .T. ) ;
#1845 = DIRECTION ( 'NONE',  ( 1.000000000000000000, -0.000000000000000000, -0.000000000000000000 ) ) ;
#1846 = DIRECTION ( 'NONE',  ( 1.000000000000000000, -0.000000000000000000, -0.000000000000000000 ) ) ;
#1847 = VERTEX_POINT ( 'NONE', #2243 ) ;
#1848 = DIRECTION ( 'NONE',  ( 0.000000000000000000, 0.000000000000000000, 1.000000000000000000 ) ) ;
#1849 = DIRECTION ( 'NONE',  ( 1.000000000000000000, -0.000000000000000000, -0.000000000000000000 ) ) ;
#1850 = ORIENTED_EDGE ( 'NONE', *, *, #27, .F. ) ;
#1851 = COORDINATED_UNIVERSAL_TIME_OFFSET ( 1, 0, .AHEAD. ) ;
#1852 = ORIENTED_EDGE ( 'NONE', *, *, #1229, .T. ) ;
#1853 = DIRECTION ( 'NONE',  ( 0.000000000000000000, 0.000000000000000000, -1.000000000000000000 ) ) ;
#1854 = LINE ( 'NONE', #1499, #320 ) ;
#1855 = ORIENTED_EDGE ( 'NONE', *, *, #1905, .F. ) ;
#1856 = ADVANCED_FACE ( 'NONE', ( #757 ), #418, .F. ) ;
#1857 = AXIS2_PLACEMENT_3D ( 'NONE', #2297, #1744, #1202 ) ;
#1858 = EDGE_CURVE ( 'NONE', #609, #1310, #53, .T. ) ;
#1859 = FACE_OUTER_BOUND ( 'NONE', #767, .T. ) ;
#1860 = DIRECTION ( 'NONE',  ( 0.000000000000000000, 0.000000000000000000, -1.000000000000000000 ) ) ;
#1861 = CIRCLE ( 'NONE', #1173, 5.499999999999949374 ) ;
#1862 = CARTESIAN_POINT ( 'NONE',  ( 20.00000000000000000, 69.99999999999998579, -629.1999999999999318 ) ) ;
#1863 = ORIENTED_EDGE ( 'NONE', *, *, #618, .T. ) ;
#1864 = APPROVAL_STATUS ( 'not_yet_approved' ) ;
#1865 = CIRCLE ( 'NONE', #1100, 4.199999999999981526 ) ;
#1866 = ORIENTED_EDGE ( 'NONE', *, *, #1483, .T. ) ;
#1867 = VERTEX_POINT ( 'NONE', #781 ) ;
#1868 = VECTOR ( 'NONE', #208, 1000.000000000000000 ) ;
#1869 = CARTESIAN_POINT ( 'NONE',  ( 20.00000000000000000, 125.1438524694509766, -76.43852469450851572 ) ) ;
#1870 = DIRECTION ( 'NONE',  ( 1.000000000000000000, -0.000000000000000000, -0.000000000000000000 ) ) ;
#1871 = VERTEX_POINT ( 'NONE', #36 ) ;
#1872 = DIRECTION ( 'NONE',  ( 1.000000000000000000, -0.000000000000000000, -0.000000000000000000 ) ) ;
#1873 = CARTESIAN_POINT ( 'NONE',  ( 20.00000000000000000, 63.17373122890378312, -250.1431394902793954 ) ) ;
#1874 = EDGE_CURVE ( 'NONE', #1992, #1224, #166, .T. ) ;
#1875 = LINE ( 'NONE', #2084, #1984 ) ;
#1876 = EDGE_LOOP ( 'NONE', ( #972, #1259, #894, #291 ) ) ;
#1877 = CALENDAR_DATE ( 2025, 5, 3 ) ;
#1878 = ORIENTED_EDGE ( 'NONE', *, *, #202, .T. ) ;
#1879 = ORIENTED_EDGE ( 'NONE', *, *, #1142, .F. ) ;
#1880 = VECTOR ( 'NONE', #1777, 1000.000000000000000 ) ;
#1881 = DIRECTION ( 'NONE',  ( 1.000000000000000000, -0.000000000000000000, -0.000000000000000000 ) ) ;
#1882 = FACE_OUTER_BOUND ( 'NONE', #571, .T. ) ;
#1883 = ORIENTED_EDGE ( 'NONE', *, *, #1718, .F. ) ;
#1884 = CARTESIAN_POINT ( 'NONE',  ( 20.00000000000000000, 235.8599999999999852, -25.00000000000000000 ) ) ;
#1885 = CARTESIAN_POINT ( 'NONE',  ( 0.000000000000000000, 41.38204024321683505, -444.8113293913697817 ) ) ;
#1886 = FACE_OUTER_BOUND ( 'NONE', #1468, .T. ) ;
#1887 = VERTEX_POINT ( 'NONE', #611 ) ;
#1888 = ADVANCED_FACE ( 'NONE', ( #1669 ), #576, .F. ) ;
#1889 = VERTEX_POINT ( 'NONE', #1523 ) ;
#1890 = ADVANCED_FACE ( 'NONE', ( #1882 ), #2255, .F. ) ;
#1891 = EDGE_CURVE ( 'NONE', #636, #2134, #959, .T. ) ;
#1892 = EDGE_CURVE ( 'NONE', #1676, #722, #1854, .T. ) ;
#1893 = CIRCLE ( 'NONE', #2163, 2.000000000000001776 ) ;
#1894 = FACE_BOUND ( 'NONE', #658, .T. ) ;
#1895 = CARTESIAN_POINT ( 'NONE',  ( 20.00000000000000000, 186.4329833666954528, -86.69635087395732853 ) ) ;
#1896 = EDGE_LOOP ( 'NONE', ( #2288, #926 ) ) ;
#1897 = DIRECTION ( 'NONE',  ( 1.000000000000000000, -0.000000000000000000, -0.000000000000000000 ) ) ;
#1898 = CARTESIAN_POINT ( 'NONE',  ( 0.000000000000000000, 0.000000000000000000, -650.0000000000000000 ) ) ;
#1899 = DIRECTION ( 'NONE',  ( 1.000000000000000000, -0.000000000000000000, -0.000000000000000000 ) ) ;
#1900 = AXIS2_PLACEMENT_3D ( 'NONE', #807, #997, #490 ) ;
#1901 = VERTEX_POINT ( 'NONE', #394 ) ;
#1902 = AXIS2_PLACEMENT_3D ( 'NONE', #243, #2259, #1860 ) ;
#1903 = DIRECTION ( 'NONE',  ( 1.000000000000000000, -0.000000000000000000, -0.000000000000000000 ) ) ;
#1904 = VERTEX_POINT ( 'NONE', #2080 ) ;
#1905 = EDGE_CURVE ( 'NONE', #1871, #607, #932, .T. ) ;
#1906 = AXIS2_PLACEMENT_3D ( 'NONE', #1591, #357, #1425 ) ;
#1907 = EDGE_CURVE ( 'NONE', #1147, #1310, #1162, .T. ) ;
#1908 = FACE_BOUND ( 'NONE', #226, .T. ) ;
#1909 = DIRECTION ( 'NONE',  ( 0.000000000000000000, 0.000000000000000000, -1.000000000000000000 ) ) ;
#1910 = ORIENTED_EDGE ( 'NONE', *, *, #600, .T. ) ;
#1911 = VECTOR ( 'NONE', #154, 1000.000000000000000 ) ;
#1912 = CARTESIAN_POINT ( 'NONE',  ( 0.000000000000000000, 69.99999999999998579, -25.00000000000000000 ) ) ;
#1913 = DIRECTION ( 'NONE',  ( 0.000000000000000000, 0.000000000000000000, -1.000000000000000000 ) ) ;
#1914 = DIRECTION ( 'NONE',  ( 0.000000000000000000, 0.000000000000000000, -1.000000000000000000 ) ) ;
#1915 = VERTEX_POINT ( 'NONE', #984 ) ;
#1916 = DIRECTION ( 'NONE',  ( 1.000000000000000000, -0.000000000000000000, -0.000000000000000000 ) ) ;
#1917 = ORIENTED_EDGE ( 'NONE', *, *, #43, .T. ) ;
#1918 = EDGE_CURVE ( 'NONE', #620, #2038, #591, .T. ) ;
#1919 = FACE_BOUND ( 'NONE', #811, .T. ) ;
#1920 = CARTESIAN_POINT ( 'NONE',  ( 0.000000000000000000, 10.00000000000000000, -10.00000000000000000 ) ) ;
#1921 = VECTOR ( 'NONE', #756, 1000.000000000000000 ) ;
#1922 = EDGE_LOOP ( 'NONE', ( #351, #711 ) ) ;
#1923 = AXIS2_PLACEMENT_3D ( 'NONE', #2136, #176, #908 ) ;
#1924 = CARTESIAN_POINT ( 'NONE',  ( 0.000000000000000000, 69.99999999999998579, -620.8000000000000682 ) ) ;
#1925 = CARTESIAN_POINT ( 'NONE',  ( 0.000000000000000000, 263.3848921599023356, -444.8022231676997649 ) ) ;
#1926 = FACE_OUTER_BOUND ( 'NONE', #1776, .T. ) ;
#1927 = VERTEX_POINT ( 'NONE', #1359 ) ;
#1928 = DIRECTION ( 'NONE',  ( 0.000000000000000000, 0.000000000000000000, -1.000000000000000000 ) ) ;
#1929 = ORIENTED_EDGE ( 'NONE', *, *, #2156, .T. ) ;
#1930 = CYLINDRICAL_SURFACE ( 'NONE', #733, 10.00000000000000000 ) ;
#1931 = CARTESIAN_POINT ( 'NONE',  ( 20.00000000000000000, 188.4759543966035835, -181.9920279064295414 ) ) ;
#1932 = ORIENTED_EDGE ( 'NONE', *, *, #1053, .T. ) ;
#1933 = AXIS2_PLACEMENT_3D ( 'NONE', #819, #1745, #1948 ) ;
#1934 = AXIS2_PLACEMENT_3D ( 'NONE', #1920, #1019, #106 ) ;
#1935 = CYLINDRICAL_SURFACE ( 'NONE', #676, 4.199999999999995737 ) ;
#1936 = FACE_BOUND ( 'NONE', #612, .T. ) ;
#1937 = ADVANCED_FACE ( 'NONE', ( #2219 ), #22, .F. ) ;
#1938 = CARTESIAN_POINT ( 'NONE',  ( 20.00000000000000000, 95.86126770743412351, -490.5757017060464023 ) ) ;
#1939 = EDGE_CURVE ( 'NONE', #1224, #842, #382, .T. ) ;
#1940 = CARTESIAN_POINT ( 'NONE',  ( -3.673940397442058882E-17, 69.99999999999998579, -25.00000000000000000 ) ) ;
#1941 = EDGE_CURVE ( 'NONE', #1349, #1455, #2128, .T. ) ;
#1942 = ORIENTED_EDGE ( 'NONE', *, *, #1963, .T. ) ;
#1943 = AXIS2_PLACEMENT_3D ( 'NONE', #480, #1538, #654 ) ;
#1944 = CARTESIAN_POINT ( 'NONE',  ( 20.00000000000000000, 69.99999999999998579, -25.00000000000000000 ) ) ;
#1945 = CYLINDRICAL_SURFACE ( 'NONE', #12, 5.499999999999949374 ) ;
#1946 = ORIENTED_EDGE ( 'NONE', *, *, #587, .F. ) ;
#1947 = PLANE ( 'NONE',  #792 ) ;
#1948 = DIRECTION ( 'NONE',  ( 0.000000000000000000, 0.000000000000000000, -1.000000000000000000 ) ) ;
#1949 = CARTESIAN_POINT ( 'NONE',  ( 20.00000000000000000, 265.4278631898104663, -344.7916909856868415 ) ) ;
#1950 = EDGE_CURVE ( 'NONE', #985, #1345, #1589, .T. ) ;
#1951 = VERTEX_POINT ( 'NONE', #264 ) ;
#1952 = CARTESIAN_POINT ( 'NONE',  ( 20.00000000000000000, 251.1270659804534660, -152.7094431444127167 ) ) ;
#1953 = DIRECTION ( 'NONE',  ( 0.000000000000000000, 0.000000000000000000, -1.000000000000000000 ) ) ;
#1954 = DIRECTION ( 'NONE',  ( -1.000000000000000000, -0.000000000000000000, -0.000000000000000000 ) ) ;
#1955 = EDGE_LOOP ( 'NONE', ( #419, #1219, #163, #2319 ) ) ;
#1956 = CIRCLE ( 'NONE', #919, 5.500000000000005329 ) ;
#1957 = DIRECTION ( 'NONE',  ( 1.000000000000000000, -0.000000000000000000, -0.000000000000000000 ) ) ;
#1958 = CARTESIAN_POINT ( 'NONE',  ( 20.00000000000000000, 207.5436840090796409, -351.5586233888058132 ) ) ;
#1959 = CIRCLE ( 'NONE', #1732, 2.000000000000001776 ) ;
#1960 = EDGE_LOOP ( 'NONE', ( #2043, #603, #694, #947, #273, #1108, #585, #1748 ) ) ;
#1961 = EDGE_CURVE ( 'NONE', #2188, #707, #2279, .T. ) ;
#1962 = DIRECTION ( 'NONE',  ( 1.000000000000000000, -0.000000000000000000, -0.000000000000000000 ) ) ;
#1963 = EDGE_CURVE ( 'NONE', #1277, #1307, #1324, .T. ) ;
#1964 = DIRECTION ( 'NONE',  ( 0.000000000000000000, 0.000000000000000000, -1.000000000000000000 ) ) ;
#1965 = DIRECTION ( 'NONE',  ( 0.000000000000000000, 0.000000000000000000, -1.000000000000000000 ) ) ;
#1966 = VERTEX_POINT ( 'NONE', #652 ) ;
#1967 = DIRECTION ( 'NONE',  ( 1.000000000000000000, -0.000000000000000000, -0.000000000000000000 ) ) ;
#1968 = DIRECTION ( 'NONE',  ( 1.000000000000000000, -0.000000000000000000, -0.000000000000000000 ) ) ;
#1969 = AXIS2_PLACEMENT_3D ( 'NONE', #1706, #1128, #58 ) ;
#1970 = LINE ( 'NONE', #513, #1560 ) ;
#1971 = ORIENTED_EDGE ( 'NONE', *, *, #1597, .F. ) ;
#1972 = DIRECTION ( 'NONE',  ( 1.000000000000000000, -0.000000000000000000, -0.000000000000000000 ) ) ;
#1973 = CC_DESIGN_PERSON_AND_ORGANIZATION_ASSIGNMENT ( #572, #390, ( #869 ) ) ;
#1974 = APPLICATION_PROTOCOL_DEFINITION ( 'international standard', 'config_control_design', 1994, #275 ) ;
#1975 = CARTESIAN_POINT ( 'NONE',  ( 20.00000000000000000, 41.38204024321683505, -440.8113293913697817 ) ) ;
#1976 = CARTESIAN_POINT ( 'NONE',  ( 20.00000000000000000, 170.0892151274302364, -297.7603862678912492 ) ) ;
#1977 = CIRCLE ( 'NONE', #1819, 4.199999999999995737 ) ;
#1978 = EDGE_CURVE ( 'NONE', #802, #194, #746, .T. ) ;
#1979 = ORIENTED_EDGE ( 'NONE', *, *, #806, .T. ) ;
#1980 = ADVANCED_FACE ( 'NONE', ( #2105 ), #1945, .F. ) ;
#1981 = FACE_OUTER_BOUND ( 'NONE', #2001, .T. ) ;
#1982 = DIRECTION ( 'NONE',  ( 1.000000000000000000, -0.000000000000000000, -0.000000000000000000 ) ) ;
#1983 = CARTESIAN_POINT ( 'NONE',  ( 20.00000000000000000, 235.8599999999999852, -29.20000000000000995 ) ) ;
#1984 = VECTOR ( 'NONE', #1701, 1000.000000000000000 ) ;
#1985 = ORIENTED_EDGE ( 'NONE', *, *, #294, .T. ) ;
#1986 = AXIS2_PLACEMENT_3D ( 'NONE', #953, #2247, #423 ) ;
#1987 = LINE ( 'NONE', #1797, #2360 ) ;
#1988 = ORIENTED_EDGE ( 'NONE', *, *, #702, .F. ) ;
#1989 = UNCERTAINTY_MEASURE_WITH_UNIT (LENGTH_MEASURE( 1.000000000000000082E-05 ), #1615, 'distance_accuracy_value', 'NONE');
#1990 = DIRECTION ( 'NONE',  ( 1.000000000000000000, -0.000000000000000000, -0.000000000000000000 ) ) ;
#1991 = CARTESIAN_POINT ( 'NONE',  ( 20.00000000000000000, 151.0214855149542075, -382.2031888374281152 ) ) ;
#1992 = VERTEX_POINT ( 'NONE', #1594 ) ;
#1993 = EDGE_CURVE ( 'NONE', #1281, #1637, #14, .T. ) ;
#1994 = DIRECTION ( 'NONE',  ( 0.000000000000000000, 0.000000000000000000, -1.000000000000000000 ) ) ;
#1995 = FACE_BOUND ( 'NONE', #175, .T. ) ;
#1996 = EDGE_LOOP ( 'NONE', ( #598, #94, #822, #1839 ) ) ;
#1997 = CARTESIAN_POINT ( 'NONE',  ( 20.00000000000000000, 129.9107848725699625, -224.2134291911979176 ) ) ;
#1998 = AXIS2_PLACEMENT_3D ( 'NONE', #164, #1475, #2242 ) ;
#1999 = ORIENTED_EDGE ( 'NONE', *, *, #1012, .F. ) ;
#2000 = DIRECTION ( 'NONE',  ( 1.000000000000000000, -0.000000000000000000, -0.000000000000000000 ) ) ;
#2001 = EDGE_LOOP ( 'NONE', ( #1505, #892, #148, #217 ) ) ;
#2002 = DIRECTION ( 'NONE',  ( 1.000000000000000000, -0.000000000000000000, -0.000000000000000000 ) ) ;
#2003 = CARTESIAN_POINT ( 'NONE',  ( 0.000000000000000000, 129.9107848725699625, -224.2134291911979176 ) ) ;
#2004 = ORIENTED_EDGE ( 'NONE', *, *, #1148, .F. ) ;
#2005 = DIRECTION ( 'NONE',  ( 1.000000000000000000, -0.000000000000000000, -0.000000000000000000 ) ) ;
#2006 = CARTESIAN_POINT ( 'NONE',  ( 0.000000000000000000, 235.8599999999999852, -20.79999999999999361 ) ) ;
#2007 = ORIENTED_EDGE ( 'NONE', *, *, #906, .T. ) ;
#2008 = CARTESIAN_POINT ( 'NONE',  ( 0.000000000000000000, 150.3404951716514404, -537.4260160805391706 ) ) ;
#2009 = ADVANCED_FACE ( 'NONE', ( #301 ), #1548, .F. ) ;
#2010 = AXIS2_PLACEMENT_3D ( 'NONE', #146, #876, #1610 ) ;
#2011 = ORIENTED_EDGE ( 'NONE', *, *, #2156, .F. ) ;
#2012 = VERTEX_POINT ( 'NONE', #995 ) ;
#2013 = EDGE_LOOP ( 'NONE', ( #1557, #1212, #583, #2007 ) ) ;
#2014 = FACE_OUTER_BOUND ( 'NONE', #1170, .T. ) ;
#2015 = VECTOR ( 'NONE', #83, 1000.000000000000000 ) ;
#2016 = VECTOR ( 'NONE', #664, 1000.000000000000000 ) ;
#2017 = FACE_OUTER_BOUND ( 'NONE', #2051, .T. ) ;
#2018 = DIRECTION ( 'NONE',  ( 1.000000000000000000, -0.000000000000000000, -0.000000000000000000 ) ) ;
#2019 = ORIENTED_EDGE ( 'NONE', *, *, #2302, .F. ) ;
#2020 = CARTESIAN_POINT ( 'NONE',  ( 0.000000000000000000, 207.5436840090796409, -510.2293733783387211 ) ) ;
#2021 = AXIS2_PLACEMENT_3D ( 'NONE', #149, #1674, #2351 ) ;
#2022 = EDGE_LOOP ( 'NONE', ( #1545, #2145 ) ) ;
#2023 = COORDINATED_UNIVERSAL_TIME_OFFSET ( 1, 0, .AHEAD. ) ;
#2024 = EDGE_CURVE ( 'NONE', #2101, #939, #633, .T. ) ;
#2025 = EDGE_LOOP ( 'NONE', ( #789, #667, #17, #1045 ) ) ;
#2026 = FACE_OUTER_BOUND ( 'NONE', #541, .T. ) ;
#2027 = AXIS2_PLACEMENT_3D ( 'NONE', #1530, #2262, #1558 ) ;
#2028 = DIRECTION ( 'NONE',  ( -0.000000000000000000, -0.000000000000000000, 1.000000000000000000 ) ) ;
#2029 = CARTESIAN_POINT ( 'NONE',  ( 20.00000000000000000, 55.00184710927118914, -606.3440600675081669 ) ) ;
#2030 = DIRECTION ( 'NONE',  ( 1.000000000000000000, -0.000000000000000000, -0.000000000000000000 ) ) ;
#2031 = EDGE_LOOP ( 'NONE', ( #193, #1795, #41, #468 ) ) ;
#2032 = ORIENTED_EDGE ( 'NONE', *, *, #338, .T. ) ;
#2033 = LINE ( 'NONE', #38, #2354 ) ;
#2034 = CYLINDRICAL_SURFACE ( 'NONE', #951, 10.00000000000000888 ) ;
#2035 = ORIENTED_EDGE ( 'NONE', *, *, #848, .F. ) ;
#2036 = APPROVAL_ROLE ( '' ) ;
#2037 = AXIS2_PLACEMENT_3D ( 'NONE', #896, #1593, #2321 ) ;
#2038 = VERTEX_POINT ( 'NONE', #681 ) ;
#2039 = AXIS2_PLACEMENT_3D ( 'NONE', #366, #2189, #2363 ) ;
#2040 = ADVANCED_FACE ( 'NONE', ( #1583 ), #841, .F. ) ;
#2041 = CYLINDRICAL_SURFACE ( 'NONE', #1497, 2.000000000000001776 ) ;
#2042 = CARTESIAN_POINT ( 'NONE',  ( 20.00000000000000000, 188.4759543966035835, -181.9920279064295414 ) ) ;
#2043 = ORIENTED_EDGE ( 'NONE', *, *, #369, .T. ) ;
#2044 = CARTESIAN_POINT ( 'NONE',  ( 20.00000000000000000, 265.4278631898104663, -346.7916909856868415 ) ) ;
#2045 = CARTESIAN_POINT ( 'NONE',  ( 20.00000000000000000, 69.99999999999998579, -25.00000000000000000 ) ) ;
#2046 = CARTESIAN_POINT ( 'NONE',  ( 20.00000000000000000, 125.1438524694509766, -76.43852469450851572 ) ) ;
#2047 = ORIENTED_EDGE ( 'NONE', *, *, #1731, .T. ) ;
#2048 = MECHANICAL_CONTEXT ( 'NONE', #2086, 'mechanical' ) ;
#2049 = VECTOR ( 'NONE', #2030, 1000.000000000000000 ) ;
#2050 = ORIENTED_EDGE ( 'NONE', *, *, #1907, .T. ) ;
#2051 = EDGE_LOOP ( 'NONE', ( #1679, #1761, #2263, #1742 ) ) ;
#2052 = AXIS2_PLACEMENT_3D ( 'NONE', #1066, #2170, #187 ) ;
#2053 = EDGE_CURVE ( 'NONE', #1867, #1493, #1667, .T. ) ;
#2054 = CARTESIAN_POINT ( 'NONE',  ( 20.00000000000000000, 265.4278631898104663, -346.7916909856868415 ) ) ;
#2055 = DIRECTION ( 'NONE',  ( 0.000000000000000000, 0.000000000000000000, -1.000000000000000000 ) ) ;
#2056 = VERTEX_POINT ( 'NONE', #129 ) ;
#2057 = AXIS2_PLACEMENT_3D ( 'NONE', #1686, #1165, #2058 ) ;
#2058 = DIRECTION ( 'NONE',  ( 0.000000000000000000, 0.000000000000000000, -1.000000000000000000 ) ) ;
#2059 = CARTESIAN_POINT ( 'NONE',  ( 20.00000000000000000, 81.56047049807712312, -530.6590836774201989 ) ) ;
#2060 = CARTESIAN_POINT ( 'NONE',  ( 20.00000000000000000, 63.17373122890378312, -239.1431394902793670 ) ) ;
#2061 = VERTEX_POINT ( 'NONE', #1575 ) ;
#2062 = PERSON_AND_ORGANIZATION_ROLE ( 'design_owner' ) ;
#2063 = EDGE_LOOP ( 'NONE', ( #2035, #551, #2280, #1825 ) ) ;
#2064 = VERTEX_POINT ( 'NONE', #2313 ) ;
#2065 = AXIS2_PLACEMENT_3D ( 'NONE', #460, #656, #1389 ) ;
#2066 = CARTESIAN_POINT ( 'NONE',  ( 20.00000000000000000, 10.00000000000000000, 0.000000000000000000 ) ) ;
#2067 = DIRECTION ( 'NONE',  ( 0.000000000000000000, 0.000000000000000000, 1.000000000000000000 ) ) ;
#2068 = VERTEX_POINT ( 'NONE', #290 ) ;
#2069 = ADVANCED_FACE ( 'NONE', ( #477 ), #2093, .F. ) ;
#2070 = FACE_OUTER_BOUND ( 'NONE', #271, .T. ) ;
#2071 = DIRECTION ( 'NONE',  ( 1.000000000000000000, -0.000000000000000000, -0.000000000000000000 ) ) ;
#2072 = CARTESIAN_POINT ( 'NONE',  ( 0.000000000000000000, 71.34561534853638420, -365.1263530012818705 ) ) ;
#2073 = EDGE_CURVE ( 'NONE', #395, #167, #2130, .T. ) ;
#2074 = VERTEX_POINT ( 'NONE', #829 ) ;
#2075 = ORIENTED_EDGE ( 'NONE', *, *, #86, .T. ) ;
#2076 = VECTOR ( 'NONE', #1562, 1000.000000000000000 ) ;
#2077 = EDGE_CURVE ( 'NONE', #2275, #171, #1626, .T. ) ;
#2078 = AXIS2_PLACEMENT_3D ( 'NONE', #529, #1622, #1289 ) ;
#2079 = CARTESIAN_POINT ( 'NONE',  ( 20.00000000000000000, 10.00000000000000000, -10.00000000000000000 ) ) ;
#2080 = CARTESIAN_POINT ( 'NONE',  ( 20.00000000000000000, 249.7650852938480170, -581.1474173653076605 ) ) ;
#2081 = ORIENTED_EDGE ( 'NONE', *, *, #2290, .T. ) ;
#2082 = DIRECTION ( 'NONE',  ( 1.000000000000000000, -0.000000000000000000, -0.000000000000000000 ) ) ;
#2083 = CARTESIAN_POINT ( 'NONE',  ( 0.000000000000000000, 71.34561534853638420, -370.6263530012818705 ) ) ;
#2084 = CARTESIAN_POINT ( 'NONE',  ( 20.00000000000000000, 263.3848921599023356, -455.8022231676997649 ) ) ;
#2085 = ORIENTED_EDGE ( 'NONE', *, *, #2198, .F. ) ;
#2086 = APPLICATION_CONTEXT ( 'configuration controlled 3d designs of mechanical parts and assemblies' ) ;
#2087 = EDGE_CURVE ( 'NONE', #1146, #2149, #1550, .T. ) ;
#2088 = ADVANCED_FACE ( 'NONE', ( #1006 ), #1741, .F. ) ;
#2089 = FACE_OUTER_BOUND ( 'NONE', #527, .T. ) ;
#2090 = ADVANCED_FACE ( 'NONE', ( #2357 ), #1784, .F. ) ;
#2091 = AXIS2_PLACEMENT_3D ( 'NONE', #204, #216, #2055 ) ;
#2092 = FACE_BOUND ( 'NONE', #1195, .T. ) ;
#2093 = CYLINDRICAL_SURFACE ( 'NONE', #899, 5.500000000000060396 ) ;
#2094 = ORIENTED_EDGE ( 'NONE', *, *, #2179, .T. ) ;
#2095 = CYLINDRICAL_SURFACE ( 'NONE', #1943, 5.499999999999949374 ) ;
#2096 = DIRECTION ( 'NONE',  ( 0.000000000000000000, 0.000000000000000000, -1.000000000000000000 ) ) ;
#2097 = CARTESIAN_POINT ( 'NONE',  ( 0.000000000000000000, 251.1270659804534660, -154.7094431444127167 ) ) ;
#2098 = AXIS2_PLACEMENT_3D ( 'NONE', #1757, #458, #1022 ) ;
#2099 = ORIENTED_EDGE ( 'NONE', *, *, #1469, .T. ) ;
#2100 = DIRECTION ( 'NONE',  ( 1.000000000000000000, -0.000000000000000000, -0.000000000000000000 ) ) ;
#2101 = VERTEX_POINT ( 'NONE', #1464 ) ;
#2102 = ADVANCED_FACE ( 'NONE', ( #2014 ), #177, .F. ) ;
#2103 = AXIS2_PLACEMENT_3D ( 'NONE', #845, #2309, #1181 ) ;
#2104 = CARTESIAN_POINT ( 'NONE',  ( 20.00000000000000000, 207.5436840090796409, -351.5586233888058132 ) ) ;
#2105 = FACE_OUTER_BOUND ( 'NONE', #178, .T. ) ;
#2106 = ORIENTED_EDGE ( 'NONE', *, *, #930, .T. ) ;
#2107 = AXIS2_PLACEMENT_3D ( 'NONE', #244, #2260, #976 ) ;
#2108 = DIRECTION ( 'NONE',  ( -1.000000000000000000, 0.000000000000000000, -0.000000000000000000 ) ) ;
#2109 = FACE_BOUND ( 'NONE', #559, .T. ) ;
#2110 = FACE_OUTER_BOUND ( 'NONE', #412, .T. ) ;
#2111 = EDGE_LOOP ( 'NONE', ( #2367, #1121, #886, #457 ) ) ;
#2112 = CARTESIAN_POINT ( 'NONE',  ( 0.000000000000000000, 145.5735627685324403, -450.3022231676997649 ) ) ;
#2113 = ORIENTED_EDGE ( 'NONE', *, *, #2290, .F. ) ;
#2114 = ADVANCED_FACE ( 'NONE', ( #1439 ), #140, .F. ) ;
#2115 = CARTESIAN_POINT ( 'NONE',  ( 0.000000000000000000, 244.9981528907290169, -54.64683370882156055 ) ) ;
#2116 = DIRECTION ( 'NONE',  ( 1.000000000000000000, -0.000000000000000000, -0.000000000000000000 ) ) ;
#2117 = EDGE_CURVE ( 'NONE', #1576, #353, #1822, .T. ) ;
#2118 = AXIS2_PLACEMENT_3D ( 'NONE', #1696, #744, #1116 ) ;
#2119 = EDGE_LOOP ( 'NONE', ( #1836, #905 ) ) ;
#2120 = DIRECTION ( 'NONE',  ( -1.000000000000000000, -0.000000000000000000, -0.000000000000000000 ) ) ;
#2121 = FACE_BOUND ( 'NONE', #141, .T. ) ;
#2122 = CYLINDRICAL_SURFACE ( 'NONE', #32, 10.00000000000000000 ) ;
#2123 = CARTESIAN_POINT ( 'NONE',  ( 0.000000000000000000, 63.17373122890378312, -244.6431394902793954 ) ) ;
#2124 = ORIENTED_EDGE ( 'NONE', *, *, #1026, .F. ) ;
#2125 = LINE ( 'NONE', #610, #1000 ) ;
#2126 = DIRECTION ( 'NONE',  ( 0.000000000000000000, 0.000000000000000000, -1.000000000000000000 ) ) ;
#2127 = EDGE_LOOP ( 'NONE', ( #978, #635, #996, #205 ) ) ;
#2128 = CIRCLE ( 'NONE', #2091, 5.499999999999949374 ) ;
#2129 = EDGE_CURVE ( 'NONE', #167, #395, #1092, .T. ) ;
#2130 = CIRCLE ( 'NONE', #475, 5.500000000000005329 ) ;
#2131 = FACE_OUTER_BOUND ( 'NONE', #10, .T. ) ;
#2132 = CARTESIAN_POINT ( 'NONE',  ( 20.00000000000000000, 300.0000000000000000, -640.0000000000000000 ) ) ;
#2133 = DIRECTION ( 'NONE',  ( 0.000000000000000000, 0.000000000000000000, 1.000000000000000000 ) ) ;
#2134 = VERTEX_POINT ( 'NONE', #1653 ) ;
#2135 = AXIS2_PLACEMENT_3D ( 'NONE', #2221, #2082, #432 ) ;
#2136 = CARTESIAN_POINT ( 'NONE',  ( 20.00000000000000000, 71.34561534853638420, -370.6263530012818705 ) ) ;
#2137 = DIRECTION ( 'NONE',  ( 0.000000000000000000, 0.000000000000000000, -1.000000000000000000 ) ) ;
#2138 = ORIENTED_EDGE ( 'NONE', *, *, #2117, .F. ) ;
#2139 = LOCAL_TIME ( 11, 18, 5.000000000000000000, #1851 ) ;
#2140 = CARTESIAN_POINT ( 'NONE',  ( 0.000000000000000000, 188.4759543966035835, -181.9920279064295414 ) ) ;
#2141 = DIRECTION ( 'NONE',  ( 1.000000000000000000, -0.000000000000000000, -0.000000000000000000 ) ) ;
#2142 = EDGE_CURVE ( 'NONE', #286, #2340, #1206, .T. ) ;
#2143 = ADVANCED_FACE ( 'NONE', ( #873 ), #1416, .F. ) ;
#2144 = EDGE_CURVE ( 'NONE', #1630, #450, #825, .T. ) ;
#2145 = ORIENTED_EDGE ( 'NONE', *, *, #1435, .F. ) ;
#2146 = CARTESIAN_POINT ( 'NONE',  ( 20.00000000000000000, 10.00000000000000000, -640.0000000000000000 ) ) ;
#2147 = DIRECTION ( 'NONE',  ( 0.000000000000000000, 0.000000000000000000, -1.000000000000000000 ) ) ;
#2148 = CARTESIAN_POINT ( 'NONE',  ( 20.00000000000000000, 235.8599999999999852, -20.79999999999999361 ) ) ;
#2149 = VERTEX_POINT ( 'NONE', #2148 ) ;
#2150 = AXIS2_PLACEMENT_3D ( 'NONE', #705, #150, #359 ) ;
#2151 = DIRECTION ( 'NONE',  ( 0.000000000000000000, 0.000000000000000000, -1.000000000000000000 ) ) ;
#2152 = CARTESIAN_POINT ( 'NONE',  ( 20.00000000000000000, 145.5735627685324403, -450.3022231676997649 ) ) ;
#2153 = AXIS2_PLACEMENT_3D ( 'NONE', #1265, #712, #170 ) ;
#2154 = DIRECTION ( 'NONE',  ( -1.000000000000000000, 0.000000000000000000, 0.000000000000000000 ) ) ;
#2155 = ORIENTED_EDGE ( 'NONE', *, *, #1171, .F. ) ;
#2156 = EDGE_CURVE ( 'NONE', #977, #607, #1641, .T. ) ;
#2157 = CARTESIAN_POINT ( 'NONE',  ( 0.000000000000000000, 41.38204024321683505, -442.8113293913697817 ) ) ;
#2158 = PLANE ( 'NONE',  #426 ) ;
#2159 = DIRECTION ( 'NONE',  ( 1.000000000000000000, -0.000000000000000000, -0.000000000000000000 ) ) ;
#2160 = EDGE_LOOP ( 'NONE', ( #442, #1287 ) ) ;
#2161 = LINE ( 'NONE', #325, #847 ) ;
#2162 = DIRECTION ( 'NONE',  ( -1.000000000000000000, 0.000000000000000000, 0.000000000000000000 ) ) ;
#2163 = AXIS2_PLACEMENT_3D ( 'NONE', #1263, #2346, #696 ) ;
#2164 = DIRECTION ( 'NONE',  ( 1.000000000000000000, -0.000000000000000000, -0.000000000000000000 ) ) ;
#2165 = ORIENTED_EDGE ( 'NONE', *, *, #2370, .F. ) ;
#2166 = DIRECTION ( 'NONE',  ( -1.000000000000000000, -0.000000000000000000, -0.000000000000000000 ) ) ;
#2167 = ADVANCED_FACE ( 'NONE', ( #346 ), #1079, .F. ) ;
#2168 = AXIS2_PLACEMENT_3D ( 'NONE', #1096, #2164, #1278 ) ;
#2169 = DIRECTION ( 'NONE',  ( 1.000000000000000000, -0.000000000000000000, -0.000000000000000000 ) ) ;
#2170 = DIRECTION ( 'NONE',  ( 1.000000000000000000, -0.000000000000000000, -0.000000000000000000 ) ) ;
#2171 = VECTOR ( 'NONE', #2071, 1000.000000000000000 ) ;
#2172 = ORIENTED_EDGE ( 'NONE', *, *, #673, .F. ) ;
#2173 = LINE ( 'NONE', #1442, #871 ) ;
#2174 = CIRCLE ( 'NONE', #1217, 2.000000000000001776 ) ;
#2175 = DIRECTION ( 'NONE',  ( 0.000000000000000000, 0.000000000000000000, 1.000000000000000000 ) ) ;
#2176 = EDGE_LOOP ( 'NONE', ( #198, #1334 ) ) ;
#2177 = LINE ( 'NONE', #354, #2265 ) ;
#2178 = AXIS2_PLACEMENT_3D ( 'NONE', #1207, #2100, #657 ) ;
#2179 = EDGE_CURVE ( 'NONE', #1493, #1867, #1865, .T. ) ;
#2180 = ORIENTED_EDGE ( 'NONE', *, *, #969, .T. ) ;
#2181 = AXIS2_PLACEMENT_3D ( 'NONE', #683, #2005, #1093 ) ;
#2182 = CYLINDRICAL_SURFACE ( 'NONE', #1843, 3.500000000000003109 ) ;
#2183 = DIRECTION ( 'NONE',  ( 1.000000000000000000, -0.000000000000000000, -0.000000000000000000 ) ) ;
#2184 = VERTEX_POINT ( 'NONE', #534 ) ;
#2185 = EDGE_CURVE ( 'NONE', #2038, #620, #1520, .T. ) ;
#2186 = CARTESIAN_POINT ( 'NONE',  ( 0.000000000000000000, 188.4759543966035835, -176.4920279064295414 ) ) ;
#2187 = CARTESIAN_POINT ( 'NONE',  ( 20.00000000000000000, 239.5502301443072781, -249.5051201768848159 ) ) ;
#2188 = VERTEX_POINT ( 'NONE', #884 ) ;
#2189 = DIRECTION ( 'NONE',  ( 1.000000000000000000, -0.000000000000000000, -0.000000000000000000 ) ) ;
#2190 = CIRCLE ( 'NONE', #772, 2.000000000000001776 ) ;
#2191 = EDGE_LOOP ( 'NONE', ( #1245, #730 ) ) ;
#2192 = ORIENTED_EDGE ( 'NONE', *, *, #2241, .F. ) ;
#2193 = CARTESIAN_POINT ( 'NONE',  ( 20.00000000000000000, 95.86126770743412351, -483.5757017060464023 ) ) ;
#2194 = DIRECTION ( 'NONE',  ( 0.000000000000000000, 0.000000000000000000, -1.000000000000000000 ) ) ;
#2195 = DIRECTION ( 'NONE',  ( 1.000000000000000000, -0.000000000000000000, -0.000000000000000000 ) ) ;
#2196 = FACE_OUTER_BOUND ( 'NONE', #1075, .T. ) ;
#2197 = ORIENTED_EDGE ( 'NONE', *, *, #123, .T. ) ;
#2198 = EDGE_CURVE ( 'NONE', #135, #1755, #944, .T. ) ;
#2199 = EDGE_LOOP ( 'NONE', ( #2273, #45, #2285, #960 ) ) ;
#2200 = DIRECTION ( 'NONE',  ( 0.000000000000000000, 0.000000000000000000, 1.000000000000000000 ) ) ;
#2201 = ORIENTED_EDGE ( 'NONE', *, *, #1892, .T. ) ;
#2202 = APPROVAL_DATE_TIME ( #1482, #465 ) ;
#2203 = VERTEX_POINT ( 'NONE', #1244 ) ;
#2204 = FACE_OUTER_BOUND ( 'NONE', #515, .T. ) ;
#2205 = CIRCLE ( 'NONE', #1902, 5.500000000000060396 ) ;
#2206 = LINE ( 'NONE', #1149, #44 ) ;
#2207 = LINE ( 'NONE', #2372, #364 ) ;
#2208 = EDGE_LOOP ( 'NONE', ( #1160, #640 ) ) ;
#2209 = ORIENTED_EDGE ( 'NONE', *, *, #1130, .T. ) ;
#2210 = CARTESIAN_POINT ( 'NONE',  ( 20.00000000000000000, 151.0214855149542075, -382.2031888374281152 ) ) ;
#2211 = EDGE_CURVE ( 'NONE', #493, #1307, #1824, .T. ) ;
#2212 = APPROVAL_PERSON_ORGANIZATION ( #765, #1553, #584 ) ;
#2213 = ORIENTED_EDGE ( 'NONE', *, *, #1993, .T. ) ;
#2214 = PERSON_AND_ORGANIZATION_ROLE ( 'creator' ) ;
#2215 = AXIS2_PLACEMENT_3D ( 'NONE', #472, #1903, #101 ) ;
#2216 = ADVANCED_FACE ( 'NONE', ( #1617 ), #1235, .F. ) ;
#2217 = ORIENTED_EDGE ( 'NONE', *, *, #68, .F. ) ;
#2218 = DIRECTION ( 'NONE',  ( -1.000000000000000000, -0.000000000000000000, -0.000000000000000000 ) ) ;
#2219 = FACE_OUTER_BOUND ( 'NONE', #1048, .T. ) ;
#2220 = ORIENTED_EDGE ( 'NONE', *, *, #114, .T. ) ;
#2221 = CARTESIAN_POINT ( 'NONE',  ( 20.00000000000000000, 263.3848921599023356, -450.3022231676997649 ) ) ;
#2222 = CARTESIAN_POINT ( 'NONE',  ( -3.673940397442058882E-17, 69.99999999999998579, -620.8000000000000682 ) ) ;
#2223 = DIRECTION ( 'NONE',  ( 1.000000000000000000, -0.000000000000000000, -0.000000000000000000 ) ) ;
#2224 = ORIENTED_EDGE ( 'NONE', *, *, #2087, .T. ) ;
#2225 = COORDINATED_UNIVERSAL_TIME_OFFSET ( 1, 0, .AHEAD. ) ;
#2226 = CIRCLE ( 'NONE', #578, 10.00000000000000000 ) ;
#2227 = VERTEX_POINT ( 'NONE', #562 ) ;
#2228 = EDGE_CURVE ( 'NONE', #1077, #2064, #1298, .T. ) ;
#2229 = AXIS2_PLACEMENT_3D ( 'NONE', #1243, #2356, #1078 ) ;
#2230 = CYLINDRICAL_SURFACE ( 'NONE', #1036, 4.199999999999981526 ) ;
#2231 = CARTESIAN_POINT ( 'NONE',  ( 20.00000000000000000, 55.00184710927118914, -599.3440600675082806 ) ) ;
#2232 = VERTEX_POINT ( 'NONE', #743 ) ;
#2233 = CARTESIAN_POINT ( 'NONE',  ( 20.00000000000000000, 300.0000000000000000, -10.00000000000000000 ) ) ;
#2234 = CARTESIAN_POINT ( 'NONE',  ( 20.00000000000000000, 69.99999999999998579, -20.80000000000000426 ) ) ;
#2235 = LINE ( 'NONE', #763, #608 ) ;
#2236 = ORIENTED_EDGE ( 'NONE', *, *, #120, .F. ) ;
#2237 = VECTOR ( 'NONE', #1734, 1000.000000000000000 ) ;
#2238 = ORIENTED_EDGE ( 'NONE', *, *, #1541, .F. ) ;
#2239 = AXIS2_PLACEMENT_3D ( 'NONE', #909, #1427, #721 ) ;
#2240 = ADVANCED_FACE ( 'NONE', ( #2204 ), #668, .F. ) ;
#2241 = EDGE_CURVE ( 'NONE', #347, #1576, #1040, .T. ) ;
#2242 = DIRECTION ( 'NONE',  ( 0.000000000000000000, 0.000000000000000000, -1.000000000000000000 ) ) ;
#2243 = CARTESIAN_POINT ( 'NONE',  ( 20.00000000000000000, 186.4329833666954528, -90.69635087395732853 ) ) ;
#2244 = EDGE_LOOP ( 'NONE', ( #1095, #489 ) ) ;
#2245 = FACE_OUTER_BOUND ( 'NONE', #1802, .T. ) ;
#2246 = CARTESIAN_POINT ( 'NONE',  ( 20.00000000000000000, 44.10600161642773998, -104.2640804864334854 ) ) ;
#2247 = DIRECTION ( 'NONE',  ( 1.000000000000000000, -0.000000000000000000, -0.000000000000000000 ) ) ;
#2248 = ORIENTED_EDGE ( 'NONE', *, *, #144, .F. ) ;
#2249 =( GEOMETRIC_REPRESENTATION_CONTEXT ( 3 ) GLOBAL_UNCERTAINTY_ASSIGNED_CONTEXT ( ( #1989 ) ) GLOBAL_UNIT_ASSIGNED_CONTEXT ( ( #1615, #893, #1449 ) ) REPRESENTATION_CONTEXT ( 'NONE', 'WORKASPACE' ) );
#2250 = VERTEX_POINT ( 'NONE', #344 ) ;
#2251 = VERTEX_POINT ( 'NONE', #531 ) ;
#2252 = VERTEX_POINT ( 'NONE', #1267 ) ;
#2253 = CIRCLE ( 'NONE', #1339, 4.199999999999981526 ) ;
#2254 = CARTESIAN_POINT ( 'NONE',  ( 20.00000000000000000, 150.3404951716514404, -533.4260160805391706 ) ) ;
#2255 = CYLINDRICAL_SURFACE ( 'NONE', #1432, 2.000000000000001776 ) ;
#2256 = ORIENTED_EDGE ( 'NONE', *, *, #1573, .F. ) ;
#2257 = EDGE_CURVE ( 'NONE', #1357, #1871, #1791, .T. ) ;
#2258 = DIRECTION ( 'NONE',  ( 0.000000000000000000, 0.000000000000000000, -1.000000000000000000 ) ) ;
#2259 = DIRECTION ( 'NONE',  ( 1.000000000000000000, -0.000000000000000000, -0.000000000000000000 ) ) ;
#2260 = DIRECTION ( 'NONE',  ( 1.000000000000000000, -0.000000000000000000, -0.000000000000000000 ) ) ;
#2261 = ORIENTED_EDGE ( 'NONE', *, *, #839, .T. ) ;
#2262 = DIRECTION ( 'NONE',  ( 1.000000000000000000, -0.000000000000000000, -0.000000000000000000 ) ) ;
#2263 = ORIENTED_EDGE ( 'NONE', *, *, #1367, .T. ) ;
#2264 = CIRCLE ( 'NONE', #1227, 3.500000000000003109 ) ;
#2265 = VECTOR ( 'NONE', #903, 1000.000000000000000 ) ;
#2266 = FACE_BOUND ( 'NONE', #2208, .T. ) ;
#2267 = DIRECTION ( 'NONE',  ( 0.000000000000000000, 0.000000000000000000, -1.000000000000000000 ) ) ;
#2268 = ORIENTED_EDGE ( 'NONE', *, *, #2142, .T. ) ;
#2269 = LINE ( 'NONE', #1924, #752 ) ;
#2270 = DIRECTION ( 'NONE',  ( 0.000000000000000000, 0.000000000000000000, -1.000000000000000000 ) ) ;
#2271 = EDGE_CURVE ( 'NONE', #535, #2250, #373, .T. ) ;
#2272 = LINE ( 'NONE', #2299, #2364 ) ;
#2273 = ORIENTED_EDGE ( 'NONE', *, *, #1961, .F. ) ;
#2274 = DIRECTION ( 'NONE',  ( 0.000000000000000000, 0.000000000000000000, 1.000000000000000000 ) ) ;
#2276 = EDGE_LOOP ( 'NONE', ( #827, #1296, #647, #1660 ) ) ;
#2275 = VERTEX_POINT ( 'NONE', #125 ) ;
#2277 = AXIS2_PLACEMENT_3D ( 'NONE', #2336, #1657, #745 ) ;
#2278 = DIRECTION ( 'NONE',  ( 1.000000000000000000, -0.000000000000000000, -0.000000000000000000 ) ) ;
#2279 = LINE ( 'NONE', #2294, #1164 ) ;
#2280 = ORIENTED_EDGE ( 'NONE', *, *, #2053, .T. ) ;
#2281 = CARTESIAN_POINT ( 'NONE',  ( 20.00000000000000000, 239.5502301443072781, -242.5051201768848159 ) ) ;
#2282 = FACE_BOUND ( 'NONE', #112, .T. ) ;
#2283 = CARTESIAN_POINT ( 'NONE',  ( 20.00000000000000000, 300.0000000000000000, 0.000000000000000000 ) ) ;
#2284 = AXIS2_PLACEMENT_3D ( 'NONE', #2140, #469, #626 ) ;
#2285 = ORIENTED_EDGE ( 'NONE', *, *, #484, .T. ) ;
#2286 = VECTOR ( 'NONE', #950, 1000.000000000000000 ) ;
#2287 = CARTESIAN_POINT ( 'NONE',  ( 0.000000000000000000, 151.0214855149542075, -382.2031888374281152 ) ) ;
#2288 = ORIENTED_EDGE ( 'NONE', *, *, #2355, .T. ) ;
#2289 = EDGE_CURVE ( 'NONE', #1713, #636, #2174, .T. ) ;
#2290 = EDGE_CURVE ( 'NONE', #1077, #977, #518, .T. ) ;
#2291 = VECTOR ( 'NONE', #2028, 1000.000000000000000 ) ;
#2292 = CIRCLE ( 'NONE', #2215, 3.499999999999947597 ) ;
#2293 = FACE_BOUND ( 'NONE', #212, .T. ) ;
#2294 = CARTESIAN_POINT ( 'NONE',  ( 0.000000000000000000, 69.99999999999998579, -29.19999999999999574 ) ) ;
#2295 = ORIENTED_EDGE ( 'NONE', *, *, #308, .T. ) ;
#2296 = VECTOR ( 'NONE', #1899, 1000.000000000000000 ) ;
#2297 = CARTESIAN_POINT ( 'NONE',  ( 0.000000000000000000, 235.8599999999999852, -625.0000000000000000 ) ) ;
#2298 = FACE_BOUND ( 'NONE', #747, .T. ) ;
#2299 = CARTESIAN_POINT ( 'NONE',  ( 20.00000000000000000, 95.86126770743412351, -490.5757017060464023 ) ) ;
#2300 = DIRECTION ( 'NONE',  ( 1.000000000000000000, -0.000000000000000000, -0.000000000000000000 ) ) ;
#2301 = EDGE_LOOP ( 'NONE', ( #1850, #1799, #302, #247 ) ) ;
#2302 = EDGE_CURVE ( 'NONE', #37, #2074, #1830, .T. ) ;
#2303 = FACE_BOUND ( 'NONE', #1101, .T. ) ;
#2304 = DIRECTION ( 'NONE',  ( 1.000000000000000000, -0.000000000000000000, -0.000000000000000000 ) ) ;
#2305 = CIRCLE ( 'NONE', #1422, 5.500000000000005329 ) ;
#2306 = ORIENTED_EDGE ( 'NONE', *, *, #2198, .T. ) ;
#2307 = FACE_OUTER_BOUND ( 'NONE', #2199, .T. ) ;
#2308 = DIRECTION ( 'NONE',  ( -1.000000000000000000, -0.000000000000000000, -0.000000000000000000 ) ) ;
#2309 = DIRECTION ( 'NONE',  ( 1.000000000000000000, -0.000000000000000000, -0.000000000000000000 ) ) ;
#2310 = VERTEX_POINT ( 'NONE', #494 ) ;
#2311 = EDGE_CURVE ( 'NONE', #395, #653, #331, .T. ) ;
#2312 = DIRECTION ( 'NONE',  ( 1.000000000000000000, -0.000000000000000000, -0.000000000000000000 ) ) ;
#2313 = CARTESIAN_POINT ( 'NONE',  ( 0.000000000000000000, 300.0000000000000000, -10.00000000000000000 ) ) ;
#2314 = ORIENTED_EDGE ( 'NONE', *, *, #1961, .T. ) ;
#2315 = EDGE_CURVE ( 'NONE', #152, #67, #1809, .T. ) ;
#2316 = CARTESIAN_POINT ( 'NONE',  ( 0.000000000000000000, 265.4278631898104663, -346.7916909856868415 ) ) ;
#2317 = DIRECTION ( 'NONE',  ( 0.000000000000000000, 0.000000000000000000, -1.000000000000000000 ) ) ;
#2318 = CIRCLE ( 'NONE', #1288, 3.499999999999947597 ) ;
#2319 = ORIENTED_EDGE ( 'NONE', *, *, #1190, .T. ) ;
#2320 = AXIS2_PLACEMENT_3D ( 'NONE', #410, #231, #785 ) ;
#2321 = DIRECTION ( 'NONE',  ( 0.000000000000000000, 0.000000000000000000, -1.000000000000000000 ) ) ;
#2322 = DIRECTION ( 'NONE',  ( 1.000000000000000000, -0.000000000000000000, -0.000000000000000000 ) ) ;
#2323 = ORIENTED_EDGE ( 'NONE', *, *, #1874, .T. ) ;
#2324 = LOCAL_TIME ( 11, 18, 5.000000000000000000, #2023 ) ;
#2325 = CARTESIAN_POINT ( 'NONE',  ( 0.000000000000000000, 55.00184710927118914, -602.8440600675082806 ) ) ;
#2326 = DIRECTION ( 'NONE',  ( 0.000000000000000000, 0.000000000000000000, -1.000000000000000000 ) ) ;
#2327 = EDGE_CURVE ( 'NONE', #1073, #1275, #1987, .T. ) ;
#2328 = DIRECTION ( 'NONE',  ( 0.000000000000000000, 0.000000000000000000, -1.000000000000000000 ) ) ;
#2329 = ORIENTED_EDGE ( 'NONE', *, *, #766, .T. ) ;
#2330 = DIRECTION ( 'NONE',  ( 1.000000000000000000, -0.000000000000000000, -0.000000000000000000 ) ) ;
#2331 = LINE ( 'NONE', #1415, #78 ) ;
#2332 = DIRECTION ( 'NONE',  ( 1.000000000000000000, -0.000000000000000000, -0.000000000000000000 ) ) ;
#2333 = EDGE_LOOP ( 'NONE', ( #1083, #370, #2201, #1450 ) ) ;
#2334 = CIRCLE ( 'NONE', #537, 4.199999999999981526 ) ;
#2335 = DIRECTION ( 'NONE',  ( 0.000000000000000000, 0.000000000000000000, 1.000000000000000000 ) ) ;
#2336 = CARTESIAN_POINT ( 'NONE',  ( 20.00000000000000000, 71.34561534853638420, -370.6263530012818705 ) ) ;
#2337 = CIRCLE ( 'NONE', #2229, 5.499999999999949374 ) ;
#2338 = LINE ( 'NONE', #698, #174 ) ;
#2339 = EDGE_CURVE ( 'NONE', #842, #87, #797, .T. ) ;
#2340 = VERTEX_POINT ( 'NONE', #318 ) ;
#2341 = DIRECTION ( 'NONE',  ( 0.000000000000000000, 0.000000000000000000, -1.000000000000000000 ) ) ;
#2342 = DIRECTION ( 'NONE',  ( 0.000000000000000000, 0.000000000000000000, 1.000000000000000000 ) ) ;
#2343 = DIRECTION ( 'NONE',  ( 0.000000000000000000, 0.000000000000000000, -1.000000000000000000 ) ) ;
#2344 = ORIENTED_EDGE ( 'NONE', *, *, #1556, .T. ) ;
#2345 = CARTESIAN_POINT ( 'NONE',  ( 0.000000000000000000, 207.5436840090796409, -510.2293733783387211 ) ) ;
#2346 = DIRECTION ( 'NONE',  ( 1.000000000000000000, -0.000000000000000000, -0.000000000000000000 ) ) ;
#2347 = ORIENTED_EDGE ( 'NONE', *, *, #1584, .T. ) ;
#2348 = AXIS2_PLACEMENT_3D ( 'NONE', #897, #1284, #1965 ) ;
#2349 = DIRECTION ( 'NONE',  ( 1.000000000000000000, -0.000000000000000000, -0.000000000000000000 ) ) ;
#2350 = ORIENTED_EDGE ( 'NONE', *, *, #436, .T. ) ;
#2351 = DIRECTION ( 'NONE',  ( 0.000000000000000000, 0.000000000000000000, -1.000000000000000000 ) ) ;
#2352 = EDGE_LOOP ( 'NONE', ( #1855, #1032, #1694, #1929 ) ) ;
#2353 = EDGE_CURVE ( 'NONE', #1637, #1281, #258, .T. ) ;
#2354 = VECTOR ( 'NONE', #579, 1000.000000000000000 ) ;
#2355 = EDGE_CURVE ( 'NONE', #1477, #2232, #1061, .T. ) ;
#2356 = DIRECTION ( 'NONE',  ( 1.000000000000000000, -0.000000000000000000, -0.000000000000000000 ) ) ;
#2357 = FACE_OUTER_BOUND ( 'NONE', #555, .T. ) ;
#2358 = ORIENTED_EDGE ( 'NONE', *, *, #2211, .T. ) ;
#2359 = DIRECTION ( 'NONE',  ( 1.000000000000000000, -0.000000000000000000, -0.000000000000000000 ) ) ;
#2360 = VECTOR ( 'NONE', #173, 1000.000000000000000 ) ;
#2361 = CARTESIAN_POINT ( 'NONE',  ( 0.000000000000000000, 188.4759543966035835, -181.9920279064295414 ) ) ;
#2362 = ORIENTED_EDGE ( 'NONE', *, *, #2271, .T. ) ;
#2363 = DIRECTION ( 'NONE',  ( 0.000000000000000000, 0.000000000000000000, -1.000000000000000000 ) ) ;
#2364 = VECTOR ( 'NONE', #446, 1000.000000000000000 ) ;
#2365 = EDGE_LOOP ( 'NONE', ( #335, #1613 ) ) ;
#2366 = AXIS2_PLACEMENT_3D ( 'NONE', #1344, #1156, #570 ) ;
#2367 = ORIENTED_EDGE ( 'NONE', *, *, #982, .F. ) ;
#2368 = DIRECTION ( 'NONE',  ( 1.000000000000000000, -0.000000000000000000, -0.000000000000000000 ) ) ;
#2369 = CARTESIAN_POINT ( 'NONE',  ( 20.00000000000000000, 188.4759543966035835, -176.4920279064295414 ) ) ;
#2370 = EDGE_CURVE ( 'NONE', #450, #1255, #517, .T. ) ;
#2371 = DIRECTION ( 'NONE',  ( 1.000000000000000000, -0.000000000000000000, -0.000000000000000000 ) ) ;
#2372 = CARTESIAN_POINT ( 'NONE',  ( 20.00000000000000000, 170.0892151274302364, -295.7603862678912492 ) ) ;
#2373 = ORIENTED_EDGE ( 'NONE', *, *, #1941, .F. ) ;
#2374 = CIRCLE ( 'NONE', #1580, 5.500000000000005329 ) ;
#2375 = CARTESIAN_POINT ( 'NONE',  ( 0.000000000000000000, 300.0000000000000000, -640.0000000000000000 ) ) ;
ENDSEC;
END-ISO-10303-21;
