ISO-10303-21;
HEADER;
FILE_DESCRIPTION (( 'STEP AP203' ),
    '1' );
FILE_NAME ('dak.STEP',
    '2025-03-05T10:20:04',
    ( '' ),
    ( '' ),
    'SwSTEP 2.0',
    'SolidWorks 2024',
    '' );
FILE_SCHEMA (( 'CONFIG_CONTROL_DESIGN' ));
ENDSEC;

DATA;
#1 = ORIENTED_EDGE ( 'NONE', *, *, #2129, .F. ) ;
#2 = DIRECTION ( 'NONE',  ( -0.000000000000000000, 1.000000000000000000, -0.000000000000000000 ) ) ;
#3 = ORIENTED_EDGE ( 'NONE', *, *, #282, .T. ) ;
#4 = DIRECTION ( 'NONE',  ( 0.000000000000000000, 0.000000000000000000, 1.000000000000000000 ) ) ;
#5 = VERTEX_POINT ( 'NONE', #2167 ) ;
#6 = DIRECTION ( 'NONE',  ( -0.000000000000000000, 1.000000000000000000, -0.000000000000000000 ) ) ;
#7 = CC_DESIGN_PERSON_AND_ORGANIZATION_ASSIGNMENT ( #583, #1480, ( #1290 ) ) ;
#8 = EDGE_CURVE ( 'NONE', #826, #551, #1785, .T. ) ;
#9 = DIRECTION ( 'NONE',  ( 0.000000000000000000, 0.000000000000000000, 1.000000000000000000 ) ) ;
#10 = FACE_BOUND ( 'NONE', #1696, .T. ) ;
#11 = ORIENTED_EDGE ( 'NONE', *, *, #356, .T. ) ;
#12 = ADVANCED_FACE ( 'NONE', ( #525 ), #1262, .F. ) ;
#13 = CARTESIAN_POINT ( 'NONE',  ( 589.2242532014537346, 20.00000000000000000, -120.5735627685324687 ) ) ;
#14 = CARTESIAN_POINT ( 'NONE',  ( 275.9686952822043509, 20.00000000000000000, -215.1791432340317556 ) ) ;
#15 = AXIS2_PLACEMENT_3D ( 'NONE', #559, #314, #1424 ) ;
#16 = ORIENTED_EDGE ( 'NONE', *, *, #2069, .T. ) ;
#17 = LINE ( 'NONE', #1517, #1780 ) ;
#18 = DIRECTION ( 'NONE',  ( -0.000000000000000000, 1.000000000000000000, -0.000000000000000000 ) ) ;
#19 = EDGE_CURVE ( 'NONE', #575, #199, #1640, .T. ) ;
#20 = PRODUCT_DEFINITION_SHAPE ( 'NONE', 'NONE',  #366 ) ;
#21 = VECTOR ( 'NONE', #733, 1000.000000000000000 ) ;
#22 = LINE ( 'NONE', #395, #966 ) ;
#23 = DIRECTION ( 'NONE',  ( -0.000000000000000000, 1.000000000000000000, -0.000000000000000000 ) ) ;
#24 = AXIS2_PLACEMENT_3D ( 'NONE', #2338, #518, #492 ) ;
#25 = EDGE_CURVE ( 'NONE', #1674, #1411, #1667, .T. ) ;
#26 = AXIS2_PLACEMENT_3D ( 'NONE', #2354, #1791, #2349 ) ;
#27 = EDGE_LOOP ( 'NONE', ( #884, #2033 ) ) ;
#28 = DIRECTION ( 'NONE',  ( 0.000000000000000000, 0.000000000000000000, 1.000000000000000000 ) ) ;
#29 = ORIENTED_EDGE ( 'NONE', *, *, #1407, .F. ) ;
#30 = DIRECTION ( 'NONE',  ( -0.000000000000000000, 1.000000000000000000, -0.000000000000000000 ) ) ;
#31 = SECURITY_CLASSIFICATION ( '', '', #2277 ) ;
#32 = VECTOR ( 'NONE', #543, 1000.000000000000000 ) ;
#33 = DIRECTION ( 'NONE',  ( -0.000000000000000000, 1.000000000000000000, -0.000000000000000000 ) ) ;
#34 = CYLINDRICAL_SURFACE ( 'NONE', #598, 3.500000000000003109 ) ;
#35 = VERTEX_POINT ( 'NONE', #66 ) ;
#36 = CARTESIAN_POINT ( 'NONE',  ( 90.05833156056286271, 0.000000000000000000, -193.4825005318312776 ) ) ;
#37 = ORIENTED_EDGE ( 'NONE', *, *, #1193, .F. ) ;
#38 = EDGE_CURVE ( 'NONE', #199, #46, #1575, .T. ) ;
#39 = DIRECTION ( 'NONE',  ( 0.000000000000000000, 0.000000000000000000, 1.000000000000000000 ) ) ;
#40 = ORIENTED_EDGE ( 'NONE', *, *, #823, .F. ) ;
#41 = EDGE_CURVE ( 'NONE', #551, #1147, #861, .T. ) ;
#42 = DIRECTION ( 'NONE',  ( -0.000000000000000000, 1.000000000000000000, -0.000000000000000000 ) ) ;
#43 = CARTESIAN_POINT ( 'NONE',  ( 424.4245901221964914, 20.00000000000000000, -106.3157365890835990 ) ) ;
#44 = ORIENTED_EDGE ( 'NONE', *, *, #617, .F. ) ;
#45 = CARTESIAN_POINT ( 'NONE',  ( 102.9971480833144000, 20.00000000000000000, -98.05791040963467253 ) ) ;
#46 = VERTEX_POINT ( 'NONE', #248 ) ;
#47 = ORIENTED_EDGE ( 'NONE', *, *, #173, .F. ) ;
#48 = CARTESIAN_POINT ( 'NONE',  ( 309.3372221040374939, 20.00000000000000000, -41.57868294541738408 ) ) ;
#49 = ADVANCED_FACE ( 'NONE', ( #1564 ), #53, .F. ) ;
#50 = DIRECTION ( 'NONE',  ( -0.000000000000000000, 1.000000000000000000, -0.000000000000000000 ) ) ;
#51 = ORIENTED_EDGE ( 'NONE', *, *, #1137, .T. ) ;
#52 = CIRCLE ( 'NONE', #1817, 3.499999999999947597 ) ;
#53 = CYLINDRICAL_SURFACE ( 'NONE', #1991, 3.500000000000003109 ) ;
#54 = APPROVAL_ROLE ( '' ) ;
#55 = AXIS2_PLACEMENT_3D ( 'NONE', #1962, #1597, #1427 ) ;
#56 = ORIENTED_EDGE ( 'NONE', *, *, #1039, .T. ) ;
#57 = VECTOR ( 'NONE', #2264, 1000.000000000000000 ) ;
#58 = CARTESIAN_POINT ( 'NONE',  ( 425.7865708088019119, 0.000000000000000000, -36.07868294541737697 ) ) ;
#59 = ORIENTED_EDGE ( 'NONE', *, *, #367, .F. ) ;
#60 = DIRECTION ( 'NONE',  ( -0.000000000000000000, 1.000000000000000000, -0.000000000000000000 ) ) ;
#61 = CIRCLE ( 'NONE', #1827, 5.500000000000005329 ) ;
#62 = CARTESIAN_POINT ( 'NONE',  ( 570.1565235889777341, 0.000000000000000000, -192.6634908751340447 ) ) ;
#63 = CARTESIAN_POINT ( 'NONE',  ( 429.1915225253154631, 20.00000000000000000, -213.8692398010046247 ) ) ;
#64 = DIRECTION ( 'NONE',  ( -0.000000000000000000, 1.000000000000000000, -0.000000000000000000 ) ) ;
#65 = ORIENTED_EDGE ( 'NONE', *, *, #1365, .F. ) ;
#66 = CARTESIAN_POINT ( 'NONE',  ( 0.000000000000000000, 20.00000000000000000, -243.3500000000000227 ) ) ;
#67 = ORIENTED_EDGE ( 'NONE', *, *, #738, .F. ) ;
#68 = DIRECTION ( 'NONE',  ( 0.000000000000000000, 0.000000000000000000, 1.000000000000000000 ) ) ;
#69 = ORIENTED_EDGE ( 'NONE', *, *, #1237, .T. ) ;
#70 = LINE ( 'NONE', #2301, #368 ) ;
#71 = CARTESIAN_POINT ( 'NONE',  ( 544.9598808867772277, 20.00000000000000000, -150.5801089037601628 ) ) ;
#72 = CARTESIAN_POINT ( 'NONE',  ( 340.6627778959624493, 20.00000000000000000, -205.6023073978855962 ) ) ;
#73 = VERTEX_POINT ( 'NONE', #1373 ) ;
#74 = DIRECTION ( 'NONE',  ( 0.000000000000000000, 0.000000000000000000, 1.000000000000000000 ) ) ;
#75 = DIRECTION ( 'NONE',  ( -0.000000000000000000, 1.000000000000000000, -0.000000000000000000 ) ) ;
#76 = PERSON_AND_ORGANIZATION_ROLE ( 'design_supplier' ) ;
#77 = EDGE_CURVE ( 'NONE', #1904, #1189, #2099, .T. ) ;
#78 = ORIENTED_EDGE ( 'NONE', *, *, #2083, .T. ) ;
#79 = CARTESIAN_POINT ( 'NONE',  ( 0.000000000000000000, 20.00000000000000000, 0.000000000000000000 ) ) ;
#80 = ORIENTED_EDGE ( 'NONE', *, *, #2012, .T. ) ;
#81 = ORIENTED_EDGE ( 'NONE', *, *, #1103, .T. ) ;
#82 = DIRECTION ( 'NONE',  ( 0.000000000000000000, 0.000000000000000000, 1.000000000000000000 ) ) ;
#83 = DIRECTION ( 'NONE',  ( 0.000000000000000000, 0.000000000000000000, 1.000000000000000000 ) ) ;
#84 = ORIENTED_EDGE ( 'NONE', *, *, #432, .T. ) ;
#85 = DIRECTION ( 'NONE',  ( 0.000000000000000000, 0.000000000000000000, 1.000000000000000000 ) ) ;
#86 = VECTOR ( 'NONE', #245, 1000.000000000000000 ) ;
#87 = EDGE_LOOP ( 'NONE', ( #2355, #1548 ) ) ;
#88 = DIRECTION ( 'NONE',  ( -0.000000000000000000, 1.000000000000000000, -0.000000000000000000 ) ) ;
#89 = CIRCLE ( 'NONE', #1890, 5.500000000000005329 ) ;
#90 = ORIENTED_EDGE ( 'NONE', *, *, #1078, .T. ) ;
#91 = ADVANCED_FACE ( 'NONE', ( #1395 ), #2128, .F. ) ;
#92 = AXIS2_PLACEMENT_3D ( 'NONE', #494, #2340, #121 ) ;
#93 = AXIS2_PLACEMENT_3D ( 'NONE', #417, #2242, #957 ) ;
#94 = AXIS2_PLACEMENT_3D ( 'NONE', #2292, #621, #814 ) ;
#95 = CIRCLE ( 'NONE', #1669, 10.00000000000000000 ) ;
#96 = DIRECTION ( 'NONE',  ( -0.000000000000000000, 1.000000000000000000, -0.000000000000000000 ) ) ;
#97 = VECTOR ( 'NONE', #1926, 1000.000000000000000 ) ;
#98 = LINE ( 'NONE', #825, #1740 ) ;
#99 = ORIENTED_EDGE ( 'NONE', *, *, #872, .T. ) ;
#100 = DIRECTION ( 'NONE',  ( -0.000000000000000000, 1.000000000000000000, -0.000000000000000000 ) ) ;
#101 = ORIENTED_EDGE ( 'NONE', *, *, #1314, .T. ) ;
#102 = DIRECTION ( 'NONE',  ( 0.000000000000000000, 0.000000000000000000, 1.000000000000000000 ) ) ;
#103 = FACE_OUTER_BOUND ( 'NONE', #1361, .T. ) ;
#104 = ORIENTED_EDGE ( 'NONE', *, *, #2125, .F. ) ;
#105 = EDGE_LOOP ( 'NONE', ( #1423, #2036, #1284, #2243 ) ) ;
#106 = CARTESIAN_POINT ( 'NONE',  ( 502.0574892587061981, 20.00000000000000000, -121.9355434551378892 ) ) ;
#107 = VERTEX_POINT ( 'NONE', #482 ) ;
#108 = ADVANCED_FACE ( 'NONE', ( #1707 ), #2117, .F. ) ;
#109 = EDGE_CURVE ( 'NONE', #949, #1904, #2105, .T. ) ;
#110 = DIRECTION ( 'NONE',  ( -0.000000000000000000, 1.000000000000000000, -0.000000000000000000 ) ) ;
#111 = VERTEX_POINT ( 'NONE', #1531 ) ;
#112 = DIRECTION ( 'NONE',  ( -0.000000000000000000, 1.000000000000000000, -0.000000000000000000 ) ) ;
#113 = CARTESIAN_POINT ( 'NONE',  ( 77.11951503781122597, 20.00000000000000000, -44.30264431862823216 ) ) ;
#114 = VERTEX_POINT ( 'NONE', #1745 ) ;
#115 = EDGE_CURVE ( 'NONE', #297, #2023, #126, .T. ) ;
#116 = DIRECTION ( 'NONE',  ( -0.000000000000000000, 1.000000000000000000, -0.000000000000000000 ) ) ;
#117 = EDGE_LOOP ( 'NONE', ( #1502, #2123, #1902, #669 ) ) ;
#118 = ORIENTED_EDGE ( 'NONE', *, *, #1507, .T. ) ;
#119 = DIRECTION ( 'NONE',  ( 0.000000000000000000, 0.000000000000000000, 1.000000000000000000 ) ) ;
#120 = ORIENTED_EDGE ( 'NONE', *, *, #2336, .T. ) ;
#121 = DIRECTION ( 'NONE',  ( 0.000000000000000000, 0.000000000000000000, 1.000000000000000000 ) ) ;
#122 = EDGE_CURVE ( 'NONE', #188, #2006, #1844, .T. ) ;
#123 = CARTESIAN_POINT ( 'NONE',  ( 278.0116663121124816, 20.00000000000000000, -160.7949640533009017 ) ) ;
#124 = DIRECTION ( 'NONE',  ( -0.000000000000000000, 1.000000000000000000, -0.000000000000000000 ) ) ;
#125 = CARTESIAN_POINT ( 'NONE',  ( 278.0116663121124816, 0.000000000000000000, -160.7949640533009017 ) ) ;
#126 = CIRCLE ( 'NONE', #209, 5.500000000000005329 ) ;
#127 = DIRECTION ( 'NONE',  ( 0.000000000000000000, 0.000000000000000000, 1.000000000000000000 ) ) ;
#128 = ORIENTED_EDGE ( 'NONE', *, *, #1254, .T. ) ;
#129 = EDGE_LOOP ( 'NONE', ( #257, #1582, #2081, #1 ) ) ;
#130 = AXIS2_PLACEMENT_3D ( 'NONE', #833, #977, #1716 ) ;
#131 = FACE_OUTER_BOUND ( 'NONE', #1866, .T. ) ;
#132 = ORIENTED_EDGE ( 'NONE', *, *, #1628, .T. ) ;
#133 = DIRECTION ( 'NONE',  ( 0.000000000000000000, 0.000000000000000000, 1.000000000000000000 ) ) ;
#134 = ADVANCED_FACE ( 'NONE', ( #1359 ), #1187, .F. ) ;
#135 = VECTOR ( 'NONE', #42, 1000.000000000000000 ) ;
#136 = AXIS2_PLACEMENT_3D ( 'NONE', #461, #620, #74 ) ;
#137 = FACE_BOUND ( 'NONE', #892, .T. ) ;
#138 = AXIS2_PLACEMENT_3D ( 'NONE', #1592, #875, #1801 ) ;
#139 = DIRECTION ( 'NONE',  ( -0.000000000000000000, 1.000000000000000000, -0.000000000000000000 ) ) ;
#140 = ORIENTED_EDGE ( 'NONE', *, *, #190, .T. ) ;
#141 = CARTESIAN_POINT ( 'NONE',  ( 255.5389849831228730, 0.000000000000000000, -62.73235461770974553 ) ) ;
#142 = CARTESIAN_POINT ( 'NONE',  ( 255.5389849831228730, 20.00000000000000000, -64.73235461770974553 ) ) ;
#143 = PRODUCT_DEFINITION_FORMATION_WITH_SPECIFIED_SOURCE ( 'ANY', '', #1290, .NOT_KNOWN. ) ;
#144 = AXIS2_PLACEMENT_3D ( 'NONE', #167, #1796, #155 ) ;
#145 = CARTESIAN_POINT ( 'NONE',  ( 429.1915225253154631, 20.00000000000000000, -215.8692398010046247 ) ) ;
#146 = LINE ( 'NONE', #2154, #719 ) ;
#147 = ORIENTED_EDGE ( 'NONE', *, *, #308, .F. ) ;
#148 = ORIENTED_EDGE ( 'NONE', *, *, #555, .F. ) ;
#149 = DIRECTION ( 'NONE',  ( -0.000000000000000000, 1.000000000000000000, -0.000000000000000000 ) ) ;
#150 = VERTEX_POINT ( 'NONE', #1521 ) ;
#151 = CARTESIAN_POINT ( 'NONE',  ( 10.00000000000000000, 20.00000000000000000, -10.00000000000000000 ) ) ;
#152 = LINE ( 'NONE', #567, #980 ) ;
#153 = FACE_OUTER_BOUND ( 'NONE', #1363, .T. ) ;
#154 = DIRECTION ( 'NONE',  ( 0.000000000000000000, 0.000000000000000000, -1.000000000000000000 ) ) ;
#155 = DIRECTION ( 'NONE',  ( 0.000000000000000000, 0.000000000000000000, 1.000000000000000000 ) ) ;
#156 = PRODUCT_RELATED_PRODUCT_CATEGORY ( 'detail', '', ( #1290 ) ) ;
#157 = CIRCLE ( 'NONE', #2346, 2.000000000000001776 ) ;
#158 = COORDINATED_UNIVERSAL_TIME_OFFSET ( 1, 0, .AHEAD. ) ;
#159 = EDGE_LOOP ( 'NONE', ( #759, #1690, #983, #1377 ) ) ;
#160 = CARTESIAN_POINT ( 'NONE',  ( 309.3372221040374939, 20.00000000000000000, -41.57868294541738408 ) ) ;
#161 = ORIENTED_EDGE ( 'NONE', *, *, #593, .F. ) ;
#162 = CARTESIAN_POINT ( 'NONE',  ( 424.4245901221964914, 0.000000000000000000, -108.3157365890835990 ) ) ;
#163 = DIRECTION ( 'NONE',  ( -0.000000000000000000, 1.000000000000000000, -0.000000000000000000 ) ) ;
#164 = EDGE_CURVE ( 'NONE', #2145, #1402, #480, .T. ) ;
#165 = CARTESIAN_POINT ( 'NONE',  ( 489.7996630792572432, 20.00000000000000000, -194.1205198452258287 ) ) ;
#166 = EDGE_LOOP ( 'NONE', ( #1463, #1744 ) ) ;
#167 = CARTESIAN_POINT ( 'NONE',  ( 10.00000000000000000, 20.00000000000000000, -243.3500000000000227 ) ) ;
#168 = DIRECTION ( 'NONE',  ( 0.000000000000000000, 0.000000000000000000, 1.000000000000000000 ) ) ;
#169 = CARTESIAN_POINT ( 'NONE',  ( 588.5432628581510244, 20.00000000000000000, -52.37948015477449815 ) ) ;
#170 = ORIENTED_EDGE ( 'NONE', *, *, #963, .T. ) ;
#171 = CARTESIAN_POINT ( 'NONE',  ( 340.6627778959624493, 20.00000000000000000, -209.1023073978855962 ) ) ;
#172 = EDGE_LOOP ( 'NONE', ( #917, #2365 ) ) ;
#173 = EDGE_CURVE ( 'NONE', #73, #1352, #2055, .T. ) ;
#174 = DIRECTION ( 'NONE',  ( -0.000000000000000000, 1.000000000000000000, -0.000000000000000000 ) ) ;
#175 = AXIS2_PLACEMENT_3D ( 'NONE', #1225, #1979, #332 ) ;
#176 = AXIS2_PLACEMENT_3D ( 'NONE', #2034, #30, #39 ) ;
#177 = DIRECTION ( 'NONE',  ( -0.000000000000000000, 1.000000000000000000, -0.000000000000000000 ) ) ;
#178 = EDGE_CURVE ( 'NONE', #1178, #732, #1350, .T. ) ;
#179 = AXIS2_PLACEMENT_3D ( 'NONE', #541, #1228, #1279 ) ;
#180 = DIRECTION ( 'NONE',  ( 1.000000000000000000, 0.000000000000000000, 0.000000000000000000 ) ) ;
#181 = VECTOR ( 'NONE', #193, 1000.000000000000000 ) ;
#182 = CARTESIAN_POINT ( 'NONE',  ( 25.00000000000000000, 20.00000000000000000, -126.6750000000000114 ) ) ;
#183 = AXIS2_PLACEMENT_3D ( 'NONE', #726, #399, #2041 ) ;
#184 = AXIS2_PLACEMENT_3D ( 'NONE', #1179, #88, #2229 ) ;
#185 =( NAMED_UNIT ( * ) SI_UNIT ( $, .STERADIAN. ) SOLID_ANGLE_UNIT ( ) );
#186 = ORIENTED_EDGE ( 'NONE', *, *, #1981, .T. ) ;
#187 = DIRECTION ( 'NONE',  ( 0.000000000000000000, 0.000000000000000000, 1.000000000000000000 ) ) ;
#188 = VERTEX_POINT ( 'NONE', #1901 ) ;
#189 = DIRECTION ( 'NONE',  ( -0.000000000000000000, 1.000000000000000000, -0.000000000000000000 ) ) ;
#190 = EDGE_CURVE ( 'NONE', #791, #578, #1937, .T. ) ;
#191 = CARTESIAN_POINT ( 'NONE',  ( 309.3372221040374939, 0.000000000000000000, -36.07868294541737697 ) ) ;
#192 = DIRECTION ( 'NONE',  ( -0.000000000000000000, 1.000000000000000000, -0.000000000000000000 ) ) ;
#193 = DIRECTION ( 'NONE',  ( 1.000000000000000000, 0.000000000000000000, 0.000000000000000000 ) ) ;
#194 = CARTESIAN_POINT ( 'NONE',  ( 278.0116663121124816, 20.00000000000000000, -162.7949640533009017 ) ) ;
#195 = FACE_OUTER_BOUND ( 'NONE', #1664, .T. ) ;
#196 = ORIENTED_EDGE ( 'NONE', *, *, #1380, .F. ) ;
#197 = CARTESIAN_POINT ( 'NONE',  ( 275.9686952822043509, 20.00000000000000000, -226.1791432340317556 ) ) ;
#198 = EDGE_LOOP ( 'NONE', ( #277, #1792, #1275, #1996 ) ) ;
#199 = VERTEX_POINT ( 'NONE', #799 ) ;
#200 = CARTESIAN_POINT ( 'NONE',  ( 209.9126319818408604, 0.000000000000000000, -116.4876207087161362 ) ) ;
#201 = EDGE_CURVE ( 'NONE', #1033, #832, #777, .T. ) ;
#202 = DIRECTION ( 'NONE',  ( 0.000000000000000000, 0.000000000000000000, 1.000000000000000000 ) ) ;
#203 = VERTEX_POINT ( 'NONE', #1966 ) ;
#204 = DIRECTION ( 'NONE',  ( -0.000000000000000000, 1.000000000000000000, 0.000000000000000000 ) ) ;
#205 = ORIENTED_EDGE ( 'NONE', *, *, #379, .T. ) ;
#206 = DIRECTION ( 'NONE',  ( 0.000000000000000000, 0.000000000000000000, 1.000000000000000000 ) ) ;
#207 = CIRCLE ( 'NONE', #1556, 2.000000000000001776 ) ;
#208 = FACE_BOUND ( 'NONE', #986, .T. ) ;
#209 = AXIS2_PLACEMENT_3D ( 'NONE', #462, #776, #993 ) ;
#210 = AXIS2_PLACEMENT_3D ( 'NONE', #1464, #1287, #1825 ) ;
#211 = CARTESIAN_POINT ( 'NONE',  ( 209.9126319818408604, 20.00000000000000000, -116.4876207087161362 ) ) ;
#212 = LINE ( 'NONE', #1883, #57 ) ;
#213 = CARTESIAN_POINT ( 'NONE',  ( 102.9971480833144000, 20.00000000000000000, -96.05791040963467253 ) ) ;
#214 = AXIS2_PLACEMENT_3D ( 'NONE', #1927, #2109, #628 ) ;
#215 = AXIS2_PLACEMENT_3D ( 'NONE', #2142, #501, #1965 ) ;
#216 = FACE_BOUND ( 'NONE', #166, .T. ) ;
#217 = AXIS2_PLACEMENT_3D ( 'NONE', #710, #341, #1063 ) ;
#218 = AXIS2_PLACEMENT_3D ( 'NONE', #171, #918, #28 ) ;
#219 = EDGE_CURVE ( 'NONE', #1682, #942, #207, .T. ) ;
#220 = ADVANCED_FACE ( 'NONE', ( #2000 ), #320, .F. ) ;
#221 = VERTEX_POINT ( 'NONE', #1031 ) ;
#222 = CYLINDRICAL_SURFACE ( 'NONE', #1176, 3.499999999999947597 ) ;
#223 = VERTEX_POINT ( 'NONE', #722 ) ;
#224 = CIRCLE ( 'NONE', #339, 2.000000000000001776 ) ;
#225 = FACE_BOUND ( 'NONE', #745, .T. ) ;
#226 = ORIENTED_EDGE ( 'NONE', *, *, #308, .T. ) ;
#227 = FACE_OUTER_BOUND ( 'NONE', #1421, .T. ) ;
#228 = DATE_TIME_ROLE ( 'classification_date' ) ;
#229 = FACE_BOUND ( 'NONE', #500, .T. ) ;
#230 = VERTEX_POINT ( 'NONE', #1600 ) ;
#231 = CARTESIAN_POINT ( 'NONE',  ( 309.3372221040374939, 20.00000000000000000, -41.57868294541738408 ) ) ;
#232 = EDGE_CURVE ( 'NONE', #1970, #2368, #1043, .T. ) ;
#233 = FACE_BOUND ( 'NONE', #1403, .T. ) ;
#234 = EDGE_CURVE ( 'NONE', #886, #2333, #972, .T. ) ;
#235 = CARTESIAN_POINT ( 'NONE',  ( 489.7996630792572432, 20.00000000000000000, -188.6205198452258287 ) ) ;
#236 = CYLINDRICAL_SURFACE ( 'NONE', #1204, 10.00000000000000000 ) ;
#237 = VERTEX_POINT ( 'NONE', #1757 ) ;
#238 = EDGE_CURVE ( 'NONE', #466, #1147, #1430, .T. ) ;
#239 = ORIENTED_EDGE ( 'NONE', *, *, #1322, .F. ) ;
#240 = CARTESIAN_POINT ( 'NONE',  ( 340.6627778959624493, 20.00000000000000000, -209.1023073978855962 ) ) ;
#241 = ORIENTED_EDGE ( 'NONE', *, *, #1219, .T. ) ;
#242 = CARTESIAN_POINT ( 'NONE',  ( 102.9971480833144000, 20.00000000000000000, -96.05791040963467253 ) ) ;
#243 = CARTESIAN_POINT ( 'NONE',  ( 0.000000000000000000, 20.00000000000000000, 0.000000000000000000 ) ) ;
#244 = DIRECTION ( 'NONE',  ( 0.000000000000000000, 0.000000000000000000, 1.000000000000000000 ) ) ;
#245 = DIRECTION ( 'NONE',  ( -0.000000000000000000, 1.000000000000000000, -0.000000000000000000 ) ) ;
#246 = ORIENTED_EDGE ( 'NONE', *, *, #2302, .F. ) ;
#247 = AXIS2_PLACEMENT_3D ( 'NONE', #2065, #2103, #2251 ) ;
#248 = CARTESIAN_POINT ( 'NONE',  ( 159.5193465774398192, 20.00000000000000000, -215.1791432340317556 ) ) ;
#249 = FACE_BOUND ( 'NONE', #2014, .T. ) ;
#250 = EDGE_LOOP ( 'NONE', ( #470, #1657 ) ) ;
#251 = CIRCLE ( 'NONE', #1213, 2.000000000000001776 ) ;
#252 = CARTESIAN_POINT ( 'NONE',  ( 275.9686952822043509, 0.000000000000000000, -220.6791432340317556 ) ) ;
#253 = ORIENTED_EDGE ( 'NONE', *, *, #1878, .F. ) ;
#254 = AXIS2_PLACEMENT_3D ( 'NONE', #1916, #2082, #1503 ) ;
#255 = CYLINDRICAL_SURFACE ( 'NONE', #130, 2.000000000000001776 ) ;
#256 = AXIS2_PLACEMENT_3D ( 'NONE', #1162, #1887, #1903 ) ;
#257 = ORIENTED_EDGE ( 'NONE', *, *, #1482, .F. ) ;
#258 = DIRECTION ( 'NONE',  ( -0.000000000000000000, 1.000000000000000000, -0.000000000000000000 ) ) ;
#259 = CARTESIAN_POINT ( 'NONE',  ( 640.0000000000000000, 0.000000000000000000, 0.000000000000000000 ) ) ;
#260 = CARTESIAN_POINT ( 'NONE',  ( 255.5389849831228730, 0.000000000000000000, -64.73235461770974553 ) ) ;
#261 = DIRECTION ( 'NONE',  ( -0.000000000000000000, 1.000000000000000000, -0.000000000000000000 ) ) ;
#262 = EDGE_LOOP ( 'NONE', ( #1573, #1436 ) ) ;
#263 = PLANE ( 'NONE',  #2246 ) ;
#264 = CARTESIAN_POINT ( 'NONE',  ( 429.1915225253154631, 0.000000000000000000, -213.8692398010046247 ) ) ;
#265 = DIRECTION ( 'NONE',  ( 0.000000000000000000, 1.000000000000000000, 0.000000000000000000 ) ) ;
#266 = ORIENTED_EDGE ( 'NONE', *, *, #268, .T. ) ;
#267 = DIRECTION ( 'NONE',  ( -0.000000000000000000, 1.000000000000000000, -0.000000000000000000 ) ) ;
#268 = EDGE_CURVE ( 'NONE', #1958, #35, #783, .T. ) ;
#269 = ORIENTED_EDGE ( 'NONE', *, *, #2193, .T. ) ;
#270 = DIRECTION ( 'NONE',  ( -0.000000000000000000, 1.000000000000000000, 0.000000000000000000 ) ) ;
#271 = ORIENTED_EDGE ( 'NONE', *, *, #1585, .T. ) ;
#272 = AXIS2_PLACEMENT_3D ( 'NONE', #1622, #1230, #1781 ) ;
#273 = ORIENTED_EDGE ( 'NONE', *, *, #1797, .T. ) ;
#274 = DIRECTION ( 'NONE',  ( 0.000000000000000000, 0.000000000000000000, -1.000000000000000000 ) ) ;
#275 = CARTESIAN_POINT ( 'NONE',  ( 588.5432628581510244, 20.00000000000000000, -55.87948015477444841 ) ) ;
#276 = CARTESIAN_POINT ( 'NONE',  ( 425.7865708088019119, 0.000000000000000000, -41.57868294541738408 ) ) ;
#277 = ORIENTED_EDGE ( 'NONE', *, *, #387, .F. ) ;
#278 = AXIS2_PLACEMENT_3D ( 'NONE', #2149, #1425, #2162 ) ;
#279 = DIRECTION ( 'NONE',  ( -0.000000000000000000, 1.000000000000000000, -0.000000000000000000 ) ) ;
#280 = CARTESIAN_POINT ( 'NONE',  ( 10.00000000000000000, 20.00000000000000000, -243.3500000000000227 ) ) ;
#281 = ORIENTED_EDGE ( 'NONE', *, *, #1981, .F. ) ;
#282 = EDGE_CURVE ( 'NONE', #1918, #1854, #1708, .T. ) ;
#283 = FACE_OUTER_BOUND ( 'NONE', #1383, .T. ) ;
#284 = CIRCLE ( 'NONE', #489, 5.500000000000005329 ) ;
#285 = VERTEX_POINT ( 'NONE', #708 ) ;
#286 = CIRCLE ( 'NONE', #1936, 2.000000000000001776 ) ;
#287 = DIRECTION ( 'NONE',  ( -0.000000000000000000, 1.000000000000000000, -0.000000000000000000 ) ) ;
#288 = EDGE_LOOP ( 'NONE', ( #608, #1800, #2195, #1762 ) ) ;
#289 = AXIS2_PLACEMENT_3D ( 'NONE', #885, #2310, #1771 ) ;
#290 = AXIS2_PLACEMENT_3D ( 'NONE', #2334, #1065, #819 ) ;
#291 = DIRECTION ( 'NONE',  ( -0.000000000000000000, 1.000000000000000000, -0.000000000000000000 ) ) ;
#292 = ORIENTED_EDGE ( 'NONE', *, *, #662, .T. ) ;
#293 = DIRECTION ( 'NONE',  ( 0.000000000000000000, 0.000000000000000000, 1.000000000000000000 ) ) ;
#294 = DIRECTION ( 'NONE',  ( 0.000000000000000000, 0.000000000000000000, 1.000000000000000000 ) ) ;
#295 = ORIENTED_EDGE ( 'NONE', *, *, #484, .T. ) ;
#296 = CARTESIAN_POINT ( 'NONE',  ( 197.6548058023920191, 20.00000000000000000, -185.3106164121986694 ) ) ;
#297 = VERTEX_POINT ( 'NONE', #1587 ) ;
#298 = EDGE_LOOP ( 'NONE', ( #1266, #1008 ) ) ;
#299 = DIRECTION ( 'NONE',  ( 0.000000000000000000, 0.000000000000000000, 1.000000000000000000 ) ) ;
#300 = EDGE_CURVE ( 'NONE', #641, #994, #1440, .T. ) ;
#301 = DIRECTION ( 'NONE',  ( 0.000000000000000000, 0.000000000000000000, 1.000000000000000000 ) ) ;
#302 = CYLINDRICAL_SURFACE ( 'NONE', #369, 3.500000000000003109 ) ;
#303 = DIRECTION ( 'NONE',  ( 0.000000000000000000, 0.000000000000000000, 1.000000000000000000 ) ) ;
#304 = EDGE_CURVE ( 'NONE', #942, #1682, #1304, .T. ) ;
#305 = CARTESIAN_POINT ( 'NONE',  ( 197.6548058023920191, 0.000000000000000000, -187.3106164121986694 ) ) ;
#306 = CARTESIAN_POINT ( 'NONE',  ( 588.5432628581510244, 20.00000000000000000, -55.87948015477444841 ) ) ;
#307 = ORIENTED_EDGE ( 'NONE', *, *, #122, .T. ) ;
#308 = EDGE_CURVE ( 'NONE', #2368, #1277, #2371, .T. ) ;
#309 = CARTESIAN_POINT ( 'NONE',  ( 424.4245901221964914, 20.00000000000000000, -108.3157365890835990 ) ) ;
#310 = ORIENTED_EDGE ( 'NONE', *, *, #627, .T. ) ;
#311 = EDGE_LOOP ( 'NONE', ( #1349, #148 ) ) ;
#312 = DIRECTION ( 'NONE',  ( -0.000000000000000000, 1.000000000000000000, -0.000000000000000000 ) ) ;
#313 = EDGE_LOOP ( 'NONE', ( #1206, #2319 ) ) ;
#314 = DIRECTION ( 'NONE',  ( -0.000000000000000000, 1.000000000000000000, -0.000000000000000000 ) ) ;
#315 = CARTESIAN_POINT ( 'NONE',  ( 255.5389849831228730, 20.00000000000000000, -66.73235461770974553 ) ) ;
#316 = LINE ( 'NONE', #1457, #713 ) ;
#317 = CARTESIAN_POINT ( 'NONE',  ( 429.1915225253154631, 20.00000000000000000, -211.8692398010046247 ) ) ;
#318 = ORIENTED_EDGE ( 'NONE', *, *, #499, .F. ) ;
#319 = CARTESIAN_POINT ( 'NONE',  ( 396.5039860467851440, 20.00000000000000000, -162.7949640533009017 ) ) ;
#320 = CYLINDRICAL_SURFACE ( 'NONE', #2330, 2.000000000000001776 ) ;
#321 = VECTOR ( 'NONE', #521, 1000.000000000000000 ) ;
#322 = DIRECTION ( 'NONE',  ( 0.000000000000000000, 0.000000000000000000, 1.000000000000000000 ) ) ;
#323 = VERTEX_POINT ( 'NONE', #404 ) ;
#324 = DIRECTION ( 'NONE',  ( -0.000000000000000000, 1.000000000000000000, -0.000000000000000000 ) ) ;
#325 = ORIENTED_EDGE ( 'NONE', *, *, #1101, .F. ) ;
#326 = VERTEX_POINT ( 'NONE', #1678 ) ;
#327 = CIRCLE ( 'NONE', #1326, 10.00000000000000888 ) ;
#328 = FACE_OUTER_BOUND ( 'NONE', #931, .T. ) ;
#329 = EDGE_LOOP ( 'NONE', ( #1076, #619 ) ) ;
#330 = LINE ( 'NONE', #1997, #2021 ) ;
#331 = CIRCLE ( 'NONE', #2135, 4.199999999999995737 ) ;
#332 = DIRECTION ( 'NONE',  ( 0.000000000000000000, 0.000000000000000000, 1.000000000000000000 ) ) ;
#333 = CIRCLE ( 'NONE', #371, 3.500000000000003109 ) ;
#334 = VECTOR ( 'NONE', #2305, 1000.000000000000000 ) ;
#335 = AXIS2_PLACEMENT_3D ( 'NONE', #252, #1727, #602 ) ;
#336 = CARTESIAN_POINT ( 'NONE',  ( 325.6809903433026534, 20.00000000000000000, -110.4537559024781217 ) ) ;
#337 = ORIENTED_EDGE ( 'NONE', *, *, #589, .T. ) ;
#338 = CARTESIAN_POINT ( 'NONE',  ( 425.7865708088019119, 20.00000000000000000, -47.07868294541738408 ) ) ;
#339 = AXIS2_PLACEMENT_3D ( 'NONE', #309, #854, #1580 ) ;
#340 = AXIS2_PLACEMENT_3D ( 'NONE', #2314, #672, #1952 ) ;
#341 = DIRECTION ( 'NONE',  ( -0.000000000000000000, 1.000000000000000000, -0.000000000000000000 ) ) ;
#342 = DIRECTION ( 'NONE',  ( 0.000000000000000000, -1.000000000000000000, -0.000000000000000000 ) ) ;
#343 = EDGE_CURVE ( 'NONE', #1411, #1674, #2247, .T. ) ;
#344 = ORIENTED_EDGE ( 'NONE', *, *, #1650, .F. ) ;
#345 = CARTESIAN_POINT ( 'NONE',  ( 10.00000000000000000, 20.00000000000000000, 0.000000000000000000 ) ) ;
#346 = EDGE_LOOP ( 'NONE', ( #2134, #1873 ) ) ;
#347 = DIRECTION ( 'NONE',  ( -0.000000000000000000, 1.000000000000000000, -0.000000000000000000 ) ) ;
#348 = FACE_OUTER_BOUND ( 'NONE', #159, .T. ) ;
#349 = CARTESIAN_POINT ( 'NONE',  ( 0.000000000000000000, 0.000000000000000000, 0.000000000000000000 ) ) ;
#350 = CARTESIAN_POINT ( 'NONE',  ( 25.00000000000000000, 20.00000000000000000, -126.6750000000000114 ) ) ;
#351 = ORIENTED_EDGE ( 'NONE', *, *, #1415, .T. ) ;
#352 = DIRECTION ( 'NONE',  ( -0.000000000000000000, 1.000000000000000000, -0.000000000000000000 ) ) ;
#353 = EDGE_CURVE ( 'NONE', #1806, #1590, #61, .T. ) ;
#354 = CALENDAR_DATE ( 2025, 5, 3 ) ;
#355 = FACE_BOUND ( 'NONE', #1876, .T. ) ;
#356 = EDGE_CURVE ( 'NONE', #466, #826, #1665, .T. ) ;
#357 = VERTEX_POINT ( 'NONE', #1645 ) ;
#358 = LINE ( 'NONE', #2369, #2059 ) ;
#359 = VERTEX_POINT ( 'NONE', #1094 ) ;
#360 = CARTESIAN_POINT ( 'NONE',  ( 163.6052886372561943, 20.00000000000000000, -46.34561534853641973 ) ) ;
#361 = DIRECTION ( 'NONE',  ( 0.000000000000000000, 0.000000000000000000, 1.000000000000000000 ) ) ;
#362 = CARTESIAN_POINT ( 'NONE',  ( 77.11951503781122597, 0.000000000000000000, -44.30264431862823216 ) ) ;
#363 = ORIENTED_EDGE ( 'NONE', *, *, #1358, .F. ) ;
#364 = DIRECTION ( 'NONE',  ( -0.000000000000000000, 1.000000000000000000, -0.000000000000000000 ) ) ;
#365 = DIRECTION ( 'NONE',  ( 0.000000000000000000, 0.000000000000000000, 1.000000000000000000 ) ) ;
#366 = PRODUCT_DEFINITION ( 'UNKNOWN', '', #143, #1344 ) ;
#367 = EDGE_CURVE ( 'NONE', #1203, #1958, #581, .T. ) ;
#368 = VECTOR ( 'NONE', #1209, 1000.000000000000000 ) ;
#369 = AXIS2_PLACEMENT_3D ( 'NONE', #1027, #1718, #784 ) ;
#370 = DIRECTION ( 'NONE',  ( 0.000000000000000000, 0.000000000000000000, 1.000000000000000000 ) ) ;
#371 = AXIS2_PLACEMENT_3D ( 'NONE', #1323, #1372, #301 ) ;
#372 = CARTESIAN_POINT ( 'NONE',  ( 10.00000000000000000, 20.00000000000000000, -253.3500000000000227 ) ) ;
#373 = CIRCLE ( 'NONE', #1054, 3.500000000000003109 ) ;
#374 = AXIS2_PLACEMENT_3D ( 'NONE', #1312, #1444, #1808 ) ;
#375 = PERSON_AND_ORGANIZATION ( #2076, #1606 ) ;
#376 = ORIENTED_EDGE ( 'NONE', *, *, #19, .T. ) ;
#377 = DIRECTION ( 'NONE',  ( 0.000000000000000000, 0.000000000000000000, 1.000000000000000000 ) ) ;
#378 = ORIENTED_EDGE ( 'NONE', *, *, #1594, .T. ) ;
#379 = EDGE_CURVE ( 'NONE', #2092, #586, #588, .T. ) ;
#380 = EDGE_LOOP ( 'NONE', ( #1607, #2121 ) ) ;
#381 = DIRECTION ( 'NONE',  ( 0.000000000000000000, 0.000000000000000000, 1.000000000000000000 ) ) ;
#382 = CARTESIAN_POINT ( 'NONE',  ( 544.9598808867772277, 20.00000000000000000, -154.5801089037601628 ) ) ;
#383 = EDGE_CURVE ( 'NONE', #2072, #1739, #1987, .T. ) ;
#384 = CIRCLE ( 'NONE', #2221, 5.499999999999949374 ) ;
#385 = CARTESIAN_POINT ( 'NONE',  ( 278.0116663121124816, 0.000000000000000000, -164.7949640533009017 ) ) ;
#386 = ORIENTED_EDGE ( 'NONE', *, *, #2302, .T. ) ;
#387 = EDGE_CURVE ( 'NONE', #1769, #1977, #1649, .T. ) ;
#388 = LINE ( 'NONE', #1118, #971 ) ;
#389 = ORIENTED_EDGE ( 'NONE', *, *, #2323, .T. ) ;
#390 = FACE_BOUND ( 'NONE', #1749, .T. ) ;
#391 = ORIENTED_EDGE ( 'NONE', *, *, #773, .T. ) ;
#392 = ADVANCED_FACE ( 'NONE', ( #728 ), #34, .F. ) ;
#393 = DIRECTION ( 'NONE',  ( -0.000000000000000000, 1.000000000000000000, -0.000000000000000000 ) ) ;
#394 = EDGE_CURVE ( 'NONE', #150, #1050, #286, .T. ) ;
#395 = CARTESIAN_POINT ( 'NONE',  ( 0.000000000000000000, 20.00000000000000000, 0.000000000000000000 ) ) ;
#396 = AXIS2_PLACEMENT_3D ( 'NONE', #2272, #2261, #2064 ) ;
#397 = FACE_BOUND ( 'NONE', #298, .T. ) ;
#398 = ORIENTED_EDGE ( 'NONE', *, *, #717, .T. ) ;
#399 = DIRECTION ( 'NONE',  ( 0.000000000000000000, 0.000000000000000000, -1.000000000000000000 ) ) ;
#400 = ORIENTED_EDGE ( 'NONE', *, *, #505, .T. ) ;
#401 = ORIENTED_EDGE ( 'NONE', *, *, #526, .T. ) ;
#402 = AXIS2_PLACEMENT_3D ( 'NONE', #1989, #2152, #2180 ) ;
#403 = CARTESIAN_POINT ( 'NONE',  ( 425.7865708088019119, 20.00000000000000000, -36.07868294541737697 ) ) ;
#404 = CARTESIAN_POINT ( 'NONE',  ( 340.6627778959624493, 20.00000000000000000, -205.6023073978855962 ) ) ;
#405 = CIRCLE ( 'NONE', #1818, 3.500000000000003109 ) ;
#406 = CARTESIAN_POINT ( 'NONE',  ( 589.2242532014537346, 20.00000000000000000, -126.0735627685324260 ) ) ;
#407 = AXIS2_PLACEMENT_3D ( 'NONE', #1216, #1943, #1986 ) ;
#408 = AXIS2_PLACEMENT_3D ( 'NONE', #182, #2374, #1493 ) ;
#409 = EDGE_CURVE ( 'NONE', #1388, #1970, #2169, .T. ) ;
#410 = AXIS2_PLACEMENT_3D ( 'NONE', #1341, #2071, #988 ) ;
#411 = AXIS2_PLACEMENT_3D ( 'NONE', #2372, #2198, #4 ) ;
#412 = DIRECTION ( 'NONE',  ( -0.000000000000000000, 1.000000000000000000, -0.000000000000000000 ) ) ;
#413 = AXIS2_PLACEMENT_3D ( 'NONE', #664, #634, #1884 ) ;
#414 = AXIS2_PLACEMENT_3D ( 'NONE', #907, #23, #202 ) ;
#415 = ORIENTED_EDGE ( 'NONE', *, *, #164, .T. ) ;
#416 = ADVANCED_FACE ( 'NONE', ( #915 ), #737, .F. ) ;
#417 = CARTESIAN_POINT ( 'NONE',  ( 640.0000000000000000, 0.000000000000000000, -10.00000000000000000 ) ) ;
#418 = VERTEX_POINT ( 'NONE', #2234 ) ;
#419 = FACE_BOUND ( 'NONE', #1233, .T. ) ;
#420 = ORIENTED_EDGE ( 'NONE', *, *, #2185, .T. ) ;
#421 = CARTESIAN_POINT ( 'NONE',  ( 255.5389849831228730, 20.00000000000000000, -62.73235461770974553 ) ) ;
#422 = FACE_OUTER_BOUND ( 'NONE', #1931, .T. ) ;
#423 = EDGE_LOOP ( 'NONE', ( #2255, #1864, #295, #2263 ) ) ;
#424 = LINE ( 'NONE', #2050, #1049 ) ;
#425 = FACE_BOUND ( 'NONE', #172, .T. ) ;
#426 = ADVANCED_FACE ( 'NONE', ( #571 ), #1303, .F. ) ;
#427 = ORIENTED_EDGE ( 'NONE', *, *, #555, .T. ) ;
#428 = LINE ( 'NONE', #45, #1668 ) ;
#429 = FACE_BOUND ( 'NONE', #1200, .T. ) ;
#430 = VERTEX_POINT ( 'NONE', #2029 ) ;
#431 = CARTESIAN_POINT ( 'NONE',  ( 588.5432628581510244, 20.00000000000000000, -55.87948015477444841 ) ) ;
#432 = EDGE_CURVE ( 'NONE', #230, #1736, #927, .T. ) ;
#433 = CARTESIAN_POINT ( 'NONE',  ( 544.9598808867772277, 0.000000000000000000, -152.5801089037601628 ) ) ;
#434 = CARTESIAN_POINT ( 'NONE',  ( 534.7450257372364604, 20.00000000000000000, -49.75056706504998516 ) ) ;
#435 = CALENDAR_DATE ( 2025, 5, 3 ) ;
#436 = ORIENTED_EDGE ( 'NONE', *, *, #1132, .F. ) ;
#437 = DIRECTION ( 'NONE',  ( -0.000000000000000000, 1.000000000000000000, -0.000000000000000000 ) ) ;
#438 = ORIENTED_EDGE ( 'NONE', *, *, #2293, .T. ) ;
#439 = ADVANCED_FACE ( 'NONE', ( #227 ), #236, .T. ) ;
#440 = DIRECTION ( 'NONE',  ( 0.000000000000000000, 0.000000000000000000, 1.000000000000000000 ) ) ;
#441 = CARTESIAN_POINT ( 'NONE',  ( 25.00000000000000000, 20.00000000000000000, -130.8750000000000284 ) ) ;
#442 = CARTESIAN_POINT ( 'NONE',  ( 502.0574892587061981, 0.000000000000000000, -118.4355434551379460 ) ) ;
#443 = CIRCLE ( 'NONE', #2358, 5.500000000000005329 ) ;
#444 = DIRECTION ( 'NONE',  ( 0.000000000000000000, 0.000000000000000000, 1.000000000000000000 ) ) ;
#445 = EDGE_CURVE ( 'NONE', #826, #466, #1253, .T. ) ;
#446 = CARTESIAN_POINT ( 'NONE',  ( 325.6809903433026534, 20.00000000000000000, -103.4537559024781075 ) ) ;
#447 = CALENDAR_DATE ( 2025, 5, 3 ) ;
#448 = ORIENTED_EDGE ( 'NONE', *, *, #905, .F. ) ;
#449 = AXIS2_PLACEMENT_3D ( 'NONE', #1848, #1532, #970 ) ;
#450 = CYLINDRICAL_SURFACE ( 'NONE', #184, 2.000000000000001776 ) ;
#451 = VERTEX_POINT ( 'NONE', #998 ) ;
#452 = CIRCLE ( 'NONE', #2182, 4.199999999999981526 ) ;
#453 = DIRECTION ( 'NONE',  ( 0.000000000000000000, -0.000000000000000000, 1.000000000000000000 ) ) ;
#454 = LOCAL_TIME ( 11, 20, 4.000000000000000000, #800 ) ;
#455 = EDGE_LOOP ( 'NONE', ( #1306, #1748, #1510, #941 ) ) ;
#456 = EDGE_CURVE ( 'NONE', #992, #326, #384, .T. ) ;
#457 = DIRECTION ( 'NONE',  ( 0.000000000000000000, 0.000000000000000000, 1.000000000000000000 ) ) ;
#458 = DIRECTION ( 'NONE',  ( -0.000000000000000000, 1.000000000000000000, -0.000000000000000000 ) ) ;
#459 = DIRECTION ( 'NONE',  ( -0.000000000000000000, 1.000000000000000000, -0.000000000000000000 ) ) ;
#460 = ORIENTED_EDGE ( 'NONE', *, *, #1338, .F. ) ;
#461 = CARTESIAN_POINT ( 'NONE',  ( 424.4245901221964914, 20.00000000000000000, -108.3157365890835990 ) ) ;
#462 = CARTESIAN_POINT ( 'NONE',  ( 275.9686952822043509, 20.00000000000000000, -220.6791432340317556 ) ) ;
#463 = DIRECTION ( 'NONE',  ( 0.000000000000000000, 0.000000000000000000, 1.000000000000000000 ) ) ;
#464 = ORIENTED_EDGE ( 'NONE', *, *, #823, .T. ) ;
#465 = CARTESIAN_POINT ( 'NONE',  ( 424.4245901221964914, 0.000000000000000000, -106.3157365890835990 ) ) ;
#466 = VERTEX_POINT ( 'NONE', #1730 ) ;
#467 = CARTESIAN_POINT ( 'NONE',  ( 209.9126319818408604, 20.00000000000000000, -116.4876207087161362 ) ) ;
#468 = ADVANCED_FACE ( 'NONE', ( #771 ), #981, .F. ) ;
#469 = FACE_OUTER_BOUND ( 'NONE', #423, .T. ) ;
#470 = ORIENTED_EDGE ( 'NONE', *, *, #1975, .F. ) ;
#471 = DIRECTION ( 'NONE',  ( 0.000000000000000000, 0.000000000000000000, 1.000000000000000000 ) ) ;
#472 = DIRECTION ( 'NONE',  ( -0.000000000000000000, 1.000000000000000000, -0.000000000000000000 ) ) ;
#473 = ADVANCED_FACE ( 'NONE', ( #422 ), #2112, .F. ) ;
#474 = EDGE_LOOP ( 'NONE', ( #464, #2040 ) ) ;
#475 = DIRECTION ( 'NONE',  ( 0.000000000000000000, 0.000000000000000000, 1.000000000000000000 ) ) ;
#476 = ORIENTED_EDGE ( 'NONE', *, *, #41, .T. ) ;
#477 = DIRECTION ( 'NONE',  ( -0.000000000000000000, 1.000000000000000000, -0.000000000000000000 ) ) ;
#478 = ORIENTED_EDGE ( 'NONE', *, *, #219, .T. ) ;
#479 = DIRECTION ( 'NONE',  ( -0.000000000000000000, 1.000000000000000000, -0.000000000000000000 ) ) ;
#480 = CIRCLE ( 'NONE', #1476, 5.500000000000005329 ) ;
#481 = LINE ( 'NONE', #812, #1125 ) ;
#482 = CARTESIAN_POINT ( 'NONE',  ( 325.6809903433026534, 20.00000000000000000, -103.4537559024781075 ) ) ;
#483 = CIRCLE ( 'NONE', #1442, 5.500000000000005329 ) ;
#484 = EDGE_CURVE ( 'NONE', #1277, #2368, #1721, .T. ) ;
#485 = ORIENTED_EDGE ( 'NONE', *, *, #300, .F. ) ;
#486 = DIRECTION ( 'NONE',  ( 0.000000000000000000, 0.000000000000000000, 1.000000000000000000 ) ) ;
#487 = AXIS2_PLACEMENT_3D ( 'NONE', #647, #1569, #2136 ) ;
#488 = EDGE_LOOP ( 'NONE', ( #761, #1391 ) ) ;
#489 = AXIS2_PLACEMENT_3D ( 'NONE', #2151, #2329, #653 ) ;
#490 = EDGE_CURVE ( 'NONE', #326, #578, #1896, .T. ) ;
#491 = ORIENTED_EDGE ( 'NONE', *, *, #1282, .T. ) ;
#492 = DIRECTION ( 'NONE',  ( 0.000000000000000000, 0.000000000000000000, 1.000000000000000000 ) ) ;
#493 = VERTEX_POINT ( 'NONE', #824 ) ;
#494 = CARTESIAN_POINT ( 'NONE',  ( 90.05833156056286271, 0.000000000000000000, -195.4825005318312776 ) ) ;
#495 = VECTOR ( 'NONE', #576, 1000.000000000000000 ) ;
#496 = CIRCLE ( 'NONE', #2143, 2.000000000000001776 ) ;
#497 = DIRECTION ( 'NONE',  ( 0.000000000000000000, 0.000000000000000000, -1.000000000000000000 ) ) ;
#498 = CARTESIAN_POINT ( 'NONE',  ( 102.9971480833144000, 20.00000000000000000, -98.05791040963467253 ) ) ;
#499 = EDGE_CURVE ( 'NONE', #1638, #1214, #157, .T. ) ;
#500 = EDGE_LOOP ( 'NONE', ( #420, #69 ) ) ;
#501 = DIRECTION ( 'NONE',  ( -0.000000000000000000, 1.000000000000000000, -0.000000000000000000 ) ) ;
#502 = EDGE_LOOP ( 'NONE', ( #612, #1025, #1011, #2058 ) ) ;
#503 = CARTESIAN_POINT ( 'NONE',  ( 534.7450257372364604, 20.00000000000000000, -49.75056706504998516 ) ) ;
#504 = ORIENTED_EDGE ( 'NONE', *, *, #890, .T. ) ;
#505 = EDGE_CURVE ( 'NONE', #1900, #641, #1499, .T. ) ;
#506 = DIRECTION ( 'NONE',  ( -0.000000000000000000, 1.000000000000000000, 0.000000000000000000 ) ) ;
#507 = ORIENTED_EDGE ( 'NONE', *, *, #2129, .T. ) ;
#508 = DIRECTION ( 'NONE',  ( 0.000000000000000000, 0.000000000000000000, 1.000000000000000000 ) ) ;
#509 = EDGE_LOOP ( 'NONE', ( #1470, #80, #2339, #1755 ) ) ;
#510 = ADVANCED_FACE ( 'NONE', ( #1155 ), #2300, .F. ) ;
#511 = DIRECTION ( 'NONE',  ( -0.000000000000000000, 1.000000000000000000, -0.000000000000000000 ) ) ;
#512 = VERTEX_POINT ( 'NONE', #71 ) ;
#513 = DIRECTION ( 'NONE',  ( -0.000000000000000000, 1.000000000000000000, -0.000000000000000000 ) ) ;
#514 = DIRECTION ( 'NONE',  ( -0.000000000000000000, 1.000000000000000000, -0.000000000000000000 ) ) ;
#515 = DIRECTION ( 'NONE',  ( -0.000000000000000000, 1.000000000000000000, -0.000000000000000000 ) ) ;
#516 = ORIENTED_EDGE ( 'NONE', *, *, #872, .F. ) ;
#517 = ORIENTED_EDGE ( 'NONE', *, *, #1642, .F. ) ;
#518 = DIRECTION ( 'NONE',  ( -0.000000000000000000, 1.000000000000000000, -0.000000000000000000 ) ) ;
#519 = CARTESIAN_POINT ( 'NONE',  ( 570.1565235889777341, 0.000000000000000000, -196.1634908751339879 ) ) ;
#520 = CARTESIAN_POINT ( 'NONE',  ( 640.0000000000000000, 20.00000000000000000, -243.3500000000000227 ) ) ;
#521 = DIRECTION ( 'NONE',  ( -0.000000000000000000, 1.000000000000000000, -0.000000000000000000 ) ) ;
#522 = DIRECTION ( 'NONE',  ( -0.000000000000000000, 1.000000000000000000, -0.000000000000000000 ) ) ;
#523 = VERTEX_POINT ( 'NONE', #1519 ) ;
#524 = DIRECTION ( 'NONE',  ( 0.000000000000000000, 0.000000000000000000, 1.000000000000000000 ) ) ;
#525 = FACE_OUTER_BOUND ( 'NONE', #2218, .T. ) ;
#526 = EDGE_CURVE ( 'NONE', #1627, #1364, #1879, .T. ) ;
#527 = DIRECTION ( 'NONE',  ( 0.000000000000000000, 0.000000000000000000, 1.000000000000000000 ) ) ;
#528 = FACE_OUTER_BOUND ( 'NONE', #1990, .T. ) ;
#529 = CIRCLE ( 'NONE', #1888, 4.199999999999981526 ) ;
#530 = ORIENTED_EDGE ( 'NONE', *, *, #1028, .F. ) ;
#531 = VECTOR ( 'NONE', #110, 1000.000000000000000 ) ;
#532 = CARTESIAN_POINT ( 'NONE',  ( 197.6548058023920191, 0.000000000000000000, -185.3106164121986694 ) ) ;
#533 = ORIENTED_EDGE ( 'NONE', *, *, #2316, .T. ) ;
#534 = CARTESIAN_POINT ( 'NONE',  ( 340.6627778959624493, 20.00000000000000000, -212.6023073978855962 ) ) ;
#535 = CARTESIAN_POINT ( 'NONE',  ( 163.6052886372561943, 0.000000000000000000, -46.34561534853641973 ) ) ;
#536 = AXIS2_PLACEMENT_3D ( 'NONE', #1561, #2289, #2114 ) ;
#537 = DIRECTION ( 'NONE',  ( 0.000000000000000000, 0.000000000000000000, 1.000000000000000000 ) ) ;
#538 = AXIS2_PLACEMENT_3D ( 'NONE', #151, #705, #887 ) ;
#539 = EDGE_CURVE ( 'NONE', #1364, #1627, #1968, .T. ) ;
#540 = CIRCLE ( 'NONE', #1856, 2.000000000000001776 ) ;
#541 = CARTESIAN_POINT ( 'NONE',  ( 25.00000000000000000, 0.000000000000000000, -126.6750000000000114 ) ) ;
#542 = EDGE_LOOP ( 'NONE', ( #629, #1648, #590, #806 ) ) ;
#543 = DIRECTION ( 'NONE',  ( -0.000000000000000000, 1.000000000000000000, -0.000000000000000000 ) ) ;
#544 = DIRECTION ( 'NONE',  ( -0.000000000000000000, 1.000000000000000000, -0.000000000000000000 ) ) ;
#545 = ORIENTED_EDGE ( 'NONE', *, *, #2004, .T. ) ;
#546 = ORIENTED_EDGE ( 'NONE', *, *, #2332, .T. ) ;
#547 = LINE ( 'NONE', #1654, #1786 ) ;
#548 = ORIENTED_EDGE ( 'NONE', *, *, #789, .F. ) ;
#549 = DIRECTION ( 'NONE',  ( 0.000000000000000000, 0.000000000000000000, 1.000000000000000000 ) ) ;
#550 = CARTESIAN_POINT ( 'NONE',  ( 625.0000000000000000, 20.00000000000000000, -130.8750000000000000 ) ) ;
#551 = VERTEX_POINT ( 'NONE', #1528 ) ;
#552 = AXIS2_PLACEMENT_3D ( 'NONE', #535, #877, #1793 ) ;
#553 = ORIENTED_EDGE ( 'NONE', *, *, #1498, .T. ) ;
#554 = ADVANCED_FACE ( 'NONE', ( #2286 ), #1688, .F. ) ;
#555 = EDGE_CURVE ( 'NONE', #732, #285, #2126, .T. ) ;
#556 = APPROVAL_STATUS ( 'not_yet_approved' ) ;
#557 = DIRECTION ( 'NONE',  ( -0.000000000000000000, 1.000000000000000000, -0.000000000000000000 ) ) ;
#558 = ORIENTED_EDGE ( 'NONE', *, *, #387, .T. ) ;
#559 = CARTESIAN_POINT ( 'NONE',  ( 534.7450257372364604, 20.00000000000000000, -49.75056706504998516 ) ) ;
#560 = EDGE_CURVE ( 'NONE', #955, #285, #649, .T. ) ;
#561 = LINE ( 'NONE', #1289, #1123 ) ;
#562 = DIRECTION ( 'NONE',  ( -0.000000000000000000, 1.000000000000000000, -0.000000000000000000 ) ) ;
#563 = EDGE_CURVE ( 'NONE', #2296, #203, #1474, .T. ) ;
#564 = ORIENTED_EDGE ( 'NONE', *, *, #1298, .F. ) ;
#565 = CARTESIAN_POINT ( 'NONE',  ( 625.0000000000000000, 20.00000000000000000, -122.4750000000000227 ) ) ;
#566 = ORIENTED_EDGE ( 'NONE', *, *, #1365, .T. ) ;
#567 = CARTESIAN_POINT ( 'NONE',  ( 340.6627778959624493, 20.00000000000000000, -212.6023073978855962 ) ) ;
#568 = AXIS2_PLACEMENT_3D ( 'NONE', #1623, #1969, #322 ) ;
#569 = CIRCLE ( 'NONE', #536, 4.199999999999995737 ) ;
#570 = VECTOR ( 'NONE', #696, 1000.000000000000000 ) ;
#571 = FACE_OUTER_BOUND ( 'NONE', #1732, .T. ) ;
#572 = CIRCLE ( 'NONE', #289, 5.500000000000005329 ) ;
#573 = AXIS2_PLACEMENT_3D ( 'NONE', #280, #2318, #2168 ) ;
#574 = COORDINATED_UNIVERSAL_TIME_OFFSET ( 1, 0, .AHEAD. ) ;
#575 = VERTEX_POINT ( 'NONE', #1381 ) ;
#576 = DIRECTION ( 'NONE',  ( -0.000000000000000000, 1.000000000000000000, -0.000000000000000000 ) ) ;
#577 = ORIENTED_EDGE ( 'NONE', *, *, #115, .T. ) ;
#578 = VERTEX_POINT ( 'NONE', #1595 ) ;
#579 = ADVANCED_FACE ( 'NONE', ( #684 ), #1038, .F. ) ;
#580 = CARTESIAN_POINT ( 'NONE',  ( 588.5432628581510244, 20.00000000000000000, -59.37948015477439156 ) ) ;
#581 = LINE ( 'NONE', #372, #1446 ) ;
#582 = ADVANCED_FACE ( 'NONE', ( #2325 ), #2137, .F. ) ;
#583 = PERSON_AND_ORGANIZATION ( #2076, #1606 ) ;
#584 = EDGE_LOOP ( 'NONE', ( #1768, #558, #1336, #1420 ) ) ;
#585 = CARTESIAN_POINT ( 'NONE',  ( 544.9598808867772277, 20.00000000000000000, -154.5801089037601628 ) ) ;
#586 = VERTEX_POINT ( 'NONE', #1414 ) ;
#587 = LINE ( 'NONE', #403, #2238 ) ;
#588 = LINE ( 'NONE', #43, #1088 ) ;
#589 = EDGE_CURVE ( 'NONE', #1109, #1769, #809, .T. ) ;
#590 = ORIENTED_EDGE ( 'NONE', *, *, #1924, .T. ) ;
#591 = CARTESIAN_POINT ( 'NONE',  ( 278.0116663121124816, 20.00000000000000000, -160.7949640533009017 ) ) ;
#592 = EDGE_LOOP ( 'NONE', ( #2337, #1286 ) ) ;
#593 = EDGE_CURVE ( 'NONE', #107, #1149, #1514, .T. ) ;
#594 = CARTESIAN_POINT ( 'NONE',  ( 25.00000000000000000, 0.000000000000000000, -130.8750000000000284 ) ) ;
#595 = AXIS2_PLACEMENT_3D ( 'NONE', #2028, #1687, #381 ) ;
#596 = CIRCLE ( 'NONE', #449, 3.500000000000003109 ) ;
#597 = ORIENTED_EDGE ( 'NONE', *, *, #1106, .T. ) ;
#598 = AXIS2_PLACEMENT_3D ( 'NONE', #757, #1467, #1102 ) ;
#599 = AXIS2_PLACEMENT_3D ( 'NONE', #1663, #557, #1810 ) ;
#600 = CIRCLE ( 'NONE', #374, 2.000000000000001776 ) ;
#601 = ORIENTED_EDGE ( 'NONE', *, *, #1328, .F. ) ;
#602 = DIRECTION ( 'NONE',  ( 0.000000000000000000, 0.000000000000000000, 1.000000000000000000 ) ) ;
#603 = ORIENTED_EDGE ( 'NONE', *, *, #1815, .T. ) ;
#604 = FACE_BOUND ( 'NONE', #956, .T. ) ;
#605 = CYLINDRICAL_SURFACE ( 'NONE', #595, 2.000000000000001776 ) ;
#606 = DIRECTION ( 'NONE',  ( 0.000000000000000000, -1.000000000000000000, 0.000000000000000000 ) ) ;
#607 = CYLINDRICAL_SURFACE ( 'NONE', #1596, 5.500000000000005329 ) ;
#608 = ORIENTED_EDGE ( 'NONE', *, *, #1752, .F. ) ;
#609 = DIRECTION ( 'NONE',  ( -0.000000000000000000, 1.000000000000000000, -0.000000000000000000 ) ) ;
#610 = EDGE_CURVE ( 'NONE', #2006, #111, #1949, .T. ) ;
#611 = ADVANCED_FACE ( 'NONE', ( #2205 ), #1053, .F. ) ;
#612 = ORIENTED_EDGE ( 'NONE', *, *, #2004, .F. ) ;
#613 = DIRECTION ( 'NONE',  ( 0.000000000000000000, 0.000000000000000000, 1.000000000000000000 ) ) ;
#614 = ORIENTED_EDGE ( 'NONE', *, *, #1188, .T. ) ;
#615 = FACE_BOUND ( 'NONE', #262, .T. ) ;
#616 = ORIENTED_EDGE ( 'NONE', *, *, #1456, .F. ) ;
#617 = EDGE_CURVE ( 'NONE', #523, #1434, #936, .T. ) ;
#618 = DIRECTION ( 'NONE',  ( -0.000000000000000000, 1.000000000000000000, -0.000000000000000000 ) ) ;
#619 = ORIENTED_EDGE ( 'NONE', *, *, #1055, .T. ) ;
#620 = DIRECTION ( 'NONE',  ( -0.000000000000000000, 1.000000000000000000, -0.000000000000000000 ) ) ;
#621 = DIRECTION ( 'NONE',  ( -0.000000000000000000, 1.000000000000000000, -0.000000000000000000 ) ) ;
#622 = FACE_BOUND ( 'NONE', #313, .T. ) ;
#623 = ORIENTED_EDGE ( 'NONE', *, *, #1570, .F. ) ;
#624 = AXIS2_PLACEMENT_3D ( 'NONE', #63, #661, #1719 ) ;
#625 = DIRECTION ( 'NONE',  ( 0.000000000000000000, 0.000000000000000000, 1.000000000000000000 ) ) ;
#626 = ORIENTED_EDGE ( 'NONE', *, *, #1797, .F. ) ;
#627 = EDGE_CURVE ( 'NONE', #641, #1900, #1658, .T. ) ;
#628 = DIRECTION ( 'NONE',  ( 0.000000000000000000, 0.000000000000000000, 1.000000000000000000 ) ) ;
#629 = ORIENTED_EDGE ( 'NONE', *, *, #1551, .F. ) ;
#630 = CARTESIAN_POINT ( 'NONE',  ( 128.8747811288176592, 0.000000000000000000, -145.0892151274302933 ) ) ;
#631 = DIRECTION ( 'NONE',  ( 0.000000000000000000, 0.000000000000000000, 1.000000000000000000 ) ) ;
#632 = VERTEX_POINT ( 'NONE', #1252 ) ;
#633 = AXIS2_PLACEMENT_3D ( 'NONE', #2047, #265, #1689 ) ;
#634 = DIRECTION ( 'NONE',  ( -0.000000000000000000, 1.000000000000000000, -0.000000000000000000 ) ) ;
#635 = DATE_AND_TIME ( #447, #1376 ) ;
#636 = EDGE_CURVE ( 'NONE', #846, #703, #715, .T. ) ;
#637 = CIRCLE ( 'NONE', #1083, 2.000000000000001776 ) ;
#638 = EDGE_LOOP ( 'NONE', ( #989, #1281, #1082, #603 ) ) ;
#639 = CIRCLE ( 'NONE', #1988, 3.500000000000003109 ) ;
#640 = CYLINDRICAL_SURFACE ( 'NONE', #2211, 3.499999999999947597 ) ;
#641 = VERTEX_POINT ( 'NONE', #1267 ) ;
#642 = AXIS2_PLACEMENT_3D ( 'NONE', #2321, #680, #508 ) ;
#643 = CARTESIAN_POINT ( 'NONE',  ( 275.9686952822043509, 0.000000000000000000, -215.1791432340317556 ) ) ;
#644 = ORIENTED_EDGE ( 'NONE', *, *, #2299, .F. ) ;
#645 = EDGE_CURVE ( 'NONE', #2084, #1505, #152, .T. ) ;
#646 = ORIENTED_EDGE ( 'NONE', *, *, #2336, .F. ) ;
#647 = CARTESIAN_POINT ( 'NONE',  ( 425.7865708088019119, 20.00000000000000000, -41.57868294541738408 ) ) ;
#648 = EDGE_CURVE ( 'NONE', #1117, #632, #1583, .T. ) ;
#649 = LINE ( 'NONE', #2102, #1545 ) ;
#650 = EDGE_CURVE ( 'NONE', #1264, #2124, #52, .T. ) ;
#651 = FACE_BOUND ( 'NONE', #996, .T. ) ;
#652 = EDGE_LOOP ( 'NONE', ( #2317, #1554 ) ) ;
#653 = DIRECTION ( 'NONE',  ( 0.000000000000000000, 0.000000000000000000, 1.000000000000000000 ) ) ;
#654 = DIRECTION ( 'NONE',  ( -1.000000000000000000, 0.000000000000000000, 0.000000000000000000 ) ) ;
#655 = ORIENTED_EDGE ( 'NONE', *, *, #1415, .F. ) ;
#656 = DIRECTION ( 'NONE',  ( 0.000000000000000000, 0.000000000000000000, 1.000000000000000000 ) ) ;
#657 = ORIENTED_EDGE ( 'NONE', *, *, #115, .F. ) ;
#658 = ORIENTED_EDGE ( 'NONE', *, *, #952, .T. ) ;
#659 = ORIENTED_EDGE ( 'NONE', *, *, #1044, .F. ) ;
#660 = AXIS2_PLACEMENT_3D ( 'NONE', #264, #50, #440 ) ;
#661 = DIRECTION ( 'NONE',  ( -0.000000000000000000, 1.000000000000000000, -0.000000000000000000 ) ) ;
#662 = EDGE_CURVE ( 'NONE', #2186, #1140, #443, .T. ) ;
#663 = CYLINDRICAL_SURFACE ( 'NONE', #2362, 2.000000000000001776 ) ;
#664 = CARTESIAN_POINT ( 'NONE',  ( 77.11951503781122597, 0.000000000000000000, -44.30264431862823216 ) ) ;
#665 = ORIENTED_EDGE ( 'NONE', *, *, #1274, .F. ) ;
#666 = DIRECTION ( 'NONE',  ( 0.000000000000000000, 0.000000000000000000, -1.000000000000000000 ) ) ;
#667 = ORIENTED_EDGE ( 'NONE', *, *, #729, .T. ) ;
#668 = CARTESIAN_POINT ( 'NONE',  ( 275.9686952822043509, 0.000000000000000000, -226.1791432340317556 ) ) ;
#669 = ORIENTED_EDGE ( 'NONE', *, *, #1534, .T. ) ;
#670 = VERTEX_POINT ( 'NONE', #2190 ) ;
#671 = CARTESIAN_POINT ( 'NONE',  ( 425.7865708088019119, 0.000000000000000000, -47.07868294541738408 ) ) ;
#672 = DIRECTION ( 'NONE',  ( -0.000000000000000000, 1.000000000000000000, -0.000000000000000000 ) ) ;
#673 = AXIS2_PLACEMENT_3D ( 'NONE', #433, #967, #786 ) ;
#674 = EDGE_CURVE ( 'NONE', #2097, #994, #744, .T. ) ;
#675 = DIRECTION ( 'NONE',  ( -0.000000000000000000, 1.000000000000000000, -0.000000000000000000 ) ) ;
#676 = VECTOR ( 'NONE', #513, 1000.000000000000000 ) ;
#677 = ORIENTED_EDGE ( 'NONE', *, *, #490, .T. ) ;
#678 = VECTOR ( 'NONE', #699, 1000.000000000000000 ) ;
#679 = AXIS2_PLACEMENT_3D ( 'NONE', #1335, #393, #943 ) ;
#680 = DIRECTION ( 'NONE',  ( -0.000000000000000000, 1.000000000000000000, -0.000000000000000000 ) ) ;
#681 = ORIENTED_EDGE ( 'NONE', *, *, #617, .T. ) ;
#682 = CIRCLE ( 'NONE', #1215, 5.500000000000005329 ) ;
#683 =( GEOMETRIC_REPRESENTATION_CONTEXT ( 3 ) GLOBAL_UNCERTAINTY_ASSIGNED_CONTEXT ( ( #2061 ) ) GLOBAL_UNIT_ASSIGNED_CONTEXT ( ( #2183, #1073, #185 ) ) REPRESENTATION_CONTEXT ( 'NONE', 'WORKASPACE' ) );
#684 = FACE_OUTER_BOUND ( 'NONE', #2274, .T. ) ;
#685 = EDGE_CURVE ( 'NONE', #992, #791, #2171, .T. ) ;
#686 = ORIENTED_EDGE ( 'NONE', *, *, #1322, .T. ) ;
#687 = DIRECTION ( 'NONE',  ( 0.000000000000000000, 0.000000000000000000, 1.000000000000000000 ) ) ;
#688 = DIRECTION ( 'NONE',  ( -0.000000000000000000, 1.000000000000000000, -0.000000000000000000 ) ) ;
#689 = ORIENTED_EDGE ( 'NONE', *, *, #735, .F. ) ;
#690 = LINE ( 'NONE', #1419, #97 ) ;
#691 = EDGE_LOOP ( 'NONE', ( #1729, #1097, #2108, #665 ) ) ;
#692 = ADVANCED_FACE ( 'NONE', ( #348 ), #1775, .F. ) ;
#693 = ORIENTED_EDGE ( 'NONE', *, *, #2159, .T. ) ;
#694 = DIRECTION ( 'NONE',  ( -0.000000000000000000, 1.000000000000000000, -0.000000000000000000 ) ) ;
#695 = ORIENTED_EDGE ( 'NONE', *, *, #1527, .T. ) ;
#696 = DIRECTION ( 'NONE',  ( -0.000000000000000000, 1.000000000000000000, -0.000000000000000000 ) ) ;
#697 = CARTESIAN_POINT ( 'NONE',  ( 102.9971480833144000, 0.000000000000000000, -96.05791040963467253 ) ) ;
#698 = ORIENTED_EDGE ( 'NONE', *, *, #1070, .F. ) ;
#699 = DIRECTION ( 'NONE',  ( -0.000000000000000000, 1.000000000000000000, -0.000000000000000000 ) ) ;
#700 = EDGE_CURVE ( 'NONE', #739, #1398, #999, .T. ) ;
#701 = CYLINDRICAL_SURFACE ( 'NONE', #573, 10.00000000000000888 ) ;
#702 = LINE ( 'NONE', #2157, #2139 ) ;
#703 = VERTEX_POINT ( 'NONE', #888 ) ;
#704 = ADVANCED_FACE ( 'NONE', ( #1630 ), #2357, .F. ) ;
#705 = DIRECTION ( 'NONE',  ( -0.000000000000000000, 1.000000000000000000, 0.000000000000000000 ) ) ;
#706 = DIRECTION ( 'NONE',  ( -0.000000000000000000, 1.000000000000000000, -0.000000000000000000 ) ) ;
#707 = ORIENTED_EDGE ( 'NONE', *, *, #8, .F. ) ;
#708 = CARTESIAN_POINT ( 'NONE',  ( 502.0574892587061981, 20.00000000000000000, -118.4355434551379460 ) ) ;
#709 = CARTESIAN_POINT ( 'NONE',  ( 159.5193465774398192, 20.00000000000000000, -220.6791432340317556 ) ) ;
#710 = CARTESIAN_POINT ( 'NONE',  ( 425.7865708088019119, 20.00000000000000000, -41.57868294541738408 ) ) ;
#711 = DIRECTION ( 'NONE',  ( 0.000000000000000000, 0.000000000000000000, 1.000000000000000000 ) ) ;
#712 = EDGE_LOOP ( 'NONE', ( #389, #1192 ) ) ;
#713 = VECTOR ( 'NONE', #2191, 1000.000000000000000 ) ;
#714 = FACE_OUTER_BOUND ( 'NONE', #1465, .T. ) ;
#715 = LINE ( 'NONE', #2161, #1805 ) ;
#716 = VECTOR ( 'NONE', #1753, 1000.000000000000000 ) ;
#717 = EDGE_CURVE ( 'NONE', #632, #1117, #529, .T. ) ;
#718 = AXIS2_PLACEMENT_3D ( 'NONE', #948, #437, #1872 ) ;
#719 = VECTOR ( 'NONE', #1024, 1000.000000000000000 ) ;
#720 = EDGE_CURVE ( 'NONE', #326, #992, #1553, .T. ) ;
#721 = CARTESIAN_POINT ( 'NONE',  ( 0.000000000000000000, 0.000000000000000000, -253.3500000000000227 ) ) ;
#722 = CARTESIAN_POINT ( 'NONE',  ( 209.9126319818408604, 20.00000000000000000, -110.9876207087161362 ) ) ;
#723 = APPLICATION_PROTOCOL_DEFINITION ( 'international standard', 'config_control_design', 1994, #1646 ) ;
#724 = EDGE_CURVE ( 'NONE', #451, #1203, #327, .T. ) ;
#725 = ORIENTED_EDGE ( 'NONE', *, *, #1237, .F. ) ;
#726 = CARTESIAN_POINT ( 'NONE',  ( 0.000000000000000000, 20.00000000000000000, -253.3500000000000227 ) ) ;
#727 = CYLINDRICAL_SURFACE ( 'NONE', #1985, 4.199999999999981526 ) ;
#728 = FACE_OUTER_BOUND ( 'NONE', #1224, .T. ) ;
#729 = EDGE_CURVE ( 'NONE', #223, #1905, #1481, .T. ) ;
#730 = DIRECTION ( 'NONE',  ( 0.000000000000000000, 0.000000000000000000, 1.000000000000000000 ) ) ;
#731 = CYLINDRICAL_SURFACE ( 'NONE', #902, 2.000000000000001776 ) ;
#732 = VERTEX_POINT ( 'NONE', #1697 ) ;
#733 = DIRECTION ( 'NONE',  ( -0.000000000000000000, 1.000000000000000000, -0.000000000000000000 ) ) ;
#734 = EDGE_LOOP ( 'NONE', ( #1052, #56, #974, #912 ) ) ;
#735 = EDGE_CURVE ( 'NONE', #1050, #150, #808, .T. ) ;
#736 = LINE ( 'NONE', #550, #1662 ) ;
#737 = CYLINDRICAL_SURFACE ( 'NONE', #1973, 2.000000000000001776 ) ;
#738 = EDGE_CURVE ( 'NONE', #1388, #1277, #1121, .T. ) ;
#739 = VERTEX_POINT ( 'NONE', #919 ) ;
#740 = DIRECTION ( 'NONE',  ( -0.000000000000000000, 1.000000000000000000, -0.000000000000000000 ) ) ;
#741 = ORIENTED_EDGE ( 'NONE', *, *, #2366, .T. ) ;
#742 = DIRECTION ( 'NONE',  ( -0.000000000000000000, 1.000000000000000000, -0.000000000000000000 ) ) ;
#743 = FACE_BOUND ( 'NONE', #868, .T. ) ;
#744 = CIRCLE ( 'NONE', #1119, 5.500000000000005329 ) ;
#745 = EDGE_LOOP ( 'NONE', ( #1605, #698 ) ) ;
#746 = CIRCLE ( 'NONE', #1515, 2.000000000000001776 ) ;
#747 = CARTESIAN_POINT ( 'NONE',  ( 396.5039860467851440, 20.00000000000000000, -160.7949640533009017 ) ) ;
#748 = CIRCLE ( 'NONE', #1375, 10.00000000000000000 ) ;
#749 = CIRCLE ( 'NONE', #1453, 3.500000000000003109 ) ;
#750 = DIRECTION ( 'NONE',  ( -0.000000000000000000, 1.000000000000000000, -0.000000000000000000 ) ) ;
#751 = ORIENTED_EDGE ( 'NONE', *, *, #367, .T. ) ;
#752 = CARTESIAN_POINT ( 'NONE',  ( 588.5432628581510244, 0.000000000000000000, -52.37948015477449815 ) ) ;
#753 = EDGE_LOOP ( 'NONE', ( #817, #811, #1536, #2115 ) ) ;
#754 = FACE_BOUND ( 'NONE', #250, .T. ) ;
#755 = EDGE_CURVE ( 'NONE', #929, #297, #1655, .T. ) ;
#756 = LINE ( 'NONE', #747, #1211 ) ;
#757 = CARTESIAN_POINT ( 'NONE',  ( 325.6809903433026534, 20.00000000000000000, -106.9537559024781217 ) ) ;
#758 = CARTESIAN_POINT ( 'NONE',  ( 489.7996630792572432, 0.000000000000000000, -194.1205198452258287 ) ) ;
#759 = ORIENTED_EDGE ( 'NONE', *, *, #1899, .F. ) ;
#760 = ADVANCED_FACE ( 'NONE', ( #2227 ), #797, .T. ) ;
#761 = ORIENTED_EDGE ( 'NONE', *, *, #563, .F. ) ;
#762 = FACE_OUTER_BOUND ( 'NONE', #1956, .T. ) ;
#763 = DIRECTION ( 'NONE',  ( -0.000000000000000000, 1.000000000000000000, -0.000000000000000000 ) ) ;
#764 = ORIENTED_EDGE ( 'NONE', *, *, #234, .T. ) ;
#765 = FACE_OUTER_BOUND ( 'NONE', #1015, .T. ) ;
#766 = ORIENTED_EDGE ( 'NONE', *, *, #952, .F. ) ;
#767 = FACE_BOUND ( 'NONE', #947, .T. ) ;
#768 = EDGE_LOOP ( 'NONE', ( #29, #1712, #401, #564 ) ) ;
#769 = AXIS2_PLACEMENT_3D ( 'NONE', #1045, #1062, #2331 ) ;
#770 = DIRECTION ( 'NONE',  ( -0.000000000000000000, 1.000000000000000000, -0.000000000000000000 ) ) ;
#771 = FACE_OUTER_BOUND ( 'NONE', #502, .T. ) ;
#772 = CIRCLE ( 'NONE', #55, 2.000000000000001776 ) ;
#773 = EDGE_CURVE ( 'NONE', #1736, #230, #1980, .T. ) ;
#774 = CIRCLE ( 'NONE', #24, 5.500000000000005329 ) ;
#775 = VERTEX_POINT ( 'NONE', #1144 ) ;
#776 = DIRECTION ( 'NONE',  ( -0.000000000000000000, 1.000000000000000000, -0.000000000000000000 ) ) ;
#777 = CIRCLE ( 'NONE', #272, 2.000000000000001776 ) ;
#778 = COORDINATED_UNIVERSAL_TIME_OFFSET ( 1, 0, .AHEAD. ) ;
#779 = AXIS2_PLACEMENT_3D ( 'NONE', #1116, #882, #1624 ) ;
#780 = EDGE_LOOP ( 'NONE', ( #1400, #1475 ) ) ;
#781 = CARTESIAN_POINT ( 'NONE',  ( 570.1565235889777341, 20.00000000000000000, -199.6634908751339310 ) ) ;
#782 = ORIENTED_EDGE ( 'NONE', *, *, #1551, .T. ) ;
#783 = CIRCLE ( 'NONE', #144, 10.00000000000000888 ) ;
#784 = DIRECTION ( 'NONE',  ( 0.000000000000000000, 0.000000000000000000, 1.000000000000000000 ) ) ;
#785 = DIRECTION ( 'NONE',  ( 0.000000000000000000, 0.000000000000000000, 1.000000000000000000 ) ) ;
#786 = DIRECTION ( 'NONE',  ( 0.000000000000000000, 0.000000000000000000, 1.000000000000000000 ) ) ;
#787 = ORIENTED_EDGE ( 'NONE', *, *, #1628, .F. ) ;
#788 = DIRECTION ( 'NONE',  ( -0.000000000000000000, 1.000000000000000000, -0.000000000000000000 ) ) ;
#789 = EDGE_CURVE ( 'NONE', #1970, #1388, #2049, .T. ) ;
#790 = PLANE ( 'NONE',  #769 ) ;
#791 = VERTEX_POINT ( 'NONE', #406 ) ;
#792 = ADVANCED_FACE ( 'NONE', ( #1501 ), #1357, .F. ) ;
#793 = CARTESIAN_POINT ( 'NONE',  ( 77.11951503781122597, 20.00000000000000000, -44.30264431862823216 ) ) ;
#794 = ORIENTED_EDGE ( 'NONE', *, *, #1705, .F. ) ;
#795 = CARTESIAN_POINT ( 'NONE',  ( 128.8747811288176592, 0.000000000000000000, -141.5892151274302933 ) ) ;
#796 = CARTESIAN_POINT ( 'NONE',  ( 90.05833156056286271, 20.00000000000000000, -195.4825005318312776 ) ) ;
#797 = CYLINDRICAL_SURFACE ( 'NONE', #633, 10.00000000000000000 ) ;
#798 = ORIENTED_EDGE ( 'NONE', *, *, #2101, .F. ) ;
#799 = CARTESIAN_POINT ( 'NONE',  ( 159.5193465774398192, 0.000000000000000000, -215.1791432340317556 ) ) ;
#800 = COORDINATED_UNIVERSAL_TIME_OFFSET ( 1, 0, .AHEAD. ) ;
#801 = ADVANCED_FACE ( 'NONE', ( #1861 ), #607, .F. ) ;
#802 = ORIENTED_EDGE ( 'NONE', *, *, #2001, .T. ) ;
#803 = DIRECTION ( 'NONE',  ( -0.000000000000000000, 1.000000000000000000, -0.000000000000000000 ) ) ;
#804 = ORIENTED_EDGE ( 'NONE', *, *, #343, .T. ) ;
#805 = EDGE_LOOP ( 'NONE', ( #1003, #1919 ) ) ;
#806 = ORIENTED_EDGE ( 'NONE', *, *, #563, .T. ) ;
#807 = DIRECTION ( 'NONE',  ( 0.000000000000000000, 0.000000000000000000, 1.000000000000000000 ) ) ;
#808 = CIRCLE ( 'NONE', #853, 2.000000000000001776 ) ;
#809 = CIRCLE ( 'NONE', #1443, 2.000000000000001776 ) ;
#810 = FACE_OUTER_BOUND ( 'NONE', #1041, .T. ) ;
#811 = ORIENTED_EDGE ( 'NONE', *, *, #1314, .F. ) ;
#812 = CARTESIAN_POINT ( 'NONE',  ( 128.8747811288176592, 20.00000000000000000, -148.5892151274302933 ) ) ;
#813 = VECTOR ( 'NONE', #154, 1000.000000000000000 ) ;
#814 = DIRECTION ( 'NONE',  ( 0.000000000000000000, 0.000000000000000000, 1.000000000000000000 ) ) ;
#815 = CIRCLE ( 'NONE', #1821, 2.000000000000001776 ) ;
#816 = APPROVAL ( #946, 'UNSPECIFIED' ) ;
#817 = ORIENTED_EDGE ( 'NONE', *, *, #1369, .F. ) ;
#818 = AXIS2_PLACEMENT_3D ( 'NONE', #194, #1479, #925 ) ;
#819 = DIRECTION ( 'NONE',  ( 0.000000000000000000, 0.000000000000000000, 1.000000000000000000 ) ) ;
#820 = VERTEX_POINT ( 'NONE', #1529 ) ;
#821 = CIRCLE ( 'NONE', #1702, 2.000000000000001776 ) ;
#822 = CIRCLE ( 'NONE', #903, 5.500000000000005329 ) ;
#823 = EDGE_CURVE ( 'NONE', #1138, #1099, #894, .T. ) ;
#824 = CARTESIAN_POINT ( 'NONE',  ( 650.0000000000000000, 20.00000000000000000, -10.00000000000000000 ) ) ;
#825 = CARTESIAN_POINT ( 'NONE',  ( 640.0000000000000000, 0.000000000000000000, -253.3500000000000227 ) ) ;
#826 = VERTEX_POINT ( 'NONE', #1156 ) ;
#827 = DIRECTION ( 'NONE',  ( -0.000000000000000000, 1.000000000000000000, -0.000000000000000000 ) ) ;
#828 = CARTESIAN_POINT ( 'NONE',  ( 128.8747811288176592, 20.00000000000000000, -145.0892151274302933 ) ) ;
#829 = ORIENTED_EDGE ( 'NONE', *, *, #1644, .T. ) ;
#830 = FACE_OUTER_BOUND ( 'NONE', #841, .T. ) ;
#831 = DIRECTION ( 'NONE',  ( 0.000000000000000000, 0.000000000000000000, 1.000000000000000000 ) ) ;
#832 = VERTEX_POINT ( 'NONE', #1908 ) ;
#833 = CARTESIAN_POINT ( 'NONE',  ( 429.1915225253154631, 20.00000000000000000, -213.8692398010046247 ) ) ;
#834 = ORIENTED_EDGE ( 'NONE', *, *, #610, .F. ) ;
#835 = CARTESIAN_POINT ( 'NONE',  ( 102.9971480833144000, 0.000000000000000000, -96.05791040963467253 ) ) ;
#836 = CARTESIAN_POINT ( 'NONE',  ( 325.6809903433026534, 0.000000000000000000, -106.9537559024781217 ) ) ;
#837 = EDGE_LOOP ( 'NONE', ( #626, #843, #205, #1824 ) ) ;
#838 = DIRECTION ( 'NONE',  ( 0.000000000000000000, 0.000000000000000000, 1.000000000000000000 ) ) ;
#839 = CARTESIAN_POINT ( 'NONE',  ( 425.7865708088019119, 0.000000000000000000, -41.57868294541738408 ) ) ;
#840 = DIRECTION ( 'NONE',  ( 0.000000000000000000, 0.000000000000000000, 1.000000000000000000 ) ) ;
#841 = EDGE_LOOP ( 'NONE', ( #325, #1090, #2228, #1516 ) ) ;
#842 = CARTESIAN_POINT ( 'NONE',  ( 650.0000000000000000, 20.00000000000000000, -243.3500000000000227 ) ) ;
#843 = ORIENTED_EDGE ( 'NONE', *, *, #2366, .F. ) ;
#844 = ORIENTED_EDGE ( 'NONE', *, *, #2316, .F. ) ;
#845 = DIRECTION ( 'NONE',  ( 0.000000000000000000, -1.000000000000000000, 0.000000000000000000 ) ) ;
#846 = VERTEX_POINT ( 'NONE', #954 ) ;
#847 = VECTOR ( 'NONE', #75, 1000.000000000000000 ) ;
#848 = EDGE_LOOP ( 'NONE', ( #99, #1994 ) ) ;
#849 = DIRECTION ( 'NONE',  ( 0.000000000000000000, 0.000000000000000000, 1.000000000000000000 ) ) ;
#850 = DIRECTION ( 'NONE',  ( 0.000000000000000000, 0.000000000000000000, 1.000000000000000000 ) ) ;
#851 = CC_DESIGN_PERSON_AND_ORGANIZATION_ASSIGNMENT ( #1146, #1692, ( #31 ) ) ;
#852 = EDGE_CURVE ( 'NONE', #1292, #1739, #1882, .T. ) ;
#853 = AXIS2_PLACEMENT_3D ( 'NONE', #242, #1526, #206 ) ;
#854 = DIRECTION ( 'NONE',  ( -0.000000000000000000, 1.000000000000000000, -0.000000000000000000 ) ) ;
#855 = AXIS2_PLACEMENT_3D ( 'NONE', #211, #2073, #1126 ) ;
#856 = EDGE_LOOP ( 'NONE', ( #51, #1911, #2106, #751 ) ) ;
#857 = CYLINDRICAL_SURFACE ( 'NONE', #26, 5.500000000000005329 ) ;
#858 = ORIENTED_EDGE ( 'NONE', *, *, #1044, .T. ) ;
#859 = DIRECTION ( 'NONE',  ( -0.000000000000000000, 1.000000000000000000, -0.000000000000000000 ) ) ;
#860 = EDGE_CURVE ( 'NONE', #820, #323, #982, .T. ) ;
#861 = CIRCLE ( 'NONE', #1130, 2.000000000000001776 ) ;
#862 = CIRCLE ( 'NONE', #335, 5.500000000000005329 ) ;
#863 = AXIS2_PLACEMENT_3D ( 'NONE', #2345, #1022, #850 ) ;
#864 = CC_DESIGN_APPROVAL ( #2315, ( #366 ) ) ;
#865 = DIRECTION ( 'NONE',  ( -0.000000000000000000, 1.000000000000000000, -0.000000000000000000 ) ) ;
#866 = FACE_BOUND ( 'NONE', #960, .T. ) ;
#867 = CARTESIAN_POINT ( 'NONE',  ( 325.6809903433026534, 0.000000000000000000, -103.4537559024781075 ) ) ;
#868 = EDGE_LOOP ( 'NONE', ( #2025, #1672 ) ) ;
#869 = DIRECTION ( 'NONE',  ( 0.000000000000000000, -1.000000000000000000, -0.000000000000000000 ) ) ;
#870 = DIRECTION ( 'NONE',  ( 0.000000000000000000, 0.000000000000000000, 1.000000000000000000 ) ) ;
#871 = FACE_OUTER_BOUND ( 'NONE', #734, .T. ) ;
#872 = EDGE_CURVE ( 'NONE', #1590, #1806, #932, .T. ) ;
#873 = CARTESIAN_POINT ( 'NONE',  ( 278.0116663121124816, 0.000000000000000000, -162.7949640533009017 ) ) ;
#874 = ORIENTED_EDGE ( 'NONE', *, *, #201, .F. ) ;
#875 = DIRECTION ( 'NONE',  ( 0.000000000000000000, 1.000000000000000000, 0.000000000000000000 ) ) ;
#876 = VERTEX_POINT ( 'NONE', #1392 ) ;
#877 = DIRECTION ( 'NONE',  ( -0.000000000000000000, 1.000000000000000000, -0.000000000000000000 ) ) ;
#878 = DIRECTION ( 'NONE',  ( -0.000000000000000000, 1.000000000000000000, -0.000000000000000000 ) ) ;
#879 = ORIENTED_EDGE ( 'NONE', *, *, #2244, .F. ) ;
#880 = DIRECTION ( 'NONE',  ( -0.000000000000000000, 1.000000000000000000, -0.000000000000000000 ) ) ;
#881 = DIRECTION ( 'NONE',  ( 0.000000000000000000, 0.000000000000000000, 1.000000000000000000 ) ) ;
#882 = DIRECTION ( 'NONE',  ( -0.000000000000000000, 1.000000000000000000, -0.000000000000000000 ) ) ;
#883 = ADVANCED_FACE ( 'NONE', ( #2312, #2287, #1029, #137, #866, #651, #355, #1096, #425, #1105, #928, #2053, #1833, #1135, #229, #397, #1339, #10, #216, #1661, #1671, #622, #973, #1885, #249, #2080, #1159, #1710 ), #790, .F. ) ;
#884 = ORIENTED_EDGE ( 'NONE', *, *, #383, .F. ) ;
#885 = CARTESIAN_POINT ( 'NONE',  ( 163.6052886372561943, 20.00000000000000000, -46.34561534853641973 ) ) ;
#886 = VERTEX_POINT ( 'NONE', #125 ) ;
#887 = DIRECTION ( 'NONE',  ( 0.000000000000000000, 0.000000000000000000, 1.000000000000000000 ) ) ;
#888 = CARTESIAN_POINT ( 'NONE',  ( 0.000000000000000000, 20.00000000000000000, -10.00000000000000000 ) ) ;
#889 = ADVANCED_FACE ( 'NONE', ( #1244 ), #2002, .F. ) ;
#890 = EDGE_CURVE ( 'NONE', #323, #1505, #1291, .T. ) ;
#891 = CARTESIAN_POINT ( 'NONE',  ( 534.7450257372364604, 0.000000000000000000, -49.75056706504998516 ) ) ;
#892 = EDGE_LOOP ( 'NONE', ( #415, #1182 ) ) ;
#893 = CYLINDRICAL_SURFACE ( 'NONE', #1826, 2.000000000000001776 ) ;
#894 = CIRCLE ( 'NONE', #1738, 3.500000000000003109 ) ;
#895 = ORIENTED_EDGE ( 'NONE', *, *, #1924, .F. ) ;
#896 = VECTOR ( 'NONE', #921, 1000.000000000000000 ) ;
#897 = DIRECTION ( 'NONE',  ( 0.000000000000000000, 0.000000000000000000, 1.000000000000000000 ) ) ;
#898 = ORIENTED_EDGE ( 'NONE', *, *, #720, .F. ) ;
#899 = DIRECTION ( 'NONE',  ( -0.000000000000000000, 1.000000000000000000, -0.000000000000000000 ) ) ;
#900 = CIRCLE ( 'NONE', #1783, 2.000000000000001776 ) ;
#901 = ADVANCED_FACE ( 'NONE', ( #1784 ), #1417, .F. ) ;
#902 = AXIS2_PLACEMENT_3D ( 'NONE', #1471, #740, #2219 ) ;
#903 = AXIS2_PLACEMENT_3D ( 'NONE', #231, #2257, #613 ) ;
#904 = DIRECTION ( 'NONE',  ( -0.000000000000000000, 1.000000000000000000, -0.000000000000000000 ) ) ;
#905 = EDGE_CURVE ( 'NONE', #929, #1746, #2237, .T. ) ;
#906 = LOCAL_TIME ( 11, 20, 4.000000000000000000, #778 ) ;
#907 = CARTESIAN_POINT ( 'NONE',  ( 570.1565235889777341, 20.00000000000000000, -196.1634908751339879 ) ) ;
#908 = CARTESIAN_POINT ( 'NONE',  ( 489.7996630792572432, 0.000000000000000000, -199.6205198452258287 ) ) ;
#909 = ORIENTED_EDGE ( 'NONE', *, *, #1380, .T. ) ;
#910 = CARTESIAN_POINT ( 'NONE',  ( 570.1565235889777341, 20.00000000000000000, -196.1634908751339879 ) ) ;
#911 = LINE ( 'NONE', #1494, #1666 ) ;
#912 = ORIENTED_EDGE ( 'NONE', *, *, #38, .F. ) ;
#913 = ADVANCED_FACE ( 'NONE', ( #871 ), #2352, .F. ) ;
#914 = CARTESIAN_POINT ( 'NONE',  ( 502.0574892587061981, 0.000000000000000000, -125.4355434551378607 ) ) ;
#915 = FACE_OUTER_BOUND ( 'NONE', #691, .T. ) ;
#916 = CARTESIAN_POINT ( 'NONE',  ( 102.9971480833144000, 20.00000000000000000, -96.05791040963467253 ) ) ;
#917 = ORIENTED_EDGE ( 'NONE', *, *, #905, .T. ) ;
#918 = DIRECTION ( 'NONE',  ( -0.000000000000000000, 1.000000000000000000, -0.000000000000000000 ) ) ;
#919 = CARTESIAN_POINT ( 'NONE',  ( 102.9971480833144000, 0.000000000000000000, -94.05791040963467253 ) ) ;
#920 = FACE_BOUND ( 'NONE', #780, .T. ) ;
#921 = DIRECTION ( 'NONE',  ( 0.000000000000000000, -1.000000000000000000, 0.000000000000000000 ) ) ;
#922 = CARTESIAN_POINT ( 'NONE',  ( 396.5039860467851440, 0.000000000000000000, -162.7949640533009017 ) ) ;
#923 = AXIS2_PLACEMENT_3D ( 'NONE', #922, #1311, #1321 ) ;
#924 = ADVANCED_FACE ( 'NONE', ( #920, #2231, #615, #1329, #390, #743, #2060, #1656, #604, #754, #2259, #959, #1164, #1488, #2035, #2043, #1110, #429, #1675, #1122, #225, #233, #208, #419, #1683, #767, #1875, #1343 ), #1152, .T. ) ;
#925 = DIRECTION ( 'NONE',  ( 0.000000000000000000, 0.000000000000000000, 1.000000000000000000 ) ) ;
#926 = APPROVAL_STATUS ( 'not_yet_approved' ) ;
#927 = CIRCLE ( 'NONE', #923, 2.000000000000001776 ) ;
#928 = FACE_BOUND ( 'NONE', #2370, .T. ) ;
#929 = VERTEX_POINT ( 'NONE', #643 ) ;
#930 = DIRECTION ( 'NONE',  ( 0.000000000000000000, 0.000000000000000000, 1.000000000000000000 ) ) ;
#931 = EDGE_LOOP ( 'NONE', ( #834, #2181, #241, #186 ) ) ;
#932 = CIRCLE ( 'NONE', #1259, 5.500000000000005329 ) ;
#933 = AXIS2_PLACEMENT_3D ( 'NONE', #1677, #1112, #2063 ) ;
#934 = VECTOR ( 'NONE', #112, 1000.000000000000000 ) ;
#935 = DIRECTION ( 'NONE',  ( -0.000000000000000000, 1.000000000000000000, -0.000000000000000000 ) ) ;
#936 = CIRCLE ( 'NONE', #15, 2.000000000000001776 ) ;
#937 = CIRCLE ( 'NONE', #1133, 4.199999999999981526 ) ;
#938 = ADVANCED_FACE ( 'NONE', ( #2096 ), #1234, .F. ) ;
#939 = ORIENTED_EDGE ( 'NONE', *, *, #648, .T. ) ;
#940 = FACE_OUTER_BOUND ( 'NONE', #856, .T. ) ;
#941 = ORIENTED_EDGE ( 'NONE', *, *, #860, .F. ) ;
#942 = VERTEX_POINT ( 'NONE', #2297 ) ;
#943 = DIRECTION ( 'NONE',  ( 0.000000000000000000, 0.000000000000000000, 1.000000000000000000 ) ) ;
#944 = CARTESIAN_POINT ( 'NONE',  ( 275.9686952822043509, 20.00000000000000000, -220.6791432340317556 ) ) ;
#945 = EDGE_CURVE ( 'NONE', #1871, #46, #483, .T. ) ;
#946 = APPROVAL_STATUS ( 'not_yet_approved' ) ;
#947 = EDGE_LOOP ( 'NONE', ( #1834, #616 ) ) ;
#948 = CARTESIAN_POINT ( 'NONE',  ( 77.11951503781122597, 20.00000000000000000, -44.30264431862823216 ) ) ;
#949 = VERTEX_POINT ( 'NONE', #795 ) ;
#950 = DIRECTION ( 'NONE',  ( 0.000000000000000000, -1.000000000000000000, -0.000000000000000000 ) ) ;
#951 = ADVANCED_FACE ( 'NONE', ( #283 ), #255, .F. ) ;
#952 = EDGE_CURVE ( 'NONE', #73, #1682, #70, .T. ) ;
#953 = CARTESIAN_POINT ( 'NONE',  ( 640.0000000000000000, 20.00000000000000000, -10.00000000000000000 ) ) ;
#954 = CARTESIAN_POINT ( 'NONE',  ( 0.000000000000000000, 0.000000000000000000, -10.00000000000000000 ) ) ;
#955 = VERTEX_POINT ( 'NONE', #442 ) ;
#956 = EDGE_LOOP ( 'NONE', ( #657, #1317 ) ) ;
#957 = DIRECTION ( 'NONE',  ( 0.000000000000000000, 0.000000000000000000, 1.000000000000000000 ) ) ;
#958 = ORIENTED_EDGE ( 'NONE', *, *, #238, .F. ) ;
#959 = FACE_BOUND ( 'NONE', #652, .T. ) ;
#960 = EDGE_LOOP ( 'NONE', ( #307, #802 ) ) ;
#961 = AXIS2_PLACEMENT_3D ( 'NONE', #1129, #1720, #1348 ) ;
#962 = LINE ( 'NONE', #235, #135 ) ;
#963 = EDGE_CURVE ( 'NONE', #1769, #1109, #1695, .T. ) ;
#964 = DIRECTION ( 'NONE',  ( -0.000000000000000000, 1.000000000000000000, -0.000000000000000000 ) ) ;
#965 = CIRCLE ( 'NONE', #1698, 3.500000000000003109 ) ;
#966 = VECTOR ( 'NONE', #1115, 1000.000000000000000 ) ;
#967 = DIRECTION ( 'NONE',  ( -0.000000000000000000, 1.000000000000000000, -0.000000000000000000 ) ) ;
#968 = VERTEX_POINT ( 'NONE', #259 ) ;
#969 = DIRECTION ( 'NONE',  ( 0.000000000000000000, 0.000000000000000000, 1.000000000000000000 ) ) ;
#970 = DIRECTION ( 'NONE',  ( 0.000000000000000000, 0.000000000000000000, 1.000000000000000000 ) ) ;
#971 = VECTOR ( 'NONE', #1307, 1000.000000000000000 ) ;
#972 = CIRCLE ( 'NONE', #863, 2.000000000000001776 ) ;
#973 = FACE_BOUND ( 'NONE', #2204, .T. ) ;
#974 = ORIENTED_EDGE ( 'NONE', *, *, #945, .T. ) ;
#975 = DIRECTION ( 'NONE',  ( -0.000000000000000000, 1.000000000000000000, -0.000000000000000000 ) ) ;
#976 = ORIENTED_EDGE ( 'NONE', *, *, #1482, .T. ) ;
#977 = DIRECTION ( 'NONE',  ( -0.000000000000000000, 1.000000000000000000, -0.000000000000000000 ) ) ;
#978 = EDGE_CURVE ( 'NONE', #1352, #73, #2018, .T. ) ;
#979 = ORIENTED_EDGE ( 'NONE', *, *, #1737, .T. ) ;
#980 = VECTOR ( 'NONE', #1998, 1000.000000000000000 ) ;
#981 = CYLINDRICAL_SURFACE ( 'NONE', #1351, 2.000000000000001776 ) ;
#982 = LINE ( 'NONE', #72, #2320 ) ;
#983 = ORIENTED_EDGE ( 'NONE', *, *, #997, .T. ) ;
#984 = DIRECTION ( 'NONE',  ( -0.000000000000000000, 1.000000000000000000, -0.000000000000000000 ) ) ;
#985 = PERSON_AND_ORGANIZATION ( #2076, #1606 ) ;
#986 = EDGE_LOOP ( 'NONE', ( #623, #1160 ) ) ;
#987 = VECTOR ( 'NONE', #258, 1000.000000000000000 ) ;
#988 = DIRECTION ( 'NONE',  ( 0.000000000000000000, 0.000000000000000000, 1.000000000000000000 ) ) ;
#989 = ORIENTED_EDGE ( 'NONE', *, *, #178, .F. ) ;
#990 = DIRECTION ( 'NONE',  ( 0.000000000000000000, 0.000000000000000000, 1.000000000000000000 ) ) ;
#991 = CARTESIAN_POINT ( 'NONE',  ( 128.8747811288176592, 20.00000000000000000, -145.0892151274302933 ) ) ;
#992 = VERTEX_POINT ( 'NONE', #1186 ) ;
#993 = DIRECTION ( 'NONE',  ( 0.000000000000000000, 0.000000000000000000, 1.000000000000000000 ) ) ;
#994 = VERTEX_POINT ( 'NONE', #1910 ) ;
#995 = DIRECTION ( 'NONE',  ( 0.000000000000000000, 0.000000000000000000, 1.000000000000000000 ) ) ;
#996 = EDGE_LOOP ( 'NONE', ( #132, #351 ) ) ;
#997 = EDGE_CURVE ( 'NONE', #1189, #1904, #405, .T. ) ;
#998 = CARTESIAN_POINT ( 'NONE',  ( 0.000000000000000000, 0.000000000000000000, -243.3500000000000227 ) ) ;
#999 = CIRCLE ( 'NONE', #1366, 2.000000000000001776 ) ;
#1000 = CARTESIAN_POINT ( 'NONE',  ( 77.11951503781122597, 0.000000000000000000, -40.80264431862823926 ) ) ;
#1001 = DIRECTION ( 'NONE',  ( -0.000000000000000000, 1.000000000000000000, -0.000000000000000000 ) ) ;
#1002 = EDGE_CURVE ( 'NONE', #2212, #1292, #569, .T. ) ;
#1003 = ORIENTED_EDGE ( 'NONE', *, *, #539, .F. ) ;
#1004 = VECTOR ( 'NONE', #2010, 1000.000000000000000 ) ;
#1005 = DIRECTION ( 'NONE',  ( -0.000000000000000000, 1.000000000000000000, -0.000000000000000000 ) ) ;
#1006 = AXIS2_PLACEMENT_3D ( 'NONE', #2074, #1154, #457 ) ;
#1007 = VECTOR ( 'NONE', #352, 1000.000000000000000 ) ;
#1008 = ORIENTED_EDGE ( 'NONE', *, *, #1837, .T. ) ;
#1009 = AXIS2_PLACEMENT_3D ( 'NONE', #1496, #2196, #2013 ) ;
#1010 = FACE_OUTER_BOUND ( 'NONE', #1296, .T. ) ;
#1011 = ORIENTED_EDGE ( 'NONE', *, *, #1572, .T. ) ;
#1012 = ADVANCED_FACE ( 'NONE', ( #469 ), #1196, .F. ) ;
#1013 = VECTOR ( 'NONE', #1613, 1000.000000000000000 ) ;
#1014 = VECTOR ( 'NONE', #2093, 1000.000000000000000 ) ;
#1015 = EDGE_LOOP ( 'NONE', ( #659, #1538, #1313, #3 ) ) ;
#1016 = DIRECTION ( 'NONE',  ( 0.000000000000000000, 0.000000000000000000, 1.000000000000000000 ) ) ;
#1017 = ORIENTED_EDGE ( 'NONE', *, *, #755, .T. ) ;
#1018 = DIRECTION ( 'NONE',  ( -0.000000000000000000, 1.000000000000000000, -0.000000000000000000 ) ) ;
#1019 = AXIS2_PLACEMENT_3D ( 'NONE', #306, #562, #1816 ) ;
#1020 = MANIFOLD_SOLID_BREP ( 'M8 Clearance Hole1', #2022 ) ;
#1021 = CARTESIAN_POINT ( 'NONE',  ( 640.0000000000000000, 20.00000000000000000, 0.000000000000000000 ) ) ;
#1022 = DIRECTION ( 'NONE',  ( -0.000000000000000000, 1.000000000000000000, -0.000000000000000000 ) ) ;
#1023 = ORIENTED_EDGE ( 'NONE', *, *, #343, .F. ) ;
#1024 = DIRECTION ( 'NONE',  ( -0.000000000000000000, 1.000000000000000000, -0.000000000000000000 ) ) ;
#1025 = ORIENTED_EDGE ( 'NONE', *, *, #2003, .F. ) ;
#1026 = CARTESIAN_POINT ( 'NONE',  ( 90.05833156056286271, 20.00000000000000000, -195.4825005318312776 ) ) ;
#1027 = CARTESIAN_POINT ( 'NONE',  ( 325.6809903433026534, 20.00000000000000000, -106.9537559024781217 ) ) ;
#1028 = EDGE_CURVE ( 'NONE', #359, #418, #98, .T. ) ;
#1029 = FACE_BOUND ( 'NONE', #848, .T. ) ;
#1030 = DIRECTION ( 'NONE',  ( -0.000000000000000000, 1.000000000000000000, -0.000000000000000000 ) ) ;
#1031 = CARTESIAN_POINT ( 'NONE',  ( 197.6548058023920191, 0.000000000000000000, -189.3106164121986694 ) ) ;
#1032 = CARTESIAN_POINT ( 'NONE',  ( 502.0574892587061981, 0.000000000000000000, -121.9355434551378892 ) ) ;
#1033 = VERTEX_POINT ( 'NONE', #1982 ) ;
#1034 = ORIENTED_EDGE ( 'NONE', *, *, #1534, .F. ) ;
#1035 = FACE_OUTER_BOUND ( 'NONE', #509, .T. ) ;
#1036 = ORIENTED_EDGE ( 'NONE', *, *, #860, .T. ) ;
#1037 = CARTESIAN_POINT ( 'NONE',  ( 309.3372221040374939, 20.00000000000000000, -41.57868294541738408 ) ) ;
#1038 = CYLINDRICAL_SURFACE ( 'NONE', #1208, 2.000000000000001776 ) ;
#1039 = EDGE_CURVE ( 'NONE', #575, #1871, #2163, .T. ) ;
#1040 = LINE ( 'NONE', #2192, #813 ) ;
#1041 = EDGE_LOOP ( 'NONE', ( #1760, #1728, #81, #2111 ) ) ;
#1042 = LINE ( 'NONE', #123, #676 ) ;
#1043 = LINE ( 'NONE', #1611, #1007 ) ;
#1044 = EDGE_CURVE ( 'NONE', #1411, #1854, #316, .T. ) ;
#1045 = CARTESIAN_POINT ( 'NONE',  ( 0.000000000000000000, 0.000000000000000000, 0.000000000000000000 ) ) ;
#1046 = DIRECTION ( 'NONE',  ( 0.000000000000000000, 0.000000000000000000, 1.000000000000000000 ) ) ;
#1047 = CIRCLE ( 'NONE', #1370, 2.000000000000001776 ) ;
#1048 = VERTEX_POINT ( 'NONE', #1438 ) ;
#1049 = VECTOR ( 'NONE', #1659, 1000.000000000000000 ) ;
#1050 = VERTEX_POINT ( 'NONE', #498 ) ;
#1051 = DIRECTION ( 'NONE',  ( -0.000000000000000000, 1.000000000000000000, -0.000000000000000000 ) ) ;
#1052 = ORIENTED_EDGE ( 'NONE', *, *, #19, .F. ) ;
#1053 = CYLINDRICAL_SURFACE ( 'NONE', #411, 4.199999999999981526 ) ;
#1054 = AXIS2_PLACEMENT_3D ( 'NONE', #793, #2057, #1681 ) ;
#1055 = EDGE_CURVE ( 'NONE', #1292, #2212, #2052, .T. ) ;
#1056 = APPROVAL_PERSON_ORGANIZATION ( #375, #2315, #2020 ) ;
#1057 = AXIS2_PLACEMENT_3D ( 'NONE', #113, #880, #840 ) ;
#1058 = CARTESIAN_POINT ( 'NONE',  ( 570.1565235889777341, 20.00000000000000000, -196.1634908751339879 ) ) ;
#1059 = EDGE_LOOP ( 'NONE', ( #1324, #1566, #686, #1925 ) ) ;
#1060 = CARTESIAN_POINT ( 'NONE',  ( 429.1915225253154631, 20.00000000000000000, -213.8692398010046247 ) ) ;
#1061 = DIRECTION ( 'NONE',  ( -0.000000000000000000, 1.000000000000000000, -0.000000000000000000 ) ) ;
#1062 = DIRECTION ( 'NONE',  ( -0.000000000000000000, 1.000000000000000000, 0.000000000000000000 ) ) ;
#1063 = DIRECTION ( 'NONE',  ( 0.000000000000000000, 0.000000000000000000, 1.000000000000000000 ) ) ;
#1064 = ADVANCED_FACE ( 'NONE', ( #153 ), #1271, .F. ) ;
#1065 = DIRECTION ( 'NONE',  ( -0.000000000000000000, 1.000000000000000000, -0.000000000000000000 ) ) ;
#1066 = CARTESIAN_POINT ( 'NONE',  ( 163.6052886372561943, 0.000000000000000000, -40.84561534853641973 ) ) ;
#1067 = EDGE_LOOP ( 'NONE', ( #1249, #874 ) ) ;
#1068 = CARTESIAN_POINT ( 'NONE',  ( 396.5039860467851440, 20.00000000000000000, -162.7949640533009017 ) ) ;
#1069 = CARTESIAN_POINT ( 'NONE',  ( 128.8747811288176592, 20.00000000000000000, -145.0892151274302933 ) ) ;
#1070 = EDGE_CURVE ( 'NONE', #1977, #512, #772, .T. ) ;
#1071 = DIRECTION ( 'NONE',  ( 0.000000000000000000, 0.000000000000000000, 1.000000000000000000 ) ) ;
#1072 = CARTESIAN_POINT ( 'NONE',  ( 625.0000000000000000, 20.00000000000000000, -130.8750000000000000 ) ) ;
#1073 =( NAMED_UNIT ( * ) PLANE_ANGLE_UNIT ( ) SI_UNIT ( $, .RADIAN. ) );
#1074 = ADVANCED_FACE ( 'NONE', ( #1093 ), #1079, .F. ) ;
#1075 = PLANE ( 'NONE',  #183 ) ;
#1076 = ORIENTED_EDGE ( 'NONE', *, *, #1002, .T. ) ;
#1077 = DIRECTION ( 'NONE',  ( -0.000000000000000000, 1.000000000000000000, -0.000000000000000000 ) ) ;
#1078 = EDGE_CURVE ( 'NONE', #1203, #418, #1620, .T. ) ;
#1079 = CYLINDRICAL_SURFACE ( 'NONE', #1555, 5.500000000000005329 ) ;
#1080 = CALENDAR_DATE ( 2025, 5, 3 ) ;
#1081 = AXIS2_PLACEMENT_3D ( 'NONE', #709, #544, #1272 ) ;
#1082 = ORIENTED_EDGE ( 'NONE', *, *, #560, .T. ) ;
#1083 = AXIS2_PLACEMENT_3D ( 'NONE', #891, #706, #1829 ) ;
#1084 = DIRECTION ( 'NONE',  ( -0.000000000000000000, 1.000000000000000000, -0.000000000000000000 ) ) ;
#1085 = ORIENTED_EDGE ( 'NONE', *, *, #1585, .F. ) ;
#1086 = CARTESIAN_POINT ( 'NONE',  ( 625.0000000000000000, 20.00000000000000000, -126.6750000000000114 ) ) ;
#1087 = VECTOR ( 'NONE', #1238, 1000.000000000000000 ) ;
#1088 = VECTOR ( 'NONE', #935, 1000.000000000000000 ) ;
#1089 = VECTOR ( 'NONE', #1285, 1000.000000000000000 ) ;
#1090 = ORIENTED_EDGE ( 'NONE', *, *, #636, .T. ) ;
#1091 = AXIS2_PLACEMENT_3D ( 'NONE', #503, #1232, #127 ) ;
#1092 = AXIS2_PLACEMENT_3D ( 'NONE', #362, #1860, #2046 ) ;
#1093 = FACE_OUTER_BOUND ( 'NONE', #1850, .T. ) ;
#1094 = CARTESIAN_POINT ( 'NONE',  ( 640.0000000000000000, 20.00000000000000000, -253.3500000000000227 ) ) ;
#1095 = PERSON_AND_ORGANIZATION ( #2076, #1606 ) ;
#1096 = FACE_BOUND ( 'NONE', #1472, .T. ) ;
#1097 = ORIENTED_EDGE ( 'NONE', *, *, #1752, .T. ) ;
#1098 = CARTESIAN_POINT ( 'NONE',  ( 90.05833156056286271, 20.00000000000000000, -197.4825005318312776 ) ) ;
#1099 = VERTEX_POINT ( 'NONE', #1458 ) ;
#1100 = CARTESIAN_POINT ( 'NONE',  ( 588.5432628581510244, 20.00000000000000000, -59.37948015477439156 ) ) ;
#1101 = EDGE_CURVE ( 'NONE', #846, #451, #1040, .T. ) ;
#1102 = DIRECTION ( 'NONE',  ( 0.000000000000000000, 0.000000000000000000, 1.000000000000000000 ) ) ;
#1103 = EDGE_CURVE ( 'NONE', #1739, #2072, #331, .T. ) ;
#1104 = PERSON_AND_ORGANIZATION ( #2076, #1606 ) ;
#1105 = FACE_BOUND ( 'NONE', #346, .T. ) ;
#1106 = EDGE_CURVE ( 'NONE', #5, #1117, #736, .T. ) ;
#1107 = EDGE_LOOP ( 'NONE', ( #2294, #898, #677, #2153 ) ) ;
#1108 = FACE_OUTER_BOUND ( 'NONE', #1581, .T. ) ;
#1109 = VERTEX_POINT ( 'NONE', #1280 ) ;
#1110 = FACE_BOUND ( 'NONE', #1124, .T. ) ;
#1111 = ORIENTED_EDGE ( 'NONE', *, *, #2001, .F. ) ;
#1112 = DIRECTION ( 'NONE',  ( -0.000000000000000000, 1.000000000000000000, -0.000000000000000000 ) ) ;
#1113 = EDGE_CURVE ( 'NONE', #2023, #297, #89, .T. ) ;
#1114 = AXIS2_PLACEMENT_3D ( 'NONE', #1385, #472, #294 ) ;
#1115 = DIRECTION ( 'NONE',  ( 0.000000000000000000, 0.000000000000000000, -1.000000000000000000 ) ) ;
#1116 = CARTESIAN_POINT ( 'NONE',  ( 589.2242532014537346, 20.00000000000000000, -120.5735627685324687 ) ) ;
#1117 = VERTEX_POINT ( 'NONE', #1072 ) ;
#1118 = CARTESIAN_POINT ( 'NONE',  ( 197.6548058023920191, 20.00000000000000000, -185.3106164121986694 ) ) ;
#1119 = AXIS2_PLACEMENT_3D ( 'NONE', #360, #189, #365 ) ;
#1120 = EDGE_LOOP ( 'NONE', ( #1693, #59, #2070, #1222 ) ) ;
#1121 = LINE ( 'NONE', #1100, #1929 ) ;
#1122 = FACE_BOUND ( 'NONE', #1067, .T. ) ;
#1123 = VECTOR ( 'NONE', #6, 1000.000000000000000 ) ;
#1124 = EDGE_LOOP ( 'NONE', ( #147, #1327 ) ) ;
#1125 = VECTOR ( 'NONE', #1416, 1000.000000000000000 ) ;
#1126 = DIRECTION ( 'NONE',  ( 0.000000000000000000, 0.000000000000000000, 1.000000000000000000 ) ) ;
#1127 = CIRCLE ( 'NONE', #410, 2.000000000000001776 ) ;
#1128 = DIRECTION ( 'NONE',  ( -0.000000000000000000, 1.000000000000000000, -0.000000000000000000 ) ) ;
#1129 = CARTESIAN_POINT ( 'NONE',  ( 544.9598808867772277, 20.00000000000000000, -152.5801089037601628 ) ) ;
#1130 = AXIS2_PLACEMENT_3D ( 'NONE', #1546, #1923, #2275 ) ;
#1131 = AXIS2_PLACEMENT_3D ( 'NONE', #758, #1639, #2188 ) ;
#1132 = EDGE_CURVE ( 'NONE', #775, #876, #637, .T. ) ;
#1133 = AXIS2_PLACEMENT_3D ( 'NONE', #1767, #1399, #475 ) ;
#1134 = COORDINATED_UNIVERSAL_TIME_OFFSET ( 1, 0, .AHEAD. ) ;
#1135 = FACE_BOUND ( 'NONE', #2202, .T. ) ;
#1136 = CC_DESIGN_SECURITY_CLASSIFICATION ( #31, ( #143 ) ) ;
#1137 = EDGE_CURVE ( 'NONE', #1958, #359, #1256, .T. ) ;
#1138 = VERTEX_POINT ( 'NONE', #867 ) ;
#1139 = FACE_OUTER_BOUND ( 'NONE', #1889, .T. ) ;
#1140 = VERTEX_POINT ( 'NONE', #1643 ) ;
#1141 = ORIENTED_EDGE ( 'NONE', *, *, #978, .F. ) ;
#1142 = CARTESIAN_POINT ( 'NONE',  ( 325.6809903433026534, 20.00000000000000000, -106.9537559024781217 ) ) ;
#1143 = DIRECTION ( 'NONE',  ( -0.000000000000000000, 1.000000000000000000, -0.000000000000000000 ) ) ;
#1144 = CARTESIAN_POINT ( 'NONE',  ( 534.7450257372364604, 0.000000000000000000, -47.75056706504997805 ) ) ;
#1145 = EDGE_LOOP ( 'NONE', ( #337, #170 ) ) ;
#1146 = PERSON_AND_ORGANIZATION ( #2076, #1606 ) ;
#1147 = VERTEX_POINT ( 'NONE', #317 ) ;
#1148 = CARTESIAN_POINT ( 'NONE',  ( 10.00000000000000000, 0.000000000000000000, 0.000000000000000000 ) ) ;
#1149 = VERTEX_POINT ( 'NONE', #336 ) ;
#1150 = CARTESIAN_POINT ( 'NONE',  ( 10.00000000000000000, 0.000000000000000000, -243.3500000000000227 ) ) ;
#1151 = ADVANCED_FACE ( 'NONE', ( #1777 ), #2343, .F. ) ;
#1152 = PLANE ( 'NONE',  #1260 ) ;
#1153 = CARTESIAN_POINT ( 'NONE',  ( 90.05833156056286271, 0.000000000000000000, -197.4825005318312776 ) ) ;
#1154 = DIRECTION ( 'NONE',  ( -0.000000000000000000, 1.000000000000000000, -0.000000000000000000 ) ) ;
#1155 = FACE_OUTER_BOUND ( 'NONE', #2306, .T. ) ;
#1156 = CARTESIAN_POINT ( 'NONE',  ( 429.1915225253154631, 0.000000000000000000, -215.8692398010046247 ) ) ;
#1157 = CALENDAR_DATE ( 2025, 5, 3 ) ;
#1158 = ADVANCED_FACE ( 'NONE', ( #2373 ), #727, .F. ) ;
#1159 = FACE_BOUND ( 'NONE', #712, .T. ) ;
#1160 = ORIENTED_EDGE ( 'NONE', *, *, #1913, .F. ) ;
#1161 = AXIS2_PLACEMENT_3D ( 'NONE', #1830, #192, #2216 ) ;
#1162 = CARTESIAN_POINT ( 'NONE',  ( 159.5193465774398192, 0.000000000000000000, -220.6791432340317556 ) ) ;
#1163 = ORIENTED_EDGE ( 'NONE', *, *, #300, .T. ) ;
#1164 = FACE_BOUND ( 'NONE', #1379, .T. ) ;
#1165 = EDGE_CURVE ( 'NONE', #1900, #2097, #561, .T. ) ;
#1166 = AXIS2_PLACEMENT_3D ( 'NONE', #1261, #514, #1612 ) ;
#1167 = DIRECTION ( 'NONE',  ( -0.000000000000000000, 1.000000000000000000, -0.000000000000000000 ) ) ;
#1168 = AXIS2_PLACEMENT_3D ( 'NONE', #1142, #1492, #1867 ) ;
#1169 = CARTESIAN_POINT ( 'NONE',  ( 90.05833156056286271, 20.00000000000000000, -193.4825005318312776 ) ) ;
#1170 = CARTESIAN_POINT ( 'NONE',  ( 325.6809903433026534, 0.000000000000000000, -106.9537559024781217 ) ) ;
#1171 = CIRCLE ( 'NONE', #818, 2.000000000000001776 ) ;
#1172 = VERTEX_POINT ( 'NONE', #191 ) ;
#1173 = DIRECTION ( 'NONE',  ( -0.000000000000000000, 1.000000000000000000, -0.000000000000000000 ) ) ;
#1174 = CARTESIAN_POINT ( 'NONE',  ( 309.3372221040374939, 0.000000000000000000, -41.57868294541738408 ) ) ;
#1175 = DATE_AND_TIME ( #1157, #906 ) ;
#1176 = AXIS2_PLACEMENT_3D ( 'NONE', #1823, #1673, #377 ) ;
#1177 = LOCAL_TIME ( 11, 20, 4.000000000000000000, #574 ) ;
#1178 = VERTEX_POINT ( 'NONE', #914 ) ;
#1179 = CARTESIAN_POINT ( 'NONE',  ( 255.5389849831228730, 20.00000000000000000, -64.73235461770974553 ) ) ;
#1180 = VERTEX_POINT ( 'NONE', #2150 ) ;
#1181 = APPROVAL_PERSON_ORGANIZATION ( #2051, #816, #54 ) ;
#1182 = ORIENTED_EDGE ( 'NONE', *, *, #1407, .T. ) ;
#1183 = VERTEX_POINT ( 'NONE', #1963 ) ;
#1184 = CARTESIAN_POINT ( 'NONE',  ( 197.6548058023920191, 20.00000000000000000, -187.3106164121986694 ) ) ;
#1185 = DIRECTION ( 'NONE',  ( 0.000000000000000000, 0.000000000000000000, 1.000000000000000000 ) ) ;
#1186 = CARTESIAN_POINT ( 'NONE',  ( 589.2242532014537346, 0.000000000000000000, -126.0735627685324260 ) ) ;
#1187 = CYLINDRICAL_SURFACE ( 'NONE', #1114, 2.000000000000001776 ) ;
#1188 = EDGE_CURVE ( 'NONE', #203, #2296, #2361, .T. ) ;
#1189 = VERTEX_POINT ( 'NONE', #1880 ) ;
#1190 = AXIS2_PLACEMENT_3D ( 'NONE', #431, #96, #1195 ) ;
#1191 = CYLINDRICAL_SURFACE ( 'NONE', #718, 3.499999999999996003 ) ;
#1192 = ORIENTED_EDGE ( 'NONE', *, *, #1319, .T. ) ;
#1193 = EDGE_CURVE ( 'NONE', #1352, #942, #1320, .T. ) ;
#1194 = EDGE_LOOP ( 'NONE', ( #1942, #273, #1413, #1843 ) ) ;
#1195 = DIRECTION ( 'NONE',  ( 0.000000000000000000, 0.000000000000000000, 1.000000000000000000 ) ) ;
#1196 = CYLINDRICAL_SURFACE ( 'NONE', #1294, 3.499999999999947597 ) ;
#1197 = EDGE_LOOP ( 'NONE', ( #2062, #1870 ) ) ;
#1198 = CARTESIAN_POINT ( 'NONE',  ( 502.0574892587061981, 20.00000000000000000, -125.4355434551378607 ) ) ;
#1199 = EDGE_CURVE ( 'NONE', #1149, #107, #1599, .T. ) ;
#1200 = EDGE_LOOP ( 'NONE', ( #318, #2078 ) ) ;
#1201 = CARTESIAN_POINT ( 'NONE',  ( 197.6548058023920191, 20.00000000000000000, -187.3106164121986694 ) ) ;
#1202 = ORIENTED_EDGE ( 'NONE', *, *, #1909, .F. ) ;
#1203 = VERTEX_POINT ( 'NONE', #1302 ) ;
#1204 = AXIS2_PLACEMENT_3D ( 'NONE', #953, #606, #274 ) ;
#1205 = CYLINDRICAL_SURFACE ( 'NONE', #138, 10.00000000000000888 ) ;
#1206 = ORIENTED_EDGE ( 'NONE', *, *, #1132, .T. ) ;
#1207 = LINE ( 'NONE', #1932, #716 ) ;
#1208 = AXIS2_PLACEMENT_3D ( 'NONE', #1631, #865, #2342 ) ;
#1209 = DIRECTION ( 'NONE',  ( -0.000000000000000000, 1.000000000000000000, -0.000000000000000000 ) ) ;
#1210 = CARTESIAN_POINT ( 'NONE',  ( 325.6809903433026534, 20.00000000000000000, -110.4537559024781217 ) ) ;
#1211 = VECTOR ( 'NONE', #1846, 1000.000000000000000 ) ;
#1212 = CARTESIAN_POINT ( 'NONE',  ( 489.7996630792572432, 0.000000000000000000, -194.1205198452258287 ) ) ;
#1213 = AXIS2_PLACEMENT_3D ( 'NONE', #835, #2132, #537 ) ;
#1214 = VERTEX_POINT ( 'NONE', #2037 ) ;
#1215 = AXIS2_PLACEMENT_3D ( 'NONE', #1617, #1584, #1957 ) ;
#1216 = CARTESIAN_POINT ( 'NONE',  ( 0.000000000000000000, 20.00000000000000000, 0.000000000000000000 ) ) ;
#1217 = DIRECTION ( 'NONE',  ( -0.000000000000000000, 1.000000000000000000, -0.000000000000000000 ) ) ;
#1218 = AXIS2_PLACEMENT_3D ( 'NONE', #2295, #1217, #656 ) ;
#1219 = EDGE_CURVE ( 'NONE', #188, #237, #962, .T. ) ;
#1220 = DIRECTION ( 'NONE',  ( -0.000000000000000000, 1.000000000000000000, -0.000000000000000000 ) ) ;
#1221 = ADVANCED_FACE ( 'NONE', ( #2206 ), #605, .F. ) ;
#1222 = ORIENTED_EDGE ( 'NONE', *, *, #1239, .F. ) ;
#1223 = CARTESIAN_POINT ( 'NONE',  ( 544.9598808867772277, 0.000000000000000000, -154.5801089037601628 ) ) ;
#1224 = EDGE_LOOP ( 'NONE', ( #1722, #909, #2130, #1495 ) ) ;
#1225 = CARTESIAN_POINT ( 'NONE',  ( 163.6052886372561943, 20.00000000000000000, -46.34561534853641973 ) ) ;
#1226 = ADVANCED_FACE ( 'NONE', ( #762 ), #2224, .F. ) ;
#1227 = CYLINDRICAL_SURFACE ( 'NONE', #1445, 4.199999999999995737 ) ;
#1228 = DIRECTION ( 'NONE',  ( -0.000000000000000000, 1.000000000000000000, 0.000000000000000000 ) ) ;
#1229 = CARTESIAN_POINT ( 'NONE',  ( 77.11951503781122597, 0.000000000000000000, -47.80264431862821795 ) ) ;
#1230 = DIRECTION ( 'NONE',  ( -0.000000000000000000, 1.000000000000000000, -0.000000000000000000 ) ) ;
#1231 = ORIENTED_EDGE ( 'NONE', *, *, #1165, .T. ) ;
#1232 = DIRECTION ( 'NONE',  ( -0.000000000000000000, 1.000000000000000000, -0.000000000000000000 ) ) ;
#1233 = EDGE_LOOP ( 'NONE', ( #1618, #689 ) ) ;
#1234 = CYLINDRICAL_SURFACE ( 'NONE', #214, 2.000000000000001776 ) ;
#1235 = EDGE_LOOP ( 'NONE', ( #1310, #507, #829, #2197 ) ) ;
#1236 = CARTESIAN_POINT ( 'NONE',  ( 159.5193465774398192, 20.00000000000000000, -226.1791432340317556 ) ) ;
#1237 = EDGE_CURVE ( 'NONE', #1178, #955, #2282, .T. ) ;
#1238 = DIRECTION ( 'NONE',  ( -0.000000000000000000, 1.000000000000000000, -0.000000000000000000 ) ) ;
#1239 = EDGE_CURVE ( 'NONE', #35, #451, #1838, .T. ) ;
#1240 = DIRECTION ( 'NONE',  ( 0.000000000000000000, -1.000000000000000000, 0.000000000000000000 ) ) ;
#1241 = CARTESIAN_POINT ( 'NONE',  ( 0.000000000000000000, 20.00000000000000000, -253.3500000000000227 ) ) ;
#1242 = ORIENTED_EDGE ( 'NONE', *, *, #674, .T. ) ;
#1243 = FACE_OUTER_BOUND ( 'NONE', #1409, .T. ) ;
#1244 = FACE_OUTER_BOUND ( 'NONE', #1814, .T. ) ;
#1245 = VERTEX_POINT ( 'NONE', #2215 ) ;
#1246 = CARTESIAN_POINT ( 'NONE',  ( 534.7450257372364604, 0.000000000000000000, -49.75056706504998516 ) ) ;
#1247 = FACE_OUTER_BOUND ( 'NONE', #1120, .T. ) ;
#1248 = VERTEX_POINT ( 'NONE', #1153 ) ;
#1249 = ORIENTED_EDGE ( 'NONE', *, *, #1544, .F. ) ;
#1250 = DIRECTION ( 'NONE',  ( -0.000000000000000000, 1.000000000000000000, -0.000000000000000000 ) ) ;
#1251 = EDGE_LOOP ( 'NONE', ( #1540, #1714, #491, #844 ) ) ;
#1252 = CARTESIAN_POINT ( 'NONE',  ( 625.0000000000000000, 20.00000000000000000, -122.4750000000000227 ) ) ;
#1253 = CIRCLE ( 'NONE', #660, 2.000000000000001776 ) ;
#1254 = EDGE_CURVE ( 'NONE', #493, #2223, #17, .T. ) ;
#1255 = DIRECTION ( 'NONE',  ( -0.000000000000000000, 1.000000000000000000, 0.000000000000000000 ) ) ;
#1256 = LINE ( 'NONE', #1241, #1004 ) ;
#1257 = CARTESIAN_POINT ( 'NONE',  ( 209.9126319818408604, 20.00000000000000000, -121.9876207087161504 ) ) ;
#1258 = DIRECTION ( 'NONE',  ( -0.000000000000000000, 1.000000000000000000, -0.000000000000000000 ) ) ;
#1259 = AXIS2_PLACEMENT_3D ( 'NONE', #2273, #459, #1185 ) ;
#1260 = AXIS2_PLACEMENT_3D ( 'NONE', #243, #506, #453 ) ;
#1261 = CARTESIAN_POINT ( 'NONE',  ( 255.5389849831228730, 20.00000000000000000, -64.73235461770974553 ) ) ;
#1262 = CYLINDRICAL_SURFACE ( 'NONE', #217, 5.500000000000005329 ) ;
#1263 = DIRECTION ( 'NONE',  ( -0.000000000000000000, 1.000000000000000000, -0.000000000000000000 ) ) ;
#1264 = VERTEX_POINT ( 'NONE', #62 ) ;
#1265 = DIRECTION ( 'NONE',  ( 0.000000000000000000, 0.000000000000000000, 1.000000000000000000 ) ) ;
#1266 = ORIENTED_EDGE ( 'NONE', *, *, #650, .T. ) ;
#1267 = CARTESIAN_POINT ( 'NONE',  ( 163.6052886372561943, 0.000000000000000000, -51.84561534853642684 ) ) ;
#1268 = CIRCLE ( 'NONE', #1009, 5.500000000000005329 ) ;
#1269 = VECTOR ( 'NONE', #1971, 1000.000000000000000 ) ;
#1270 = LINE ( 'NONE', #349, #181 ) ;
#1271 = CYLINDRICAL_SURFACE ( 'NONE', #1368, 5.500000000000005329 ) ;
#1272 = DIRECTION ( 'NONE',  ( 0.000000000000000000, 0.000000000000000000, 1.000000000000000000 ) ) ;
#1273 = DIRECTION ( 'NONE',  ( -0.000000000000000000, 1.000000000000000000, -0.000000000000000000 ) ) ;
#1274 = EDGE_CURVE ( 'NONE', #230, #832, #756, .T. ) ;
#1275 = ORIENTED_EDGE ( 'NONE', *, *, #1441, .T. ) ;
#1276 = CARTESIAN_POINT ( 'NONE',  ( 90.05833156056286271, 0.000000000000000000, -195.4825005318312776 ) ) ;
#1277 = VERTEX_POINT ( 'NONE', #580 ) ;
#1278 = CARTESIAN_POINT ( 'NONE',  ( 589.2242532014537346, 20.00000000000000000, -126.0735627685324260 ) ) ;
#1279 = DIRECTION ( 'NONE',  ( 0.000000000000000000, 0.000000000000000000, 1.000000000000000000 ) ) ;
#1280 = CARTESIAN_POINT ( 'NONE',  ( 544.9598808867772277, 0.000000000000000000, -150.5801089037601628 ) ) ;
#1281 = ORIENTED_EDGE ( 'NONE', *, *, #2185, .F. ) ;
#1282 = EDGE_CURVE ( 'NONE', #1905, #223, #1484, .T. ) ;
#1283 = APPROVAL_DATE_TIME ( #2209, #2315 ) ;
#1284 = ORIENTED_EDGE ( 'NONE', *, *, #1724, .T. ) ;
#1285 = DIRECTION ( 'NONE',  ( -0.000000000000000000, 1.000000000000000000, -0.000000000000000000 ) ) ;
#1286 = ORIENTED_EDGE ( 'NONE', *, *, #1469, .F. ) ;
#1287 = DIRECTION ( 'NONE',  ( -0.000000000000000000, 1.000000000000000000, -0.000000000000000000 ) ) ;
#1288 = DIRECTION ( 'NONE',  ( -0.000000000000000000, 1.000000000000000000, -0.000000000000000000 ) ) ;
#1289 = CARTESIAN_POINT ( 'NONE',  ( 163.6052886372561943, 20.00000000000000000, -40.84561534853641973 ) ) ;
#1290 = PRODUCT ( 'dak', 'dak', '', ( #1635 ) ) ;
#1291 = CIRCLE ( 'NONE', #2280, 3.500000000000003109 ) ;
#1292 = VERTEX_POINT ( 'NONE', #594 ) ;
#1293 = AXIS2_PLACEMENT_3D ( 'NONE', #260, #609, #444 ) ;
#1294 = AXIS2_PLACEMENT_3D ( 'NONE', #275, #1001, #1743 ) ;
#1295 = CARTESIAN_POINT ( 'NONE',  ( 625.0000000000000000, 0.000000000000000000, -126.6750000000000114 ) ) ;
#1296 = EDGE_LOOP ( 'NONE', ( #1461, #545, #1857, #1717 ) ) ;
#1297 = CC_DESIGN_PERSON_AND_ORGANIZATION_ASSIGNMENT ( #1862, #76, ( #143 ) ) ;
#1298 = EDGE_CURVE ( 'NONE', #2145, #1364, #587, .T. ) ;
#1299 = VECTOR ( 'NONE', #1547, 1000.000000000000000 ) ;
#1300 = EDGE_LOOP ( 'NONE', ( #517, #1371, #1340, #1634 ) ) ;
#1301 = ADVANCED_FACE ( 'NONE', ( #1333 ), #2249, .F. ) ;
#1302 = CARTESIAN_POINT ( 'NONE',  ( 10.00000000000000000, 0.000000000000000000, -253.3500000000000227 ) ) ;
#1303 = CYLINDRICAL_SURFACE ( 'NONE', #1770, 4.199999999999995737 ) ;
#1304 = CIRCLE ( 'NONE', #340, 2.000000000000001776 ) ;
#1305 = DATE_TIME_ROLE ( 'creation_date' ) ;
#1306 = ORIENTED_EDGE ( 'NONE', *, *, #2332, .F. ) ;
#1307 = DIRECTION ( 'NONE',  ( -0.000000000000000000, 1.000000000000000000, -0.000000000000000000 ) ) ;
#1308 = EDGE_LOOP ( 'NONE', ( #196, #40, #378, #1811 ) ) ;
#1309 = ADVANCED_FACE ( 'NONE', ( #1893 ), #302, .F. ) ;
#1310 = ORIENTED_EDGE ( 'NONE', *, *, #1945, .F. ) ;
#1311 = DIRECTION ( 'NONE',  ( -0.000000000000000000, 1.000000000000000000, -0.000000000000000000 ) ) ;
#1312 = CARTESIAN_POINT ( 'NONE',  ( 424.4245901221964914, 0.000000000000000000, -108.3157365890835990 ) ) ;
#1313 = ORIENTED_EDGE ( 'NONE', *, *, #1396, .T. ) ;
#1314 = EDGE_CURVE ( 'NONE', #949, #1726, #965, .T. ) ;
#1315 = CARTESIAN_POINT ( 'NONE',  ( 77.11951503781122597, 20.00000000000000000, -40.80264431862822505 ) ) ;
#1316 = ORIENTED_EDGE ( 'NONE', *, *, #1724, .F. ) ;
#1317 = ORIENTED_EDGE ( 'NONE', *, *, #1113, .F. ) ;
#1318 = AXIS2_PLACEMENT_3D ( 'NONE', #467, #618, #1356 ) ;
#1319 = EDGE_CURVE ( 'NONE', #221, #1836, #746, .T. ) ;
#1320 = LINE ( 'NONE', #421, #1330 ) ;
#1321 = DIRECTION ( 'NONE',  ( 0.000000000000000000, 0.000000000000000000, 1.000000000000000000 ) ) ;
#1322 = EDGE_CURVE ( 'NONE', #886, #2141, #1042, .T. ) ;
#1323 = CARTESIAN_POINT ( 'NONE',  ( 340.6627778959624493, 20.00000000000000000, -209.1023073978855962 ) ) ;
#1324 = ORIENTED_EDGE ( 'NONE', *, *, #2193, .F. ) ;
#1325 = LINE ( 'NONE', #781, #2288 ) ;
#1326 = AXIS2_PLACEMENT_3D ( 'NONE', #1150, #950, #1874 ) ;
#1327 = ORIENTED_EDGE ( 'NONE', *, *, #484, .F. ) ;
#1328 = EDGE_CURVE ( 'NONE', #968, #430, #1574, .T. ) ;
#1329 = FACE_BOUND ( 'NONE', #805, .T. ) ;
#1330 = VECTOR ( 'NONE', #1477, 1000.000000000000000 ) ;
#1331 = ORIENTED_EDGE ( 'NONE', *, *, #304, .T. ) ;
#1332 = VECTOR ( 'NONE', #1563, 1000.000000000000000 ) ;
#1333 = FACE_OUTER_BOUND ( 'NONE', #768, .T. ) ;
#1334 = AXIS2_PLACEMENT_3D ( 'NONE', #160, #287, #1265 ) ;
#1335 = CARTESIAN_POINT ( 'NONE',  ( 429.1915225253154631, 0.000000000000000000, -213.8692398010046247 ) ) ;
#1336 = ORIENTED_EDGE ( 'NONE', *, *, #1070, .T. ) ;
#1337 = VECTOR ( 'NONE', #1258, 1000.000000000000000 ) ;
#1338 = EDGE_CURVE ( 'NONE', #1806, #1905, #1795, .T. ) ;
#1339 = FACE_BOUND ( 'NONE', #1676, .T. ) ;
#1340 = ORIENTED_EDGE ( 'NONE', *, *, #735, .T. ) ;
#1341 = CARTESIAN_POINT ( 'NONE',  ( 544.9598808867772277, 20.00000000000000000, -152.5801089037601628 ) ) ;
#1342 = ORIENTED_EDGE ( 'NONE', *, *, #2222, .T. ) ;
#1343 = FACE_OUTER_BOUND ( 'NONE', #1562, .T. ) ;
#1344 = DESIGN_CONTEXT ( 'detailed design', #1915, 'design' ) ;
#1345 = DIRECTION ( 'NONE',  ( 0.000000000000000000, 0.000000000000000000, 1.000000000000000000 ) ) ;
#1346 = CARTESIAN_POINT ( 'NONE',  ( 589.2242532014537346, 0.000000000000000000, -120.5735627685324687 ) ) ;
#1347 = ADVANCED_FACE ( 'NONE', ( #1984 ), #663, .F. ) ;
#1348 = DIRECTION ( 'NONE',  ( 0.000000000000000000, 0.000000000000000000, 1.000000000000000000 ) ) ;
#1349 = ORIENTED_EDGE ( 'NONE', *, *, #1815, .F. ) ;
#1350 = LINE ( 'NONE', #1198, #2240 ) ;
#1351 = AXIS2_PLACEMENT_3D ( 'NONE', #2250, #2075, #82 ) ;
#1352 = VERTEX_POINT ( 'NONE', #141 ) ;
#1353 = CARTESIAN_POINT ( 'NONE',  ( 502.0574892587061981, 20.00000000000000000, -121.9355434551378892 ) ) ;
#1354 = ORIENTED_EDGE ( 'NONE', *, *, #164, .F. ) ;
#1355 = ORIENTED_EDGE ( 'NONE', *, *, #724, .T. ) ;
#1356 = DIRECTION ( 'NONE',  ( 0.000000000000000000, 0.000000000000000000, 1.000000000000000000 ) ) ;
#1357 = CYLINDRICAL_SURFACE ( 'NONE', #961, 2.000000000000001776 ) ;
#1358 = EDGE_CURVE ( 'NONE', #1147, #551, #1047, .T. ) ;
#1359 = FACE_OUTER_BOUND ( 'NONE', #542, .T. ) ;
#1360 = PERSON_AND_ORGANIZATION_ROLE ( 'creator' ) ;
#1361 = EDGE_LOOP ( 'NONE', ( #1706, #782, #614, #895 ) ) ;
#1362 = LINE ( 'NONE', #1148, #1014 ) ;
#1363 = EDGE_LOOP ( 'NONE', ( #2088, #2239, #1841, #979 ) ) ;
#1364 = VERTEX_POINT ( 'NONE', #1779 ) ;
#1365 = EDGE_CURVE ( 'NONE', #418, #1591, #2284, .T. ) ;
#1366 = AXIS2_PLACEMENT_3D ( 'NONE', #697, #163, #2015 ) ;
#1367 = DIRECTION ( 'NONE',  ( 0.000000000000000000, 0.000000000000000000, 1.000000000000000000 ) ) ;
#1368 = AXIS2_PLACEMENT_3D ( 'NONE', #1426, #1765, #1071 ) ;
#1369 = EDGE_CURVE ( 'NONE', #1726, #1189, #481, .T. ) ;
#1370 = AXIS2_PLACEMENT_3D ( 'NONE', #1060, #1030, #524 ) ;
#1371 = ORIENTED_EDGE ( 'NONE', *, *, #2125, .T. ) ;
#1372 = DIRECTION ( 'NONE',  ( -0.000000000000000000, 1.000000000000000000, -0.000000000000000000 ) ) ;
#1373 = CARTESIAN_POINT ( 'NONE',  ( 255.5389849831228730, 0.000000000000000000, -66.73235461770974553 ) ) ;
#1374 = AXIS2_PLACEMENT_3D ( 'NONE', #1798, #1273, #168 ) ;
#1375 = AXIS2_PLACEMENT_3D ( 'NONE', #2279, #270, #625 ) ;
#1376 = LOCAL_TIME ( 11, 20, 4.000000000000000000, #1134 ) ;
#1377 = ORIENTED_EDGE ( 'NONE', *, *, #109, .F. ) ;
#1378 = CARTESIAN_POINT ( 'NONE',  ( 570.1565235889777341, 0.000000000000000000, -199.6634908751339310 ) ) ;
#1379 = EDGE_LOOP ( 'NONE', ( #161, #1778 ) ) ;
#1380 = EDGE_CURVE ( 'NONE', #1099, #1149, #2116, .T. ) ;
#1381 = CARTESIAN_POINT ( 'NONE',  ( 159.5193465774398192, 0.000000000000000000, -226.1791432340317556 ) ) ;
#1382 = CARTESIAN_POINT ( 'NONE',  ( 255.5389849831228730, 0.000000000000000000, -64.73235461770974553 ) ) ;
#1383 = EDGE_LOOP ( 'NONE', ( #1513, #1964, #476, #958 ) ) ;
#1384 = FACE_OUTER_BOUND ( 'NONE', #1059, .T. ) ;
#1385 = CARTESIAN_POINT ( 'NONE',  ( 197.6548058023920191, 20.00000000000000000, -187.3106164121986694 ) ) ;
#1386 = ORIENTED_EDGE ( 'NONE', *, *, #1945, .T. ) ;
#1387 = CARTESIAN_POINT ( 'NONE',  ( 209.9126319818408604, 20.00000000000000000, -110.9876207087161362 ) ) ;
#1388 = VERTEX_POINT ( 'NONE', #1598 ) ;
#1389 = DIRECTION ( 'NONE',  ( 0.000000000000000000, 0.000000000000000000, 1.000000000000000000 ) ) ;
#1390 = ORIENTED_EDGE ( 'NONE', *, *, #394, .T. ) ;
#1391 = ORIENTED_EDGE ( 'NONE', *, *, #1188, .F. ) ;
#1392 = CARTESIAN_POINT ( 'NONE',  ( 534.7450257372364604, 0.000000000000000000, -51.75056706504998516 ) ) ;
#1393 = ORIENTED_EDGE ( 'NONE', *, *, #1535, .T. ) ;
#1394 = DIRECTION ( 'NONE',  ( -0.000000000000000000, 1.000000000000000000, -0.000000000000000000 ) ) ;
#1395 = FACE_OUTER_BOUND ( 'NONE', #117, .T. ) ;
#1396 = EDGE_CURVE ( 'NONE', #1674, #1918, #1939, .T. ) ;
#1397 = AXIS2_PLACEMENT_3D ( 'NONE', #2086, #1167, #1367 ) ;
#1398 = VERTEX_POINT ( 'NONE', #2291 ) ;
#1399 = DIRECTION ( 'NONE',  ( -0.000000000000000000, 1.000000000000000000, 0.000000000000000000 ) ) ;
#1400 = ORIENTED_EDGE ( 'NONE', *, *, #717, .F. ) ;
#1401 = DIRECTION ( 'NONE',  ( -0.000000000000000000, 1.000000000000000000, -0.000000000000000000 ) ) ;
#1402 = VERTEX_POINT ( 'NONE', #671 ) ;
#1403 = EDGE_LOOP ( 'NONE', ( #2164, #44 ) ) ;
#1404 = CYLINDRICAL_SURFACE ( 'NONE', #215, 5.500000000000005329 ) ;
#1405 = AXIS2_PLACEMENT_3D ( 'NONE', #1506, #33, #2045 ) ;
#1406 = CIRCLE ( 'NONE', #136, 2.000000000000001776 ) ;
#1407 = EDGE_CURVE ( 'NONE', #1402, #2145, #1560, .T. ) ;
#1408 = CARTESIAN_POINT ( 'NONE',  ( 90.05833156056286271, 20.00000000000000000, -195.4825005318312776 ) ) ;
#1409 = EDGE_LOOP ( 'NONE', ( #460, #516, #533, #667 ) ) ;
#1410 = ADVANCED_FACE ( 'NONE', ( #1243 ), #1404, .F. ) ;
#1411 = VERTEX_POINT ( 'NONE', #1229 ) ;
#1412 = LINE ( 'NONE', #2133, #1822 ) ;
#1413 = ORIENTED_EDGE ( 'NONE', *, *, #1456, .T. ) ;
#1414 = CARTESIAN_POINT ( 'NONE',  ( 424.4245901221964914, 20.00000000000000000, -106.3157365890835990 ) ) ;
#1415 = EDGE_CURVE ( 'NONE', #1180, #1172, #284, .T. ) ;
#1416 = DIRECTION ( 'NONE',  ( -0.000000000000000000, 1.000000000000000000, -0.000000000000000000 ) ) ;
#1417 = CYLINDRICAL_SURFACE ( 'NONE', #1166, 2.000000000000001776 ) ;
#1418 = ORIENTED_EDGE ( 'NONE', *, *, #1837, .F. ) ;
#1419 = CARTESIAN_POINT ( 'NONE',  ( 309.3372221040374939, 20.00000000000000000, -47.07868294541738408 ) ) ;
#1420 = ORIENTED_EDGE ( 'NONE', *, *, #1441, .F. ) ;
#1421 = EDGE_LOOP ( 'NONE', ( #798, #601, #2268, #2027 ) ) ;
#1422 = LINE ( 'NONE', #1947, #2098 ) ;
#1423 = ORIENTED_EDGE ( 'NONE', *, *, #2147, .F. ) ;
#1424 = DIRECTION ( 'NONE',  ( 0.000000000000000000, 0.000000000000000000, 1.000000000000000000 ) ) ;
#1425 = DIRECTION ( 'NONE',  ( -0.000000000000000000, 1.000000000000000000, -0.000000000000000000 ) ) ;
#1426 = CARTESIAN_POINT ( 'NONE',  ( 159.5193465774398192, 20.00000000000000000, -220.6791432340317556 ) ) ;
#1427 = DIRECTION ( 'NONE',  ( 0.000000000000000000, 0.000000000000000000, 1.000000000000000000 ) ) ;
#1428 = EDGE_LOOP ( 'NONE', ( #1202, #597, #939, #2328 ) ) ;
#1429 = CARTESIAN_POINT ( 'NONE',  ( 534.7450257372364604, 20.00000000000000000, -47.75056706504997805 ) ) ;
#1430 = LINE ( 'NONE', #2166, #1337 ) ;
#1431 = EDGE_CURVE ( 'NONE', #876, #523, #2344, .T. ) ;
#1432 = ORIENTED_EDGE ( 'NONE', *, *, #1715, .F. ) ;
#1433 = CARTESIAN_POINT ( 'NONE',  ( 278.0116663121124816, 20.00000000000000000, -164.7949640533009017 ) ) ;
#1434 = VERTEX_POINT ( 'NONE', #1429 ) ;
#1435 = DIRECTION ( 'NONE',  ( 0.000000000000000000, 0.000000000000000000, 1.000000000000000000 ) ) ;
#1436 = ORIENTED_EDGE ( 'NONE', *, *, #1282, .F. ) ;
#1437 = ADVANCED_FACE ( 'NONE', ( #1384 ), #1518, .F. ) ;
#1438 = CARTESIAN_POINT ( 'NONE',  ( 424.4245901221964914, 20.00000000000000000, -110.3157365890835990 ) ) ;
#1439 = EDGE_LOOP ( 'NONE', ( #1486, #436, #1914, #1393 ) ) ;
#1440 = LINE ( 'NONE', #2178, #32 ) ;
#1441 = EDGE_CURVE ( 'NONE', #1109, #512, #212, .T. ) ;
#1442 = AXIS2_PLACEMENT_3D ( 'NONE', #1917, #1220, #1389 ) ;
#1443 = AXIS2_PLACEMENT_3D ( 'NONE', #2359, #291, #838 ) ;
#1444 = DIRECTION ( 'NONE',  ( -0.000000000000000000, 1.000000000000000000, -0.000000000000000000 ) ) ;
#1445 = AXIS2_PLACEMENT_3D ( 'NONE', #1950, #1288, #303 ) ;
#1446 = VECTOR ( 'NONE', #2200, 1000.000000000000000 ) ;
#1447 = AXIS2_PLACEMENT_3D ( 'NONE', #106, #694, #299 ) ;
#1448 = EDGE_LOOP ( 'NONE', ( #1773, #1946 ) ) ;
#1449 = CARTESIAN_POINT ( 'NONE',  ( 25.00000000000000000, 20.00000000000000000, -130.8750000000000284 ) ) ;
#1450 = DIRECTION ( 'NONE',  ( 0.000000000000000000, 0.000000000000000000, 1.000000000000000000 ) ) ;
#1451 = DIRECTION ( 'NONE',  ( 0.000000000000000000, 0.000000000000000000, 1.000000000000000000 ) ) ;
#1452 = AXIS2_PLACEMENT_3D ( 'NONE', #1912, #654, #969 ) ;
#1453 = AXIS2_PLACEMENT_3D ( 'NONE', #1460, #1652, #2217 ) ;
#1454 = ADVANCED_BREP_SHAPE_REPRESENTATION ( 'dak', ( #1020, #2026 ), #683 ) ;
#1455 = CIRCLE ( 'NONE', #1218, 3.499999999999947597 ) ;
#1456 = EDGE_CURVE ( 'NONE', #1048, #586, #1406, .T. ) ;
#1457 = CARTESIAN_POINT ( 'NONE',  ( 77.11951503781122597, 20.00000000000000000, -47.80264431862822505 ) ) ;
#1458 = CARTESIAN_POINT ( 'NONE',  ( 325.6809903433026534, 0.000000000000000000, -110.4537559024781217 ) ) ;
#1459 = DIRECTION ( 'NONE',  ( 0.000000000000000000, 0.000000000000000000, 1.000000000000000000 ) ) ;
#1460 = CARTESIAN_POINT ( 'NONE',  ( 340.6627778959624493, 0.000000000000000000, -209.1023073978855962 ) ) ;
#1461 = ORIENTED_EDGE ( 'NONE', *, *, #1498, .F. ) ;
#1462 = FACE_OUTER_BOUND ( 'NONE', #2248, .T. ) ;
#1463 = ORIENTED_EDGE ( 'NONE', *, *, #978, .T. ) ;
#1464 = CARTESIAN_POINT ( 'NONE',  ( 625.0000000000000000, 20.00000000000000000, -126.6750000000000114 ) ) ;
#1465 = EDGE_LOOP ( 'NONE', ( #655, #438, #292, #246 ) ) ;
#1466 = CARTESIAN_POINT ( 'NONE',  ( 625.0000000000000000, 20.00000000000000000, -126.6750000000000114 ) ) ;
#1467 = DIRECTION ( 'NONE',  ( -0.000000000000000000, 1.000000000000000000, -0.000000000000000000 ) ) ;
#1468 = CC_DESIGN_DATE_AND_TIME_ASSIGNMENT ( #2011, #1305, ( #366 ) ) ;
#1469 = EDGE_CURVE ( 'NONE', #1505, #323, #333, .T. ) ;
#1470 = ORIENTED_EDGE ( 'NONE', *, *, #2122, .F. ) ;
#1471 = CARTESIAN_POINT ( 'NONE',  ( 424.4245901221964914, 20.00000000000000000, -108.3157365890835990 ) ) ;
#1472 = EDGE_LOOP ( 'NONE', ( #2054, #376 ) ) ;
#1473 = DIRECTION ( 'NONE',  ( -0.000000000000000000, 1.000000000000000000, -0.000000000000000000 ) ) ;
#1474 = CIRCLE ( 'NONE', #1686, 2.000000000000001776 ) ;
#1475 = ORIENTED_EDGE ( 'NONE', *, *, #648, .F. ) ;
#1476 = AXIS2_PLACEMENT_3D ( 'NONE', #276, #2253, #2089 ) ;
#1477 = DIRECTION ( 'NONE',  ( -0.000000000000000000, 1.000000000000000000, -0.000000000000000000 ) ) ;
#1478 = CARTESIAN_POINT ( 'NONE',  ( 396.5039860467851440, 20.00000000000000000, -162.7949640533009017 ) ) ;
#1479 = DIRECTION ( 'NONE',  ( -0.000000000000000000, 1.000000000000000000, -0.000000000000000000 ) ) ;
#1480 = PERSON_AND_ORGANIZATION_ROLE ( 'design_owner' ) ;
#1481 = CIRCLE ( 'NONE', #176, 5.500000000000005329 ) ;
#1482 = EDGE_CURVE ( 'NONE', #703, #1758, #1636, .T. ) ;
#1483 = VERTEX_POINT ( 'NONE', #1763 ) ;
#1484 = CIRCLE ( 'NONE', #855, 5.500000000000005329 ) ;
#1485 = LINE ( 'NONE', #2213, #495 ) ;
#1486 = ORIENTED_EDGE ( 'NONE', *, *, #1431, .F. ) ;
#1487 = AXIS2_PLACEMENT_3D ( 'NONE', #162, #479, #1450 ) ;
#1488 = FACE_BOUND ( 'NONE', #592, .T. ) ;
#1489 = CIRCLE ( 'NONE', #1131, 5.500000000000005329 ) ;
#1490 = EDGE_LOOP ( 'NONE', ( #741, #118 ) ) ;
#1491 = APPROVAL_PERSON_ORGANIZATION ( #1104, #2146, #1660 ) ;
#1492 = DIRECTION ( 'NONE',  ( -0.000000000000000000, 1.000000000000000000, -0.000000000000000000 ) ) ;
#1493 = DIRECTION ( 'NONE',  ( 0.000000000000000000, 0.000000000000000000, 1.000000000000000000 ) ) ;
#1494 = CARTESIAN_POINT ( 'NONE',  ( 570.1565235889777341, 20.00000000000000000, -192.6634908751340447 ) ) ;
#1495 = ORIENTED_EDGE ( 'NONE', *, *, #1594, .F. ) ;
#1496 = CARTESIAN_POINT ( 'NONE',  ( 489.7996630792572432, 20.00000000000000000, -194.1205198452258287 ) ) ;
#1497 = ORIENTED_EDGE ( 'NONE', *, *, #539, .T. ) ;
#1498 = EDGE_CURVE ( 'NONE', #1248, #1922, #1601, .T. ) ;
#1499 = CIRCLE ( 'NONE', #2113, 5.500000000000005329 ) ;
#1500 = DIRECTION ( 'NONE',  ( 0.000000000000000000, 0.000000000000000000, 1.000000000000000000 ) ) ;
#1501 = FACE_OUTER_BOUND ( 'NONE', #198, .T. ) ;
#1502 = ORIENTED_EDGE ( 'NONE', *, *, #1254, .F. ) ;
#1503 = DIRECTION ( 'NONE',  ( 0.000000000000000000, 0.000000000000000000, 1.000000000000000000 ) ) ;
#1504 = ORIENTED_EDGE ( 'NONE', *, *, #1828, .T. ) ;
#1505 = VERTEX_POINT ( 'NONE', #534 ) ;
#1506 = CARTESIAN_POINT ( 'NONE',  ( 502.0574892587061981, 0.000000000000000000, -121.9355434551378892 ) ) ;
#1507 = EDGE_CURVE ( 'NONE', #1183, #2092, #1700, .T. ) ;
#1508 = DIRECTION ( 'NONE',  ( 0.000000000000000000, 0.000000000000000000, 1.000000000000000000 ) ) ;
#1509 = DIRECTION ( 'NONE',  ( -0.000000000000000000, 1.000000000000000000, -0.000000000000000000 ) ) ;
#1510 = ORIENTED_EDGE ( 'NONE', *, *, #1469, .T. ) ;
#1511 = DIRECTION ( 'NONE',  ( -0.000000000000000000, 1.000000000000000000, -0.000000000000000000 ) ) ;
#1512 = AXIS2_PLACEMENT_3D ( 'NONE', #1897, #64, #2262 ) ;
#1513 = ORIENTED_EDGE ( 'NONE', *, *, #445, .F. ) ;
#1514 = CIRCLE ( 'NONE', #278, 3.500000000000003109 ) ;
#1515 = AXIS2_PLACEMENT_3D ( 'NONE', #305, #827, #293 ) ;
#1516 = ORIENTED_EDGE ( 'NONE', *, *, #1239, .T. ) ;
#1517 = CARTESIAN_POINT ( 'NONE',  ( 650.0000000000000000, 20.00000000000000000, 0.000000000000000000 ) ) ;
#1518 = CYLINDRICAL_SURFACE ( 'NONE', #1006, 2.000000000000001776 ) ;
#1519 = CARTESIAN_POINT ( 'NONE',  ( 534.7450257372364604, 20.00000000000000000, -51.75056706504998516 ) ) ;
#1520 = VECTOR ( 'NONE', #116, 1000.000000000000000 ) ;
#1521 = CARTESIAN_POINT ( 'NONE',  ( 102.9971480833144000, 20.00000000000000000, -94.05791040963467253 ) ) ;
#1522 = SHAPE_DEFINITION_REPRESENTATION ( #20, #1454 ) ;
#1523 = EDGE_LOOP ( 'NONE', ( #766, #1141, #2252, #1331 ) ) ;
#1524 = CYLINDRICAL_SURFACE ( 'NONE', #1603, 3.500000000000003109 ) ;
#1525 = EDGE_LOOP ( 'NONE', ( #644, #646 ) ) ;
#1526 = DIRECTION ( 'NONE',  ( -0.000000000000000000, 1.000000000000000000, -0.000000000000000000 ) ) ;
#1527 = EDGE_CURVE ( 'NONE', #739, #150, #1593, .T. ) ;
#1528 = CARTESIAN_POINT ( 'NONE',  ( 429.1915225253154631, 20.00000000000000000, -215.8692398010046247 ) ) ;
#1529 = CARTESIAN_POINT ( 'NONE',  ( 340.6627778959624493, 0.000000000000000000, -205.6023073978855962 ) ) ;
#1530 = ORIENTED_EDGE ( 'NONE', *, *, #1960, .T. ) ;
#1531 = CARTESIAN_POINT ( 'NONE',  ( 489.7996630792572432, 20.00000000000000000, -199.6205198452258287 ) ) ;
#1532 = DIRECTION ( 'NONE',  ( -0.000000000000000000, 1.000000000000000000, -0.000000000000000000 ) ) ;
#1533 = APPROVAL_DATE_TIME ( #2067, #2146 ) ;
#1534 = EDGE_CURVE ( 'NONE', #1591, #2223, #1774, .T. ) ;
#1535 = EDGE_CURVE ( 'NONE', #1434, #523, #900, .T. ) ;
#1536 = ORIENTED_EDGE ( 'NONE', *, *, #109, .T. ) ;
#1537 = CARTESIAN_POINT ( 'NONE',  ( 340.6627778959624493, 0.000000000000000000, -212.6023073978855962 ) ) ;
#1538 = ORIENTED_EDGE ( 'NONE', *, *, #25, .F. ) ;
#1539 = EDGE_CURVE ( 'NONE', #775, #1434, #330, .T. ) ;
#1540 = ORIENTED_EDGE ( 'NONE', *, *, #353, .F. ) ;
#1541 = DIRECTION ( 'NONE',  ( -0.000000000000000000, 1.000000000000000000, -0.000000000000000000 ) ) ;
#1542 = DIRECTION ( 'NONE',  ( -0.000000000000000000, 1.000000000000000000, -0.000000000000000000 ) ) ;
#1543 = DIRECTION ( 'NONE',  ( -0.000000000000000000, 1.000000000000000000, -0.000000000000000000 ) ) ;
#1544 = EDGE_CURVE ( 'NONE', #832, #1033, #2326, .T. ) ;
#1545 = VECTOR ( 'NONE', #458, 1000.000000000000000 ) ;
#1546 = CARTESIAN_POINT ( 'NONE',  ( 429.1915225253154631, 20.00000000000000000, -213.8692398010046247 ) ) ;
#1547 = DIRECTION ( 'NONE',  ( -0.000000000000000000, 1.000000000000000000, -0.000000000000000000 ) ) ;
#1548 = ORIENTED_EDGE ( 'NONE', *, *, #1828, .F. ) ;
#1549 = CARTESIAN_POINT ( 'NONE',  ( 163.6052886372561943, 20.00000000000000000, -40.84561534853641973 ) ) ;
#1550 = ORIENTED_EDGE ( 'NONE', *, *, #383, .T. ) ;
#1551 = EDGE_CURVE ( 'NONE', #221, #203, #1207, .T. ) ;
#1552 = ORIENTED_EDGE ( 'NONE', *, *, #945, .F. ) ;
#1553 = CIRCLE ( 'NONE', #1847, 5.499999999999949374 ) ;
#1554 = ORIENTED_EDGE ( 'NONE', *, *, #2083, .F. ) ;
#1555 = AXIS2_PLACEMENT_3D ( 'NONE', #165, #522, #1999 ) ;
#1556 = AXIS2_PLACEMENT_3D ( 'NONE', #142, #124, #870 ) ;
#1557 = DIRECTION ( 'NONE',  ( 0.000000000000000000, 0.000000000000000000, 1.000000000000000000 ) ) ;
#1558 = AXIS2_PLACEMENT_3D ( 'NONE', #1382, #1543, #1921 ) ;
#1559 = CARTESIAN_POINT ( 'NONE',  ( 128.8747811288176592, 0.000000000000000000, -148.5892151274302933 ) ) ;
#1560 = CIRCLE ( 'NONE', #2177, 5.500000000000005329 ) ;
#1561 = CARTESIAN_POINT ( 'NONE',  ( 25.00000000000000000, 0.000000000000000000, -126.6750000000000114 ) ) ;
#1562 = EDGE_LOOP ( 'NONE', ( #2189, #976, #1386, #2258, #128, #2309, #2066, #266 ) ) ;
#1563 = DIRECTION ( 'NONE',  ( -0.000000000000000000, 1.000000000000000000, -0.000000000000000000 ) ) ;
#1564 = FACE_OUTER_BOUND ( 'NONE', #753, .T. ) ;
#1565 = AXIS2_PLACEMENT_3D ( 'NONE', #1408, #324, #1992 ) ;
#1566 = ORIENTED_EDGE ( 'NONE', *, *, #234, .F. ) ;
#1567 = CARTESIAN_POINT ( 'NONE',  ( 10.00000000000000000, 0.000000000000000000, 0.000000000000000000 ) ) ;
#1568 = EDGE_LOOP ( 'NONE', ( #1418, #1819, #120, #1316 ) ) ;
#1569 = DIRECTION ( 'NONE',  ( -0.000000000000000000, 1.000000000000000000, -0.000000000000000000 ) ) ;
#1570 = EDGE_CURVE ( 'NONE', #2141, #670, #1171, .T. ) ;
#1571 = CARTESIAN_POINT ( 'NONE',  ( 163.6052886372561943, 0.000000000000000000, -46.34561534853641973 ) ) ;
#1572 = EDGE_CURVE ( 'NONE', #1922, #1638, #424, .T. ) ;
#1573 = ORIENTED_EDGE ( 'NONE', *, *, #729, .F. ) ;
#1574 = LINE ( 'NONE', #1021, #2019 ) ;
#1575 = LINE ( 'NONE', #1691, #334 ) ;
#1576 = ORIENTED_EDGE ( 'NONE', *, *, #1913, .T. ) ;
#1577 = EDGE_CURVE ( 'NONE', #703, #35, #22, .T. ) ;
#1578 = AXIS2_PLACEMENT_3D ( 'NONE', #1741, #1881, #244 ) ;
#1579 = PLANE ( 'NONE',  #407 ) ;
#1580 = DIRECTION ( 'NONE',  ( 0.000000000000000000, 0.000000000000000000, 1.000000000000000000 ) ) ;
#1581 = EDGE_LOOP ( 'NONE', ( #2350, #1085, #1036, #504 ) ) ;
#1582 = ORIENTED_EDGE ( 'NONE', *, *, #636, .F. ) ;
#1583 = CIRCLE ( 'NONE', #210, 4.199999999999981526 ) ;
#1584 = DIRECTION ( 'NONE',  ( -0.000000000000000000, 1.000000000000000000, -0.000000000000000000 ) ) ;
#1585 = EDGE_CURVE ( 'NONE', #820, #2084, #596, .T. ) ;
#1586 = DIRECTION ( 'NONE',  ( -0.000000000000000000, 1.000000000000000000, -0.000000000000000000 ) ) ;
#1587 = CARTESIAN_POINT ( 'NONE',  ( 275.9686952822043509, 20.00000000000000000, -215.1791432340317556 ) ) ;
#1588 = ORIENTED_EDGE ( 'NONE', *, *, #700, .F. ) ;
#1589 = DIRECTION ( 'NONE',  ( -1.000000000000000000, 0.000000000000000000, -0.000000000000000000 ) ) ;
#1590 = VERTEX_POINT ( 'NONE', #1709 ) ;
#1591 = VERTEX_POINT ( 'NONE', #2266 ) ;
#1592 = CARTESIAN_POINT ( 'NONE',  ( 640.0000000000000000, 20.00000000000000000, -243.3500000000000227 ) ) ;
#1593 = LINE ( 'NONE', #2322, #1087 ) ;
#1594 = EDGE_CURVE ( 'NONE', #1138, #107, #2090, .T. ) ;
#1595 = CARTESIAN_POINT ( 'NONE',  ( 589.2242532014537346, 20.00000000000000000, -115.0735627685325255 ) ) ;
#1596 = AXIS2_PLACEMENT_3D ( 'NONE', #944, #1509, #2087 ) ;
#1597 = DIRECTION ( 'NONE',  ( -0.000000000000000000, 1.000000000000000000, -0.000000000000000000 ) ) ;
#1598 = CARTESIAN_POINT ( 'NONE',  ( 588.5432628581510244, 0.000000000000000000, -59.37948015477439156 ) ) ;
#1599 = CIRCLE ( 'NONE', #1168, 3.500000000000003109 ) ;
#1600 = CARTESIAN_POINT ( 'NONE',  ( 396.5039860467851440, 0.000000000000000000, -160.7949640533009017 ) ) ;
#1601 = CIRCLE ( 'NONE', #92, 2.000000000000001776 ) ;
#1602 = CARTESIAN_POINT ( 'NONE',  ( 340.6627778959624493, 20.00000000000000000, -209.1023073978855962 ) ) ;
#1603 = AXIS2_PLACEMENT_3D ( 'NONE', #240, #1511, #68 ) ;
#1604 = CARTESIAN_POINT ( 'NONE',  ( 10.00000000000000000, 0.000000000000000000, -10.00000000000000000 ) ) ;
#1605 = ORIENTED_EDGE ( 'NONE', *, *, #2085, .F. ) ;
#1606 = ORGANIZATION ( 'UNSPECIFIED', 'UNSPECIFIED', '' ) ;
#1607 = ORIENTED_EDGE ( 'NONE', *, *, #2244, .T. ) ;
#1608 = CYLINDRICAL_SURFACE ( 'NONE', #2364, 5.500000000000005329 ) ;
#1609 = EDGE_LOOP ( 'NONE', ( #84, #391 ) ) ;
#1610 = ORIENTED_EDGE ( 'NONE', *, *, #505, .F. ) ;
#1611 = CARTESIAN_POINT ( 'NONE',  ( 588.5432628581510244, 20.00000000000000000, -52.37948015477449815 ) ) ;
#1612 = DIRECTION ( 'NONE',  ( 0.000000000000000000, 0.000000000000000000, 1.000000000000000000 ) ) ;
#1613 = DIRECTION ( 'NONE',  ( -0.000000000000000000, 1.000000000000000000, -0.000000000000000000 ) ) ;
#1614 = DIRECTION ( 'NONE',  ( 0.000000000000000000, 0.000000000000000000, 1.000000000000000000 ) ) ;
#1615 = ORIENTED_EDGE ( 'NONE', *, *, #610, .T. ) ;
#1616 = ORIENTED_EDGE ( 'NONE', *, *, #1899, .T. ) ;
#1617 = CARTESIAN_POINT ( 'NONE',  ( 489.7996630792572432, 20.00000000000000000, -194.1205198452258287 ) ) ;
#1618 = ORIENTED_EDGE ( 'NONE', *, *, #394, .F. ) ;
#1619 = DIRECTION ( 'NONE',  ( -0.000000000000000000, 1.000000000000000000, -0.000000000000000000 ) ) ;
#1620 = LINE ( 'NONE', #721, #1849 ) ;
#1621 = ORIENTED_EDGE ( 'NONE', *, *, #1431, .T. ) ;
#1622 = CARTESIAN_POINT ( 'NONE',  ( 396.5039860467851440, 20.00000000000000000, -162.7949640533009017 ) ) ;
#1623 = CARTESIAN_POINT ( 'NONE',  ( 275.9686952822043509, 0.000000000000000000, -220.6791432340317556 ) ) ;
#1624 = DIRECTION ( 'NONE',  ( 0.000000000000000000, 0.000000000000000000, 1.000000000000000000 ) ) ;
#1625 = EDGE_LOOP ( 'NONE', ( #363, #2298 ) ) ;
#1626 = CARTESIAN_POINT ( 'NONE',  ( 77.11951503781122597, 20.00000000000000000, -47.80264431862823216 ) ) ;
#1627 = VERTEX_POINT ( 'NONE', #2276 ) ;
#1628 = EDGE_CURVE ( 'NONE', #1172, #1180, #1935, .T. ) ;
#1629 = DIRECTION ( 'NONE',  ( -0.000000000000000000, 1.000000000000000000, -0.000000000000000000 ) ) ;
#1630 = FACE_OUTER_BOUND ( 'NONE', #1568, .T. ) ;
#1631 = CARTESIAN_POINT ( 'NONE',  ( 278.0116663121124816, 20.00000000000000000, -162.7949640533009017 ) ) ;
#1632 = AXIS2_PLACEMENT_3D ( 'NONE', #434, #788, #2265 ) ;
#1633 = CARTESIAN_POINT ( 'NONE',  ( 102.9971480833144000, 20.00000000000000000, -96.05791040963467253 ) ) ;
#1634 = ORIENTED_EDGE ( 'NONE', *, *, #1527, .F. ) ;
#1635 = MECHANICAL_CONTEXT ( 'NONE', #1646, 'mechanical' ) ;
#1636 = CIRCLE ( 'NONE', #538, 10.00000000000000000 ) ;
#1637 = CIRCLE ( 'NONE', #2140, 3.500000000000003109 ) ;
#1638 = VERTEX_POINT ( 'NONE', #1169 ) ;
#1639 = DIRECTION ( 'NONE',  ( -0.000000000000000000, 1.000000000000000000, -0.000000000000000000 ) ) ;
#1640 = CIRCLE ( 'NONE', #1374, 5.500000000000005329 ) ;
#1641 = AXIS2_PLACEMENT_3D ( 'NONE', #873, #1787, #831 ) ;
#1642 = EDGE_CURVE ( 'NONE', #1398, #739, #251, .T. ) ;
#1643 = CARTESIAN_POINT ( 'NONE',  ( 309.3372221040374939, 20.00000000000000000, -36.07868294541737697 ) ) ;
#1644 = EDGE_CURVE ( 'NONE', #2283, #968, #1270, .T. ) ;
#1645 = CARTESIAN_POINT ( 'NONE',  ( 650.0000000000000000, 0.000000000000000000, -10.00000000000000000 ) ) ;
#1646 = APPLICATION_CONTEXT ( 'configuration controlled 3d designs of mechanical parts and assemblies' ) ;
#1647 = LINE ( 'NONE', #1098, #2327 ) ;
#1648 = ORIENTED_EDGE ( 'NONE', *, *, #2323, .F. ) ;
#1649 = LINE ( 'NONE', #382, #2363 ) ;
#1650 = EDGE_CURVE ( 'NONE', #357, #1591, #1651, .T. ) ;
#1651 = LINE ( 'NONE', #2030, #1892 ) ;
#1652 = DIRECTION ( 'NONE',  ( -0.000000000000000000, 1.000000000000000000, -0.000000000000000000 ) ) ;
#1653 = EDGE_LOOP ( 'NONE', ( #794, #1621, #681, #2308 ) ) ;
#1654 = CARTESIAN_POINT ( 'NONE',  ( 0.000000000000000000, 20.00000000000000000, 0.000000000000000000 ) ) ;
#1655 = LINE ( 'NONE', #14, #2172 ) ;
#1656 = FACE_BOUND ( 'NONE', #2110, .T. ) ;
#1657 = ORIENTED_EDGE ( 'NONE', *, *, #190, .F. ) ;
#1658 = CIRCLE ( 'NONE', #552, 5.500000000000005329 ) ;
#1659 = DIRECTION ( 'NONE',  ( -0.000000000000000000, 1.000000000000000000, -0.000000000000000000 ) ) ;
#1660 = APPROVAL_ROLE ( '' ) ;
#1661 = FACE_BOUND ( 'NONE', #1609, .T. ) ;
#1662 = VECTOR ( 'NONE', #511, 1000.000000000000000 ) ;
#1663 = CARTESIAN_POINT ( 'NONE',  ( 278.0116663121124816, 20.00000000000000000, -162.7949640533009017 ) ) ;
#1664 = EDGE_LOOP ( 'NONE', ( #104, #1588, #695, #1390 ) ) ;
#1665 = CIRCLE ( 'NONE', #679, 2.000000000000001776 ) ;
#1666 = VECTOR ( 'NONE', #412, 1000.000000000000000 ) ;
#1667 = CIRCLE ( 'NONE', #413, 3.499999999999989342 ) ;
#1668 = VECTOR ( 'NONE', #975, 1000.000000000000000 ) ;
#1669 = AXIS2_PLACEMENT_3D ( 'NONE', #1604, #342, #486 ) ;
#1670 = CARTESIAN_POINT ( 'NONE',  ( 25.00000000000000000, 20.00000000000000000, -126.6750000000000114 ) ) ;
#1671 = FACE_BOUND ( 'NONE', #1145, .T. ) ;
#1672 = ORIENTED_EDGE ( 'NONE', *, *, #662, .F. ) ;
#1673 = DIRECTION ( 'NONE',  ( -0.000000000000000000, 1.000000000000000000, -0.000000000000000000 ) ) ;
#1674 = VERTEX_POINT ( 'NONE', #1000 ) ;
#1675 = FACE_BOUND ( 'NONE', #1448, .T. ) ;
#1676 = EDGE_LOOP ( 'NONE', ( #2311, #2220 ) ) ;
#1677 = CARTESIAN_POINT ( 'NONE',  ( 197.6548058023920191, 20.00000000000000000, -187.3106164121986694 ) ) ;
#1678 = CARTESIAN_POINT ( 'NONE',  ( 589.2242532014537346, 0.000000000000000000, -115.0735627685325255 ) ) ;
#1679 = ADVANCED_FACE ( 'NONE', ( #810 ), #1227, .F. ) ;
#1680 = ORIENTED_EDGE ( 'NONE', *, *, #627, .F. ) ;
#1681 = DIRECTION ( 'NONE',  ( 0.000000000000000000, 0.000000000000000000, 1.000000000000000000 ) ) ;
#1682 = VERTEX_POINT ( 'NONE', #315 ) ;
#1683 = FACE_BOUND ( 'NONE', #1625, .T. ) ;
#1684 = CARTESIAN_POINT ( 'NONE',  ( 396.5039860467851440, 0.000000000000000000, -164.7949640533009017 ) ) ;
#1685 = EDGE_CURVE ( 'NONE', #2223, #359, #1851, .T. ) ;
#1686 = AXIS2_PLACEMENT_3D ( 'NONE', #1184, #1907, #1557 ) ;
#1687 = DIRECTION ( 'NONE',  ( -0.000000000000000000, 1.000000000000000000, -0.000000000000000000 ) ) ;
#1688 = CYLINDRICAL_SURFACE ( 'NONE', #1318, 5.500000000000005329 ) ;
#1689 = DIRECTION ( 'NONE',  ( 0.000000000000000000, 0.000000000000000000, 1.000000000000000000 ) ) ;
#1690 = ORIENTED_EDGE ( 'NONE', *, *, #1369, .T. ) ;
#1691 = CARTESIAN_POINT ( 'NONE',  ( 159.5193465774398192, 20.00000000000000000, -215.1791432340317556 ) ) ;
#1692 = PERSON_AND_ORGANIZATION_ROLE ( 'classification_officer' ) ;
#1693 = ORIENTED_EDGE ( 'NONE', *, *, #268, .F. ) ;
#1694 = DIRECTION ( 'NONE',  ( -0.000000000000000000, 1.000000000000000000, -0.000000000000000000 ) ) ;
#1695 = CIRCLE ( 'NONE', #673, 2.000000000000001776 ) ;
#1696 = EDGE_LOOP ( 'NONE', ( #2008, #553 ) ) ;
#1697 = CARTESIAN_POINT ( 'NONE',  ( 502.0574892587061981, 20.00000000000000000, -125.4355434551378607 ) ) ;
#1698 = AXIS2_PLACEMENT_3D ( 'NONE', #630, #100, #687 ) ;
#1699 = ORIENTED_EDGE ( 'NONE', *, *, #456, .F. ) ;
#1700 = CIRCLE ( 'NONE', #1487, 2.000000000000001776 ) ;
#1701 = DIRECTION ( 'NONE',  ( 0.000000000000000000, 0.000000000000000000, -1.000000000000000000 ) ) ;
#1702 = AXIS2_PLACEMENT_3D ( 'NONE', #1026, #1250, #1016 ) ;
#1703 = DIRECTION ( 'NONE',  ( -0.000000000000000000, 1.000000000000000000, -0.000000000000000000 ) ) ;
#1704 = CC_DESIGN_PERSON_AND_ORGANIZATION_ASSIGNMENT ( #985, #1360, ( #143 ) ) ;
#1705 = EDGE_CURVE ( 'NONE', #876, #775, #815, .T. ) ;
#1706 = ORIENTED_EDGE ( 'NONE', *, *, #1319, .F. ) ;
#1707 = FACE_OUTER_BOUND ( 'NONE', #1439, .T. ) ;
#1708 = CIRCLE ( 'NONE', #1057, 3.500000000000003109 ) ;
#1709 = CARTESIAN_POINT ( 'NONE',  ( 209.9126319818408604, 0.000000000000000000, -110.9876207087161362 ) ) ;
#1710 = FACE_OUTER_BOUND ( 'NONE', #2158, .T. ) ;
#1711 = ADVANCED_FACE ( 'NONE', ( #830 ), #1579, .T. ) ;
#1712 = ORIENTED_EDGE ( 'NONE', *, *, #1715, .T. ) ;
#1713 = FACE_OUTER_BOUND ( 'NONE', #1235, .T. ) ;
#1714 = ORIENTED_EDGE ( 'NONE', *, *, #1338, .T. ) ;
#1715 = EDGE_CURVE ( 'NONE', #1402, #1627, #2017, .T. ) ;
#1716 = DIRECTION ( 'NONE',  ( 0.000000000000000000, 0.000000000000000000, 1.000000000000000000 ) ) ;
#1717 = ORIENTED_EDGE ( 'NONE', *, *, #1572, .F. ) ;
#1718 = DIRECTION ( 'NONE',  ( -0.000000000000000000, 1.000000000000000000, -0.000000000000000000 ) ) ;
#1719 = DIRECTION ( 'NONE',  ( 0.000000000000000000, 0.000000000000000000, 1.000000000000000000 ) ) ;
#1720 = DIRECTION ( 'NONE',  ( -0.000000000000000000, 1.000000000000000000, -0.000000000000000000 ) ) ;
#1721 = CIRCLE ( 'NONE', #1190, 3.499999999999947597 ) ;
#1722 = ORIENTED_EDGE ( 'NONE', *, *, #1782, .F. ) ;
#1723 = DIRECTION ( 'NONE',  ( 0.000000000000000000, 0.000000000000000000, 1.000000000000000000 ) ) ;
#1724 = EDGE_CURVE ( 'NONE', #1264, #1245, #911, .T. ) ;
#1725 = APPROVAL_DATE_TIME ( #1175, #816 ) ;
#1726 = VERTEX_POINT ( 'NONE', #1559 ) ;
#1727 = DIRECTION ( 'NONE',  ( -0.000000000000000000, 1.000000000000000000, -0.000000000000000000 ) ) ;
#1728 = ORIENTED_EDGE ( 'NONE', *, *, #852, .T. ) ;
#1729 = ORIENTED_EDGE ( 'NONE', *, *, #773, .F. ) ;
#1730 = CARTESIAN_POINT ( 'NONE',  ( 429.1915225253154631, 0.000000000000000000, -211.8692398010046247 ) ) ;
#1731 = DIRECTION ( 'NONE',  ( -0.000000000000000000, 1.000000000000000000, -0.000000000000000000 ) ) ;
#1732 = EDGE_LOOP ( 'NONE', ( #2176, #2156, #1845, #1550 ) ) ;
#1733 = CARTESIAN_POINT ( 'NONE',  ( 128.8747811288176592, 20.00000000000000000, -141.5892151274302933 ) ) ;
#1734 = ORIENTED_EDGE ( 'NONE', *, *, #1165, .F. ) ;
#1735 = FACE_OUTER_BOUND ( 'NONE', #1523, .T. ) ;
#1736 = VERTEX_POINT ( 'NONE', #1684 ) ;
#1737 = EDGE_CURVE ( 'NONE', #46, #1871, #774, .T. ) ;
#1738 = AXIS2_PLACEMENT_3D ( 'NONE', #1170, #2235, #1869 ) ;
#1739 = VERTEX_POINT ( 'NONE', #1449 ) ;
#1740 = VECTOR ( 'NONE', #1240, 1000.000000000000000 ) ;
#1741 = CARTESIAN_POINT ( 'NONE',  ( 589.2242532014537346, 20.00000000000000000, -120.5735627685324687 ) ) ;
#1742 = AXIS2_PLACEMENT_3D ( 'NONE', #2127, #869, #849 ) ;
#1743 = DIRECTION ( 'NONE',  ( 0.000000000000000000, 0.000000000000000000, 1.000000000000000000 ) ) ;
#1744 = ORIENTED_EDGE ( 'NONE', *, *, #173, .T. ) ;
#1745 = CARTESIAN_POINT ( 'NONE',  ( 570.1565235889777341, 20.00000000000000000, -199.6634908751339310 ) ) ;
#1746 = VERTEX_POINT ( 'NONE', #668 ) ;
#1747 = LINE ( 'NONE', #1433, #1269 ) ;
#1748 = ORIENTED_EDGE ( 'NONE', *, *, #645, .T. ) ;
#1749 = EDGE_LOOP ( 'NONE', ( #281, #253 ) ) ;
#1750 = CARTESIAN_POINT ( 'NONE',  ( 209.9126319818408604, 20.00000000000000000, -121.9876207087161504 ) ) ;
#1751 = ORIENTED_EDGE ( 'NONE', *, *, #1396, .F. ) ;
#1752 = EDGE_CURVE ( 'NONE', #1736, #1033, #702, .T. ) ;
#1753 = DIRECTION ( 'NONE',  ( -0.000000000000000000, 1.000000000000000000, -0.000000000000000000 ) ) ;
#1754 = CARTESIAN_POINT ( 'NONE',  ( 159.5193465774398192, 20.00000000000000000, -226.1791432340317556 ) ) ;
#1755 = ORIENTED_EDGE ( 'NONE', *, *, #755, .F. ) ;
#1756 = CARTESIAN_POINT ( 'NONE',  ( 77.11951503781122597, 20.00000000000000000, -40.80264431862823216 ) ) ;
#1757 = CARTESIAN_POINT ( 'NONE',  ( 489.7996630792572432, 20.00000000000000000, -188.6205198452258287 ) ) ;
#1758 = VERTEX_POINT ( 'NONE', #345 ) ;
#1759 = LINE ( 'NONE', #1387, #1520 ) ;
#1760 = ORIENTED_EDGE ( 'NONE', *, *, #1055, .F. ) ;
#1761 = CARTESIAN_POINT ( 'NONE',  ( 275.9686952822043509, 20.00000000000000000, -220.6791432340317556 ) ) ;
#1762 = ORIENTED_EDGE ( 'NONE', *, *, #1544, .T. ) ;
#1763 = CARTESIAN_POINT ( 'NONE',  ( 625.0000000000000000, 0.000000000000000000, -122.4750000000000227 ) ) ;
#1764 = CARTESIAN_POINT ( 'NONE',  ( 489.7996630792572432, 20.00000000000000000, -199.6205198452258287 ) ) ;
#1765 = DIRECTION ( 'NONE',  ( -0.000000000000000000, 1.000000000000000000, -0.000000000000000000 ) ) ;
#1766 = ORIENTED_EDGE ( 'NONE', *, *, #1106, .F. ) ;
#1767 = CARTESIAN_POINT ( 'NONE',  ( 625.0000000000000000, 0.000000000000000000, -126.6750000000000114 ) ) ;
#1768 = ORIENTED_EDGE ( 'NONE', *, *, #963, .F. ) ;
#1769 = VERTEX_POINT ( 'NONE', #1223 ) ;
#1770 = AXIS2_PLACEMENT_3D ( 'NONE', #1670, #2225, #1839 ) ;
#1771 = DIRECTION ( 'NONE',  ( 0.000000000000000000, 0.000000000000000000, 1.000000000000000000 ) ) ;
#1772 = AXIS2_PLACEMENT_3D ( 'NONE', #1212, #267, #1940 ) ;
#1773 = ORIENTED_EDGE ( 'NONE', *, *, #304, .F. ) ;
#1774 = LINE ( 'NONE', #1803, #570 ) ;
#1775 = CYLINDRICAL_SURFACE ( 'NONE', #2094, 3.500000000000003109 ) ;
#1776 = AXIS2_PLACEMENT_3D ( 'NONE', #910, #899, #1451 ) ;
#1777 = FACE_OUTER_BOUND ( 'NONE', #105, .T. ) ;
#1778 = ORIENTED_EDGE ( 'NONE', *, *, #1199, .F. ) ;
#1779 = CARTESIAN_POINT ( 'NONE',  ( 425.7865708088019119, 20.00000000000000000, -36.07868294541737697 ) ) ;
#1780 = VECTOR ( 'NONE', #1701, 1000.000000000000000 ) ;
#1781 = DIRECTION ( 'NONE',  ( 0.000000000000000000, 0.000000000000000000, 1.000000000000000000 ) ) ;
#1782 = EDGE_CURVE ( 'NONE', #1099, #1138, #639, .T. ) ;
#1783 = AXIS2_PLACEMENT_3D ( 'NONE', #2160, #1018, #1978 ) ;
#1784 = FACE_OUTER_BOUND ( 'NONE', #2095, .T. ) ;
#1785 = LINE ( 'NONE', #145, #1013 ) ;
#1786 = VECTOR ( 'NONE', #1853, 1000.000000000000000 ) ;
#1787 = DIRECTION ( 'NONE',  ( -0.000000000000000000, 1.000000000000000000, -0.000000000000000000 ) ) ;
#1788 = ORIENTED_EDGE ( 'NONE', *, *, #1644, .F. ) ;
#1789 = ADVANCED_FACE ( 'NONE', ( #714 ), #1976, .F. ) ;
#1790 = CC_DESIGN_APPROVAL ( #2146, ( #143 ) ) ;
#1791 = DIRECTION ( 'NONE',  ( -0.000000000000000000, 1.000000000000000000, -0.000000000000000000 ) ) ;
#1792 = ORIENTED_EDGE ( 'NONE', *, *, #589, .F. ) ;
#1793 = DIRECTION ( 'NONE',  ( 0.000000000000000000, 0.000000000000000000, 1.000000000000000000 ) ) ;
#1794 = DIRECTION ( 'NONE',  ( -0.000000000000000000, 1.000000000000000000, -0.000000000000000000 ) ) ;
#1795 = LINE ( 'NONE', #1257, #2324 ) ;
#1796 = DIRECTION ( 'NONE',  ( -0.000000000000000000, 1.000000000000000000, 0.000000000000000000 ) ) ;
#1797 = EDGE_CURVE ( 'NONE', #1183, #1048, #1422, .T. ) ;
#1798 = CARTESIAN_POINT ( 'NONE',  ( 159.5193465774398192, 0.000000000000000000, -220.6791432340317556 ) ) ;
#1799 = CARTESIAN_POINT ( 'NONE',  ( 25.00000000000000000, 0.000000000000000000, -122.4750000000000085 ) ) ;
#1800 = ORIENTED_EDGE ( 'NONE', *, *, #432, .F. ) ;
#1801 = DIRECTION ( 'NONE',  ( 0.000000000000000000, 0.000000000000000000, 1.000000000000000000 ) ) ;
#1802 = ORIENTED_EDGE ( 'NONE', *, *, #356, .F. ) ;
#1803 = CARTESIAN_POINT ( 'NONE',  ( 650.0000000000000000, 20.00000000000000000, -243.3500000000000227 ) ) ;
#1804 = DIRECTION ( 'NONE',  ( -0.000000000000000000, 1.000000000000000000, -0.000000000000000000 ) ) ;
#1805 = VECTOR ( 'NONE', #174, 1000.000000000000000 ) ;
#1806 = VERTEX_POINT ( 'NONE', #2148 ) ;
#1807 = ORIENTED_EDGE ( 'NONE', *, *, #997, .F. ) ;
#1808 = DIRECTION ( 'NONE',  ( 0.000000000000000000, 0.000000000000000000, 1.000000000000000000 ) ) ;
#1809 = ORIENTED_EDGE ( 'NONE', *, *, #560, .F. ) ;
#1810 = DIRECTION ( 'NONE',  ( 0.000000000000000000, 0.000000000000000000, 1.000000000000000000 ) ) ;
#1811 = ORIENTED_EDGE ( 'NONE', *, *, #593, .T. ) ;
#1812 = DIRECTION ( 'NONE',  ( 0.000000000000000000, 0.000000000000000000, 1.000000000000000000 ) ) ;
#1813 = ADVANCED_FACE ( 'NONE', ( #1035 ), #1608, .F. ) ;
#1814 = EDGE_LOOP ( 'NONE', ( #1023, #858, #78, #1751 ) ) ;
#1815 = EDGE_CURVE ( 'NONE', #285, #732, #1895, .T. ) ;
#1816 = DIRECTION ( 'NONE',  ( 0.000000000000000000, 0.000000000000000000, 1.000000000000000000 ) ) ;
#1817 = AXIS2_PLACEMENT_3D ( 'NONE', #519, #1804, #1959 ) ;
#1818 = AXIS2_PLACEMENT_3D ( 'NONE', #991, #1731, #83 ) ;
#1819 = ORIENTED_EDGE ( 'NONE', *, *, #2147, .T. ) ;
#1820 = FACE_OUTER_BOUND ( 'NONE', #1107, .T. ) ;
#1821 = AXIS2_PLACEMENT_3D ( 'NONE', #1246, #279, #102 ) ;
#1822 = VECTOR ( 'NONE', #845, 1000.000000000000000 ) ;
#1823 = CARTESIAN_POINT ( 'NONE',  ( 502.0574892587061981, 20.00000000000000000, -121.9355434551378892 ) ) ;
#1824 = ORIENTED_EDGE ( 'NONE', *, *, #2226, .T. ) ;
#1825 = DIRECTION ( 'NONE',  ( 0.000000000000000000, 0.000000000000000000, 1.000000000000000000 ) ) ;
#1826 = AXIS2_PLACEMENT_3D ( 'NONE', #916, #750, #9 ) ;
#1827 = AXIS2_PLACEMENT_3D ( 'NONE', #200, #18, #2038 ) ;
#1828 = EDGE_CURVE ( 'NONE', #994, #2097, #572, .T. ) ;
#1829 = DIRECTION ( 'NONE',  ( 0.000000000000000000, 0.000000000000000000, 1.000000000000000000 ) ) ;
#1830 = CARTESIAN_POINT ( 'NONE',  ( 588.5432628581510244, 0.000000000000000000, -55.87948015477444841 ) ) ;
#1831 = EDGE_CURVE ( 'NONE', #1214, #1638, #821, .T. ) ;
#1832 = PERSON_AND_ORGANIZATION_ROLE ( 'creator' ) ;
#1833 = FACE_BOUND ( 'NONE', #474, .T. ) ;
#1834 = ORIENTED_EDGE ( 'NONE', *, *, #2226, .F. ) ;
#1835 = FACE_OUTER_BOUND ( 'NONE', #837, .T. ) ;
#1836 = VERTEX_POINT ( 'NONE', #532 ) ;
#1837 = EDGE_CURVE ( 'NONE', #2124, #1264, #2100, .T. ) ;
#1838 = LINE ( 'NONE', #2233, #896 ) ;
#1839 = DIRECTION ( 'NONE',  ( 0.000000000000000000, 0.000000000000000000, 1.000000000000000000 ) ) ;
#1840 = APPLICATION_PROTOCOL_DEFINITION ( 'international standard', 'config_control_design', 1994, #1915 ) ;
#1841 = ORIENTED_EDGE ( 'NONE', *, *, #38, .T. ) ;
#1842 = CYLINDRICAL_SURFACE ( 'NONE', #218, 3.500000000000003109 ) ;
#1843 = ORIENTED_EDGE ( 'NONE', *, *, #379, .F. ) ;
#1844 = CIRCLE ( 'NONE', #1772, 5.500000000000005329 ) ;
#1845 = ORIENTED_EDGE ( 'NONE', *, *, #2039, .T. ) ;
#1846 = DIRECTION ( 'NONE',  ( -0.000000000000000000, 1.000000000000000000, -0.000000000000000000 ) ) ;
#1847 = AXIS2_PLACEMENT_3D ( 'NONE', #2009, #1077, #1812 ) ;
#1848 = CARTESIAN_POINT ( 'NONE',  ( 340.6627778959624493, 0.000000000000000000, -209.1023073978855962 ) ) ;
#1849 = VECTOR ( 'NONE', #180, 1000.000000000000000 ) ;
#1850 = EDGE_LOOP ( 'NONE', ( #1111, #1615, #2042, #2044 ) ) ;
#1851 = CIRCLE ( 'NONE', #1855, 10.00000000000000888 ) ;
#1852 = EDGE_CURVE ( 'NONE', #493, #357, #1412, .T. ) ;
#1853 = DIRECTION ( 'NONE',  ( 1.000000000000000000, 0.000000000000000000, 0.000000000000000000 ) ) ;
#1854 = VERTEX_POINT ( 'NONE', #1626 ) ;
#1855 = AXIS2_PLACEMENT_3D ( 'NONE', #520, #1255, #527 ) ;
#1856 = AXIS2_PLACEMENT_3D ( 'NONE', #1276, #2024, #187 ) ;
#1857 = ORIENTED_EDGE ( 'NONE', *, *, #1831, .T. ) ;
#1858 = CIRCLE ( 'NONE', #2367, 3.499999999999947597 ) ;
#1859 = DIRECTION ( 'NONE',  ( -0.000000000000000000, 1.000000000000000000, -0.000000000000000000 ) ) ;
#1860 = DIRECTION ( 'NONE',  ( -0.000000000000000000, 1.000000000000000000, -0.000000000000000000 ) ) ;
#1861 = FACE_OUTER_BOUND ( 'NONE', #2270, .T. ) ;
#1862 = PERSON_AND_ORGANIZATION ( #2076, #1606 ) ;
#1863 = ADVANCED_FACE ( 'NONE', ( #131 ), #1205, .T. ) ;
#1864 = ORIENTED_EDGE ( 'NONE', *, *, #738, .T. ) ;
#1865 = FACE_OUTER_BOUND ( 'NONE', #638, .T. ) ;
#1866 = EDGE_LOOP ( 'NONE', ( #2232, #1034, #65, #530 ) ) ;
#1867 = DIRECTION ( 'NONE',  ( 0.000000000000000000, 0.000000000000000000, 1.000000000000000000 ) ) ;
#1868 = CARTESIAN_POINT ( 'NONE',  ( 425.7865708088019119, 20.00000000000000000, -41.57868294541738408 ) ) ;
#1869 = DIRECTION ( 'NONE',  ( 0.000000000000000000, 0.000000000000000000, 1.000000000000000000 ) ) ;
#1870 = ORIENTED_EDGE ( 'NONE', *, *, #1642, .T. ) ;
#1871 = VERTEX_POINT ( 'NONE', #1236 ) ;
#1872 = DIRECTION ( 'NONE',  ( 0.000000000000000000, 0.000000000000000000, 1.000000000000000000 ) ) ;
#1873 = ORIENTED_EDGE ( 'NONE', *, *, #456, .T. ) ;
#1874 = DIRECTION ( 'NONE',  ( 0.000000000000000000, 0.000000000000000000, 1.000000000000000000 ) ) ;
#1875 = FACE_BOUND ( 'NONE', #488, .T. ) ;
#1876 = EDGE_LOOP ( 'NONE', ( #400, #310 ) ) ;
#1877 = CC_DESIGN_PERSON_AND_ORGANIZATION_ASSIGNMENT ( #1095, #1832, ( #366 ) ) ;
#1878 = EDGE_CURVE ( 'NONE', #111, #237, #682, .T. ) ;
#1879 = CIRCLE ( 'NONE', #396, 5.500000000000005329 ) ;
#1880 = CARTESIAN_POINT ( 'NONE',  ( 128.8747811288176592, 20.00000000000000000, -148.5892151274302933 ) ) ;
#1881 = DIRECTION ( 'NONE',  ( -0.000000000000000000, 1.000000000000000000, -0.000000000000000000 ) ) ;
#1882 = LINE ( 'NONE', #441, #86 ) ;
#1883 = CARTESIAN_POINT ( 'NONE',  ( 544.9598808867772277, 20.00000000000000000, -150.5801089037601628 ) ) ;
#1884 = DIRECTION ( 'NONE',  ( 0.000000000000000000, 0.000000000000000000, 1.000000000000000000 ) ) ;
#1885 = FACE_BOUND ( 'NONE', #1197, .T. ) ;
#1886 = ORIENTED_EDGE ( 'NONE', *, *, #2256, .T. ) ;
#1887 = DIRECTION ( 'NONE',  ( -0.000000000000000000, 1.000000000000000000, -0.000000000000000000 ) ) ;
#1888 = AXIS2_PLACEMENT_3D ( 'NONE', #1086, #1473, #549 ) ;
#1889 = EDGE_LOOP ( 'NONE', ( #67, #548, #2303, #226 ) ) ;
#1890 = AXIS2_PLACEMENT_3D ( 'NONE', #1983, #904, #2351 ) ;
#1891 = AXIS2_PLACEMENT_3D ( 'NONE', #2079, #984, #1723 ) ;
#1892 = VECTOR ( 'NONE', #497, 1000.000000000000000 ) ;
#1893 = FACE_OUTER_BOUND ( 'NONE', #1308, .T. ) ;
#1894 = ADVANCED_FACE ( 'NONE', ( #328 ), #857, .F. ) ;
#1895 = CIRCLE ( 'NONE', #1447, 3.499999999999947597 ) ;
#1896 = LINE ( 'NONE', #1920, #987 ) ;
#1897 = CARTESIAN_POINT ( 'NONE',  ( 588.5432628581510244, 0.000000000000000000, -55.87948015477444841 ) ) ;
#1898 = LOCAL_TIME ( 11, 20, 4.000000000000000000, #158 ) ;
#1899 = EDGE_CURVE ( 'NONE', #1726, #949, #1637, .T. ) ;
#1900 = VERTEX_POINT ( 'NONE', #1066 ) ;
#1901 = CARTESIAN_POINT ( 'NONE',  ( 489.7996630792572432, 0.000000000000000000, -188.6205198452258287 ) ) ;
#1902 = ORIENTED_EDGE ( 'NONE', *, *, #1650, .T. ) ;
#1903 = DIRECTION ( 'NONE',  ( 0.000000000000000000, 0.000000000000000000, 1.000000000000000000 ) ) ;
#1904 = VERTEX_POINT ( 'NONE', #1995 ) ;
#1905 = VERTEX_POINT ( 'NONE', #1750 ) ;
#1906 = EDGE_LOOP ( 'NONE', ( #1680, #1163, #1504, #1734 ) ) ;
#1907 = DIRECTION ( 'NONE',  ( -0.000000000000000000, 1.000000000000000000, -0.000000000000000000 ) ) ;
#1908 = CARTESIAN_POINT ( 'NONE',  ( 396.5039860467851440, 20.00000000000000000, -160.7949640533009017 ) ) ;
#1909 = EDGE_CURVE ( 'NONE', #5, #1483, #452, .T. ) ;
#1910 = CARTESIAN_POINT ( 'NONE',  ( 163.6052886372561943, 20.00000000000000000, -51.84561534853642684 ) ) ;
#1911 = ORIENTED_EDGE ( 'NONE', *, *, #1028, .T. ) ;
#1912 = CARTESIAN_POINT ( 'NONE',  ( 650.0000000000000000, 20.00000000000000000, 0.000000000000000000 ) ) ;
#1913 = EDGE_CURVE ( 'NONE', #670, #2141, #2245, .T. ) ;
#1914 = ORIENTED_EDGE ( 'NONE', *, *, #1539, .T. ) ;
#1915 = APPLICATION_CONTEXT ( 'configuration controlled 3d designs of mechanical parts and assemblies' ) ;
#1916 = CARTESIAN_POINT ( 'NONE',  ( 588.5432628581510244, 20.00000000000000000, -55.87948015477444841 ) ) ;
#1917 = CARTESIAN_POINT ( 'NONE',  ( 159.5193465774398192, 20.00000000000000000, -220.6791432340317556 ) ) ;
#1918 = VERTEX_POINT ( 'NONE', #1315 ) ;
#1919 = ORIENTED_EDGE ( 'NONE', *, *, #526, .F. ) ;
#1920 = CARTESIAN_POINT ( 'NONE',  ( 589.2242532014537346, 20.00000000000000000, -115.0735627685325255 ) ) ;
#1921 = DIRECTION ( 'NONE',  ( 0.000000000000000000, 0.000000000000000000, 1.000000000000000000 ) ) ;
#1922 = VERTEX_POINT ( 'NONE', #36 ) ;
#1923 = DIRECTION ( 'NONE',  ( -0.000000000000000000, 1.000000000000000000, -0.000000000000000000 ) ) ;
#1924 = EDGE_CURVE ( 'NONE', #1836, #2296, #388, .T. ) ;
#1925 = ORIENTED_EDGE ( 'NONE', *, *, #1570, .T. ) ;
#1926 = DIRECTION ( 'NONE',  ( -0.000000000000000000, 1.000000000000000000, -0.000000000000000000 ) ) ;
#1927 = CARTESIAN_POINT ( 'NONE',  ( 424.4245901221964914, 20.00000000000000000, -108.3157365890835990 ) ) ;
#1928 = ORIENTED_EDGE ( 'NONE', *, *, #77, .F. ) ;
#1929 = VECTOR ( 'NONE', #60, 1000.000000000000000 ) ;
#1930 = DIRECTION ( 'NONE',  ( 0.000000000000000000, 0.000000000000000000, 1.000000000000000000 ) ) ;
#1931 = EDGE_LOOP ( 'NONE', ( #1699, #2335, #140, #2119 ) ) ;
#1932 = CARTESIAN_POINT ( 'NONE',  ( 197.6548058023920191, 20.00000000000000000, -189.3106164121986694 ) ) ;
#1933 = AXIS2_PLACEMENT_3D ( 'NONE', #48, #770, #1345 ) ;
#1934 = ADVANCED_FACE ( 'NONE', ( #940 ), #1075, .T. ) ;
#1935 = CIRCLE ( 'NONE', #2241, 5.500000000000005329 ) ;
#1936 = AXIS2_PLACEMENT_3D ( 'NONE', #213, #1128, #1508 ) ;
#1937 = CIRCLE ( 'NONE', #1891, 5.499999999999949374 ) ;
#1938 = CIRCLE ( 'NONE', #2285, 5.499999999999949374 ) ;
#1939 = LINE ( 'NONE', #1756, #934 ) ;
#1940 = DIRECTION ( 'NONE',  ( 0.000000000000000000, 0.000000000000000000, 1.000000000000000000 ) ) ;
#1941 = CIRCLE ( 'NONE', #256, 5.500000000000005329 ) ;
#1942 = ORIENTED_EDGE ( 'NONE', *, *, #1507, .F. ) ;
#1943 = DIRECTION ( 'NONE',  ( -1.000000000000000000, 0.000000000000000000, 0.000000000000000000 ) ) ;
#1944 = CARTESIAN_POINT ( 'NONE',  ( 309.3372221040374939, 20.00000000000000000, -47.07868294541738408 ) ) ;
#1945 = EDGE_CURVE ( 'NONE', #1758, #430, #547, .T. ) ;
#1946 = ORIENTED_EDGE ( 'NONE', *, *, #219, .F. ) ;
#1947 = CARTESIAN_POINT ( 'NONE',  ( 424.4245901221964914, 20.00000000000000000, -110.3157365890835990 ) ) ;
#1948 = EDGE_LOOP ( 'NONE', ( #1928, #1807 ) ) ;
#1949 = LINE ( 'NONE', #1764, #321 ) ;
#1950 = CARTESIAN_POINT ( 'NONE',  ( 25.00000000000000000, 20.00000000000000000, -126.6750000000000114 ) ) ;
#1951 = DIRECTION ( 'NONE',  ( -0.000000000000000000, 1.000000000000000000, -0.000000000000000000 ) ) ;
#1952 = DIRECTION ( 'NONE',  ( 0.000000000000000000, 0.000000000000000000, 1.000000000000000000 ) ) ;
#1953 = EDGE_LOOP ( 'NONE', ( #1766, #879, #1530, #398 ) ) ;
#1954 = CARTESIAN_POINT ( 'NONE',  ( 197.6548058023920191, 0.000000000000000000, -187.3106164121986694 ) ) ;
#1955 = ORIENTED_EDGE ( 'NONE', *, *, #25, .T. ) ;
#1956 = EDGE_LOOP ( 'NONE', ( #2214, #787, #386, #693 ) ) ;
#1957 = DIRECTION ( 'NONE',  ( 0.000000000000000000, 0.000000000000000000, 1.000000000000000000 ) ) ;
#1958 = VERTEX_POINT ( 'NONE', #2203 ) ;
#1959 = DIRECTION ( 'NONE',  ( 0.000000000000000000, 0.000000000000000000, 1.000000000000000000 ) ) ;
#1960 = EDGE_CURVE ( 'NONE', #1483, #632, #2007, .T. ) ;
#1961 = ADVANCED_FACE ( 'NONE', ( #1462 ), #222, .F. ) ;
#1962 = CARTESIAN_POINT ( 'NONE',  ( 544.9598808867772277, 20.00000000000000000, -152.5801089037601628 ) ) ;
#1963 = CARTESIAN_POINT ( 'NONE',  ( 424.4245901221964914, 0.000000000000000000, -110.3157365890835990 ) ) ;
#1964 = ORIENTED_EDGE ( 'NONE', *, *, #8, .T. ) ;
#1965 = DIRECTION ( 'NONE',  ( 0.000000000000000000, 0.000000000000000000, 1.000000000000000000 ) ) ;
#1966 = CARTESIAN_POINT ( 'NONE',  ( 197.6548058023920191, 20.00000000000000000, -189.3106164121986694 ) ) ;
#1967 = ADVANCED_FACE ( 'NONE', ( #1108 ), #1842, .F. ) ;
#1968 = CIRCLE ( 'NONE', #2271, 5.500000000000005329 ) ;
#1969 = DIRECTION ( 'NONE',  ( -0.000000000000000000, 1.000000000000000000, -0.000000000000000000 ) ) ;
#1970 = VERTEX_POINT ( 'NONE', #752 ) ;
#1971 = DIRECTION ( 'NONE',  ( -0.000000000000000000, 1.000000000000000000, -0.000000000000000000 ) ) ;
#1972 = ORIENTED_EDGE ( 'NONE', *, *, #445, .T. ) ;
#1973 = AXIS2_PLACEMENT_3D ( 'NONE', #1478, #2208, #1500 ) ;
#1974 = ORIENTED_EDGE ( 'NONE', *, *, #1298, .T. ) ;
#1975 = EDGE_CURVE ( 'NONE', #578, #791, #1938, .T. ) ;
#1976 = CYLINDRICAL_SURFACE ( 'NONE', #1334, 5.500000000000005329 ) ;
#1977 = VERTEX_POINT ( 'NONE', #585 ) ;
#1978 = DIRECTION ( 'NONE',  ( 0.000000000000000000, 0.000000000000000000, 1.000000000000000000 ) ) ;
#1979 = DIRECTION ( 'NONE',  ( -0.000000000000000000, 1.000000000000000000, -0.000000000000000000 ) ) ;
#1980 = CIRCLE ( 'NONE', #247, 2.000000000000001776 ) ;
#1981 = EDGE_CURVE ( 'NONE', #237, #111, #1268, .T. ) ;
#1982 = CARTESIAN_POINT ( 'NONE',  ( 396.5039860467851440, 20.00000000000000000, -164.7949640533009017 ) ) ;
#1983 = CARTESIAN_POINT ( 'NONE',  ( 275.9686952822043509, 20.00000000000000000, -220.6791432340317556 ) ) ;
#1984 = FACE_OUTER_BOUND ( 'NONE', #288, .T. ) ;
#1985 = AXIS2_PLACEMENT_3D ( 'NONE', #1466, #139, #2199 ) ;
#1986 = DIRECTION ( 'NONE',  ( 0.000000000000000000, 0.000000000000000000, 1.000000000000000000 ) ) ;
#1987 = CIRCLE ( 'NONE', #408, 4.199999999999995737 ) ;
#1988 = AXIS2_PLACEMENT_3D ( 'NONE', #836, #312, #1435 ) ;
#1989 = CARTESIAN_POINT ( 'NONE',  ( 77.11951503781122597, 20.00000000000000000, -44.30264431862823216 ) ) ;
#1990 = EDGE_LOOP ( 'NONE', ( #485, #1610, #1231, #1242 ) ) ;
#1991 = AXIS2_PLACEMENT_3D ( 'NONE', #828, #1005, #85 ) ;
#1992 = DIRECTION ( 'NONE',  ( 0.000000000000000000, 0.000000000000000000, 1.000000000000000000 ) ) ;
#1993 = AXIS2_PLACEMENT_3D ( 'NONE', #1201, #675, #1046 ) ;
#1994 = ORIENTED_EDGE ( 'NONE', *, *, #353, .T. ) ;
#1995 = CARTESIAN_POINT ( 'NONE',  ( 128.8747811288176592, 20.00000000000000000, -141.5892151274302933 ) ) ;
#1996 = ORIENTED_EDGE ( 'NONE', *, *, #2085, .T. ) ;
#1997 = CARTESIAN_POINT ( 'NONE',  ( 534.7450257372364604, 20.00000000000000000, -47.75056706504997805 ) ) ;
#1998 = DIRECTION ( 'NONE',  ( -0.000000000000000000, 1.000000000000000000, -0.000000000000000000 ) ) ;
#1999 = DIRECTION ( 'NONE',  ( 0.000000000000000000, 0.000000000000000000, 1.000000000000000000 ) ) ;
#2000 = FACE_OUTER_BOUND ( 'NONE', #1300, .T. ) ;
#2001 = EDGE_CURVE ( 'NONE', #2006, #188, #1489, .T. ) ;
#2002 = CYLINDRICAL_SURFACE ( 'NONE', #402, 3.499999999999996003 ) ;
#2003 = EDGE_CURVE ( 'NONE', #1922, #1248, #540, .T. ) ;
#2004 = EDGE_CURVE ( 'NONE', #1248, #1214, #1647, .T. ) ;
#2005 = CYLINDRICAL_SURFACE ( 'NONE', #779, 5.499999999999949374 ) ;
#2006 = VERTEX_POINT ( 'NONE', #908 ) ;
#2007 = LINE ( 'NONE', #565, #1089 ) ;
#2008 = ORIENTED_EDGE ( 'NONE', *, *, #2003, .T. ) ;
#2009 = CARTESIAN_POINT ( 'NONE',  ( 589.2242532014537346, 0.000000000000000000, -120.5735627685324687 ) ) ;
#2010 = DIRECTION ( 'NONE',  ( 1.000000000000000000, 0.000000000000000000, 0.000000000000000000 ) ) ;
#2011 = DATE_AND_TIME ( #354, #1177 ) ;
#2012 = EDGE_CURVE ( 'NONE', #1746, #2023, #358, .T. ) ;
#2013 = DIRECTION ( 'NONE',  ( 0.000000000000000000, 0.000000000000000000, 1.000000000000000000 ) ) ;
#2014 = EDGE_LOOP ( 'NONE', ( #11, #1972 ) ) ;
#2015 = DIRECTION ( 'NONE',  ( 0.000000000000000000, 0.000000000000000000, 1.000000000000000000 ) ) ;
#2016 = ADVANCED_FACE ( 'NONE', ( #1835 ), #731, .F. ) ;
#2017 = LINE ( 'NONE', #338, #2210 ) ;
#2018 = CIRCLE ( 'NONE', #1558, 2.000000000000001776 ) ;
#2019 = VECTOR ( 'NONE', #2304, 1000.000000000000000 ) ;
#2020 = APPROVAL_ROLE ( '' ) ;
#2021 = VECTOR ( 'NONE', #347, 1000.000000000000000 ) ;
#2022 = CLOSED_SHELL ( 'NONE', ( #1158, #1679, #554, #1301, #1074, #1789, #582, #913, #1813, #473, #692, #889, #392, #2048, #1961, #704, #1012, #2236, #901, #416, #1221, #2254, #579, #220, #951, #938, #2194, #2175, #91, #1934, #1711, #924, #883, #760, #439, #1863, #2207, #134, #2016, #510, #2360, #1437, #108, #792, #1347, #2138, #468, #2091, #1151, #2118, #1967, #1309, #2068, #49, #2348, #801, #1064, #2267, #1226, #1894, #12, #1410, #426, #611 ) ) ;
#2023 = VERTEX_POINT ( 'NONE', #197 ) ;
#2024 = DIRECTION ( 'NONE',  ( -0.000000000000000000, 1.000000000000000000, -0.000000000000000000 ) ) ;
#2025 = ORIENTED_EDGE ( 'NONE', *, *, #2159, .F. ) ;
#2026 = AXIS2_PLACEMENT_3D ( 'NONE', #2375, #730, #2201 ) ;
#2027 = ORIENTED_EDGE ( 'NONE', *, *, #1852, .F. ) ;
#2028 = CARTESIAN_POINT ( 'NONE',  ( 544.9598808867772277, 20.00000000000000000, -152.5801089037601628 ) ) ;
#2029 = CARTESIAN_POINT ( 'NONE',  ( 640.0000000000000000, 20.00000000000000000, 0.000000000000000000 ) ) ;
#2030 = CARTESIAN_POINT ( 'NONE',  ( 650.0000000000000000, 0.000000000000000000, 0.000000000000000000 ) ) ;
#2031 = EDGE_LOOP ( 'NONE', ( #1955, #804 ) ) ;
#2032 = FACE_OUTER_BOUND ( 'NONE', #455, .T. ) ;
#2033 = ORIENTED_EDGE ( 'NONE', *, *, #1103, .F. ) ;
#2034 = CARTESIAN_POINT ( 'NONE',  ( 209.9126319818408604, 20.00000000000000000, -116.4876207087161362 ) ) ;
#2035 = FACE_BOUND ( 'NONE', #311, .T. ) ;
#2036 = ORIENTED_EDGE ( 'NONE', *, *, #650, .F. ) ;
#2037 = CARTESIAN_POINT ( 'NONE',  ( 90.05833156056286271, 20.00000000000000000, -197.4825005318312776 ) ) ;
#2038 = DIRECTION ( 'NONE',  ( 0.000000000000000000, 0.000000000000000000, 1.000000000000000000 ) ) ;
#2039 = EDGE_CURVE ( 'NONE', #2212, #2072, #1485, .T. ) ;
#2040 = ORIENTED_EDGE ( 'NONE', *, *, #1782, .T. ) ;
#2041 = DIRECTION ( 'NONE',  ( -1.000000000000000000, 0.000000000000000000, -0.000000000000000000 ) ) ;
#2042 = ORIENTED_EDGE ( 'NONE', *, *, #1878, .T. ) ;
#2043 = FACE_BOUND ( 'NONE', #1525, .T. ) ;
#2044 = ORIENTED_EDGE ( 'NONE', *, *, #1219, .F. ) ;
#2045 = DIRECTION ( 'NONE',  ( 0.000000000000000000, 0.000000000000000000, 1.000000000000000000 ) ) ;
#2046 = DIRECTION ( 'NONE',  ( 0.000000000000000000, 0.000000000000000000, 1.000000000000000000 ) ) ;
#2047 = CARTESIAN_POINT ( 'NONE',  ( 10.00000000000000000, 20.00000000000000000, -10.00000000000000000 ) ) ;
#2048 = ADVANCED_FACE ( 'NONE', ( #2032 ), #1524, .F. ) ;
#2049 = CIRCLE ( 'NONE', #1512, 3.499999999999947597 ) ;
#2050 = CARTESIAN_POINT ( 'NONE',  ( 90.05833156056286271, 20.00000000000000000, -193.4825005318312776 ) ) ;
#2051 = PERSON_AND_ORGANIZATION ( #2076, #1606 ) ;
#2052 = CIRCLE ( 'NONE', #179, 4.199999999999995737 ) ;
#2053 = FACE_BOUND ( 'NONE', #2031, .T. ) ;
#2054 = ORIENTED_EDGE ( 'NONE', *, *, #2174, .T. ) ;
#2055 = CIRCLE ( 'NONE', #1293, 2.000000000000001776 ) ;
#2056 = AXIS2_PLACEMENT_3D ( 'NONE', #1068, #1629, #2356 ) ;
#2057 = DIRECTION ( 'NONE',  ( -0.000000000000000000, 1.000000000000000000, -0.000000000000000000 ) ) ;
#2058 = ORIENTED_EDGE ( 'NONE', *, *, #499, .T. ) ;
#2059 = VECTOR ( 'NONE', #2, 1000.000000000000000 ) ;
#2060 = FACE_BOUND ( 'NONE', #87, .T. ) ;
#2061 = UNCERTAINTY_MEASURE_WITH_UNIT (LENGTH_MEASURE( 1.000000000000000082E-05 ), #2183, 'distance_accuracy_value', 'NONE');
#2062 = ORIENTED_EDGE ( 'NONE', *, *, #700, .T. ) ;
#2063 = DIRECTION ( 'NONE',  ( 0.000000000000000000, 0.000000000000000000, 1.000000000000000000 ) ) ;
#2064 = DIRECTION ( 'NONE',  ( 0.000000000000000000, 0.000000000000000000, 1.000000000000000000 ) ) ;
#2065 = CARTESIAN_POINT ( 'NONE',  ( 396.5039860467851440, 0.000000000000000000, -162.7949640533009017 ) ) ;
#2066 = ORIENTED_EDGE ( 'NONE', *, *, #1137, .F. ) ;
#2067 = DATE_AND_TIME ( #435, #454 ) ;
#2068 = ADVANCED_FACE ( 'NONE', ( #765 ), #1191, .F. ) ;
#2069 = EDGE_CURVE ( 'NONE', #357, #968, #2179, .T. ) ;
#2070 = ORIENTED_EDGE ( 'NONE', *, *, #724, .F. ) ;
#2071 = DIRECTION ( 'NONE',  ( -0.000000000000000000, 1.000000000000000000, -0.000000000000000000 ) ) ;
#2072 = VERTEX_POINT ( 'NONE', #2107 ) ;
#2073 = DIRECTION ( 'NONE',  ( -0.000000000000000000, 1.000000000000000000, -0.000000000000000000 ) ) ;
#2074 = CARTESIAN_POINT ( 'NONE',  ( 278.0116663121124816, 20.00000000000000000, -162.7949640533009017 ) ) ;
#2075 = DIRECTION ( 'NONE',  ( -0.000000000000000000, 1.000000000000000000, -0.000000000000000000 ) ) ;
#2076 = PERSON ( 'UNSPECIFIED', 'UNSPECIFIED', 'UNSPECIFIED', ('UNSPECIFIED'), ('UNSPECIFIED'), ('UNSPECIFIED') ) ;
#2077 = CC_DESIGN_DATE_AND_TIME_ASSIGNMENT ( #635, #228, ( #31 ) ) ;
#2078 = ORIENTED_EDGE ( 'NONE', *, *, #1831, .F. ) ;
#2079 = CARTESIAN_POINT ( 'NONE',  ( 589.2242532014537346, 20.00000000000000000, -120.5735627685324687 ) ) ;
#2080 = FACE_BOUND ( 'NONE', #1490, .T. ) ;
#2081 = ORIENTED_EDGE ( 'NONE', *, *, #2256, .F. ) ;
#2082 = DIRECTION ( 'NONE',  ( -0.000000000000000000, 1.000000000000000000, -0.000000000000000000 ) ) ;
#2083 = EDGE_CURVE ( 'NONE', #1854, #1918, #373, .T. ) ;
#2084 = VERTEX_POINT ( 'NONE', #1537 ) ;
#2085 = EDGE_CURVE ( 'NONE', #512, #1977, #1127, .T. ) ;
#2086 = CARTESIAN_POINT ( 'NONE',  ( 502.0574892587061981, 20.00000000000000000, -121.9355434551378892 ) ) ;
#2087 = DIRECTION ( 'NONE',  ( 0.000000000000000000, 0.000000000000000000, 1.000000000000000000 ) ) ;
#2088 = ORIENTED_EDGE ( 'NONE', *, *, #1039, .F. ) ;
#2089 = DIRECTION ( 'NONE',  ( 0.000000000000000000, 0.000000000000000000, 1.000000000000000000 ) ) ;
#2090 = LINE ( 'NONE', #446, #1299 ) ;
#2091 = ADVANCED_FACE ( 'NONE', ( #1139 ), #2269, .F. ) ;
#2092 = VERTEX_POINT ( 'NONE', #465 ) ;
#2093 = DIRECTION ( 'NONE',  ( 0.000000000000000000, -1.000000000000000000, 0.000000000000000000 ) ) ;
#2094 = AXIS2_PLACEMENT_3D ( 'NONE', #1069, #859, #2341 ) ;
#2095 = EDGE_LOOP ( 'NONE', ( #47, #658, #478, #37 ) ) ;
#2096 = FACE_OUTER_BOUND ( 'NONE', #1194, .T. ) ;
#2097 = VERTEX_POINT ( 'NONE', #1549 ) ;
#2098 = VECTOR ( 'NONE', #477, 1000.000000000000000 ) ;
#2099 = CIRCLE ( 'NONE', #94, 3.500000000000003109 ) ;
#2100 = CIRCLE ( 'NONE', #642, 3.499999999999947597 ) ;
#2101 = EDGE_CURVE ( 'NONE', #430, #493, #748, .T. ) ;
#2102 = CARTESIAN_POINT ( 'NONE',  ( 502.0574892587061981, 20.00000000000000000, -118.4355434551379460 ) ) ;
#2103 = DIRECTION ( 'NONE',  ( -0.000000000000000000, 1.000000000000000000, -0.000000000000000000 ) ) ;
#2104 = CIRCLE ( 'NONE', #414, 3.499999999999947597 ) ;
#2105 = LINE ( 'NONE', #1733, #847 ) ;
#2106 = ORIENTED_EDGE ( 'NONE', *, *, #1078, .F. ) ;
#2107 = CARTESIAN_POINT ( 'NONE',  ( 25.00000000000000000, 20.00000000000000000, -122.4750000000000085 ) ) ;
#2108 = ORIENTED_EDGE ( 'NONE', *, *, #201, .T. ) ;
#2109 = DIRECTION ( 'NONE',  ( -0.000000000000000000, 1.000000000000000000, -0.000000000000000000 ) ) ;
#2110 = EDGE_LOOP ( 'NONE', ( #2278, #1552 ) ) ;
#2111 = ORIENTED_EDGE ( 'NONE', *, *, #2039, .F. ) ;
#2112 = CYLINDRICAL_SURFACE ( 'NONE', #1578, 5.499999999999949374 ) ;
#2113 = AXIS2_PLACEMENT_3D ( 'NONE', #1571, #1703, #631 ) ;
#2114 = DIRECTION ( 'NONE',  ( 0.000000000000000000, 0.000000000000000000, 1.000000000000000000 ) ) ;
#2115 = ORIENTED_EDGE ( 'NONE', *, *, #77, .T. ) ;
#2116 = LINE ( 'NONE', #1210, #1332 ) ;
#2117 = CYLINDRICAL_SURFACE ( 'NONE', #1632, 2.000000000000001776 ) ;
#2118 = ADVANCED_FACE ( 'NONE', ( #1865 ), #640, .F. ) ;
#2119 = ORIENTED_EDGE ( 'NONE', *, *, #490, .F. ) ;
#2120 = CYLINDRICAL_SURFACE ( 'NONE', #290, 5.500000000000005329 ) ;
#2121 = ORIENTED_EDGE ( 'NONE', *, *, #1909, .T. ) ;
#2122 = EDGE_CURVE ( 'NONE', #1746, #929, #862, .T. ) ;
#2123 = ORIENTED_EDGE ( 'NONE', *, *, #1852, .T. ) ;
#2124 = VERTEX_POINT ( 'NONE', #1378 ) ;
#2125 = EDGE_CURVE ( 'NONE', #1398, #1050, #428, .T. ) ;
#2126 = CIRCLE ( 'NONE', #1397, 3.499999999999947597 ) ;
#2127 = CARTESIAN_POINT ( 'NONE',  ( 640.0000000000000000, 0.000000000000000000, -243.3500000000000227 ) ) ;
#2128 = PLANE ( 'NONE',  #1452 ) ;
#2129 = EDGE_CURVE ( 'NONE', #1758, #2283, #1362, .T. ) ;
#2130 = ORIENTED_EDGE ( 'NONE', *, *, #1199, .T. ) ;
#2131 = CYLINDRICAL_SURFACE ( 'NONE', #1091, 2.000000000000001776 ) ;
#2132 = DIRECTION ( 'NONE',  ( -0.000000000000000000, 1.000000000000000000, -0.000000000000000000 ) ) ;
#2133 = CARTESIAN_POINT ( 'NONE',  ( 650.0000000000000000, 20.00000000000000000, -10.00000000000000000 ) ) ;
#2134 = ORIENTED_EDGE ( 'NONE', *, *, #720, .T. ) ;
#2135 = AXIS2_PLACEMENT_3D ( 'NONE', #350, #878, #370 ) ;
#2136 = DIRECTION ( 'NONE',  ( 0.000000000000000000, 0.000000000000000000, 1.000000000000000000 ) ) ;
#2137 = CYLINDRICAL_SURFACE ( 'NONE', #175, 5.500000000000005329 ) ;
#2138 = ADVANCED_FACE ( 'NONE', ( #1735 ), #450, .F. ) ;
#2139 = VECTOR ( 'NONE', #149, 1000.000000000000000 ) ;
#2140 = AXIS2_PLACEMENT_3D ( 'NONE', #2170, #1401, #1930 ) ;
#2141 = VERTEX_POINT ( 'NONE', #591 ) ;
#2142 = CARTESIAN_POINT ( 'NONE',  ( 209.9126319818408604, 20.00000000000000000, -116.4876207087161362 ) ) ;
#2143 = AXIS2_PLACEMENT_3D ( 'NONE', #1954, #515, #711 ) ;
#2144 = FACE_OUTER_BOUND ( 'NONE', #1653, .T. ) ;
#2145 = VERTEX_POINT ( 'NONE', #58 ) ;
#2146 = APPROVAL ( #926, 'UNSPECIFIED' ) ;
#2147 = EDGE_CURVE ( 'NONE', #2124, #114, #1325, .T. ) ;
#2148 = CARTESIAN_POINT ( 'NONE',  ( 209.9126319818408604, 0.000000000000000000, -121.9876207087161504 ) ) ;
#2149 = CARTESIAN_POINT ( 'NONE',  ( 325.6809903433026534, 20.00000000000000000, -106.9537559024781217 ) ) ;
#2150 = CARTESIAN_POINT ( 'NONE',  ( 309.3372221040374939, 0.000000000000000000, -47.07868294541738408 ) ) ;
#2151 = CARTESIAN_POINT ( 'NONE',  ( 309.3372221040374939, 0.000000000000000000, -41.57868294541738408 ) ) ;
#2152 = DIRECTION ( 'NONE',  ( -0.000000000000000000, 1.000000000000000000, -0.000000000000000000 ) ) ;
#2153 = ORIENTED_EDGE ( 'NONE', *, *, #1975, .T. ) ;
#2154 = CARTESIAN_POINT ( 'NONE',  ( 309.3372221040374939, 20.00000000000000000, -36.07868294541737697 ) ) ;
#2155 = ORIENTED_EDGE ( 'NONE', *, *, #238, .T. ) ;
#2156 = ORIENTED_EDGE ( 'NONE', *, *, #1002, .F. ) ;
#2157 = CARTESIAN_POINT ( 'NONE',  ( 396.5039860467851440, 20.00000000000000000, -164.7949640533009017 ) ) ;
#2158 = EDGE_LOOP ( 'NONE', ( #1788, #1886, #2290, #1355, #90, #566, #344, #16 ) ) ;
#2159 = EDGE_CURVE ( 'NONE', #1140, #2186, #822, .T. ) ;
#2160 = CARTESIAN_POINT ( 'NONE',  ( 534.7450257372364604, 20.00000000000000000, -49.75056706504998516 ) ) ;
#2161 = CARTESIAN_POINT ( 'NONE',  ( 0.000000000000000000, 20.00000000000000000, -10.00000000000000000 ) ) ;
#2162 = DIRECTION ( 'NONE',  ( 0.000000000000000000, 0.000000000000000000, 1.000000000000000000 ) ) ;
#2163 = LINE ( 'NONE', #1754, #531 ) ;
#2164 = ORIENTED_EDGE ( 'NONE', *, *, #1535, .F. ) ;
#2165 = CARTESIAN_POINT ( 'NONE',  ( 534.7450257372364604, 20.00000000000000000, -51.75056706504998516 ) ) ;
#2166 = CARTESIAN_POINT ( 'NONE',  ( 429.1915225253154631, 20.00000000000000000, -211.8692398010046247 ) ) ;
#2167 = CARTESIAN_POINT ( 'NONE',  ( 625.0000000000000000, 0.000000000000000000, -130.8750000000000000 ) ) ;
#2168 = DIRECTION ( 'NONE',  ( 0.000000000000000000, 0.000000000000000000, -1.000000000000000000 ) ) ;
#2169 = CIRCLE ( 'NONE', #1161, 3.499999999999947597 ) ;
#2170 = CARTESIAN_POINT ( 'NONE',  ( 128.8747811288176592, 0.000000000000000000, -145.0892151274302933 ) ) ;
#2171 = LINE ( 'NONE', #1278, #21 ) ;
#2172 = VECTOR ( 'NONE', #742, 1000.000000000000000 ) ;
#2173 = AXIS2_PLACEMENT_3D ( 'NONE', #1058, #1794, #361 ) ;
#2174 = EDGE_CURVE ( 'NONE', #199, #575, #1941, .T. ) ;
#2175 = ADVANCED_FACE ( 'NONE', ( #1713 ), #263, .F. ) ;
#2176 = ORIENTED_EDGE ( 'NONE', *, *, #852, .F. ) ;
#2177 = AXIS2_PLACEMENT_3D ( 'NONE', #839, #1586, #2313 ) ;
#2178 = CARTESIAN_POINT ( 'NONE',  ( 163.6052886372561943, 20.00000000000000000, -51.84561534853642684 ) ) ;
#2179 = CIRCLE ( 'NONE', #93, 10.00000000000000000 ) ;
#2180 = DIRECTION ( 'NONE',  ( 0.000000000000000000, 0.000000000000000000, 1.000000000000000000 ) ) ;
#2181 = ORIENTED_EDGE ( 'NONE', *, *, #122, .F. ) ;
#2182 = AXIS2_PLACEMENT_3D ( 'NONE', #1295, #204, #897 ) ;
#2183 =( LENGTH_UNIT ( ) NAMED_UNIT ( * ) SI_UNIT ( .MILLI., .METRE. ) );
#2184 = CIRCLE ( 'NONE', #1641, 2.000000000000001776 ) ;
#2185 = EDGE_CURVE ( 'NONE', #955, #1178, #1858, .T. ) ;
#2186 = VERTEX_POINT ( 'NONE', #1944 ) ;
#2187 = CC_DESIGN_APPROVAL ( #816, ( #31 ) ) ;
#2188 = DIRECTION ( 'NONE',  ( 0.000000000000000000, 0.000000000000000000, 1.000000000000000000 ) ) ;
#2189 = ORIENTED_EDGE ( 'NONE', *, *, #1577, .F. ) ;
#2190 = CARTESIAN_POINT ( 'NONE',  ( 278.0116663121124816, 20.00000000000000000, -164.7949640533009017 ) ) ;
#2191 = DIRECTION ( 'NONE',  ( -0.000000000000000000, 1.000000000000000000, -0.000000000000000000 ) ) ;
#2192 = CARTESIAN_POINT ( 'NONE',  ( 0.000000000000000000, 0.000000000000000000, 0.000000000000000000 ) ) ;
#2193 = EDGE_CURVE ( 'NONE', #2333, #670, #1747, .T. ) ;
#2194 = ADVANCED_FACE ( 'NONE', ( #103 ), #2347, .F. ) ;
#2195 = ORIENTED_EDGE ( 'NONE', *, *, #1274, .T. ) ;
#2196 = DIRECTION ( 'NONE',  ( -0.000000000000000000, 1.000000000000000000, -0.000000000000000000 ) ) ;
#2197 = ORIENTED_EDGE ( 'NONE', *, *, #1328, .T. ) ;
#2198 = DIRECTION ( 'NONE',  ( -0.000000000000000000, 1.000000000000000000, -0.000000000000000000 ) ) ;
#2199 = DIRECTION ( 'NONE',  ( 0.000000000000000000, 0.000000000000000000, 1.000000000000000000 ) ) ;
#2200 = DIRECTION ( 'NONE',  ( -0.000000000000000000, 1.000000000000000000, -0.000000000000000000 ) ) ;
#2201 = DIRECTION ( 'NONE',  ( 1.000000000000000000, 0.000000000000000000, 0.000000000000000000 ) ) ;
#2202 = EDGE_LOOP ( 'NONE', ( #271, #546 ) ) ;
#2203 = CARTESIAN_POINT ( 'NONE',  ( 10.00000000000000000, 20.00000000000000000, -253.3500000000000227 ) ) ;
#2204 = EDGE_LOOP ( 'NONE', ( #764, #1342 ) ) ;
#2205 = FACE_OUTER_BOUND ( 'NONE', #1953, .T. ) ;
#2206 = FACE_OUTER_BOUND ( 'NONE', #584, .T. ) ;
#2207 = ADVANCED_FACE ( 'NONE', ( #1247 ), #701, .T. ) ;
#2208 = DIRECTION ( 'NONE',  ( -0.000000000000000000, 1.000000000000000000, -0.000000000000000000 ) ) ;
#2209 = DATE_AND_TIME ( #1080, #1898 ) ;
#2210 = VECTOR ( 'NONE', #177, 1000.000000000000000 ) ;
#2211 = AXIS2_PLACEMENT_3D ( 'NONE', #1353, #1694, #995 ) ;
#2212 = VERTEX_POINT ( 'NONE', #1799 ) ;
#2213 = CARTESIAN_POINT ( 'NONE',  ( 25.00000000000000000, 20.00000000000000000, -122.4750000000000085 ) ) ;
#2214 = ORIENTED_EDGE ( 'NONE', *, *, #2293, .F. ) ;
#2215 = CARTESIAN_POINT ( 'NONE',  ( 570.1565235889777341, 20.00000000000000000, -192.6634908751340447 ) ) ;
#2216 = DIRECTION ( 'NONE',  ( 0.000000000000000000, 0.000000000000000000, 1.000000000000000000 ) ) ;
#2217 = DIRECTION ( 'NONE',  ( 0.000000000000000000, 0.000000000000000000, 1.000000000000000000 ) ) ;
#2218 = EDGE_LOOP ( 'NONE', ( #1432, #1354, #1974, #1497 ) ) ;
#2219 = DIRECTION ( 'NONE',  ( 0.000000000000000000, 0.000000000000000000, 1.000000000000000000 ) ) ;
#2220 = ORIENTED_EDGE ( 'NONE', *, *, #409, .T. ) ;
#2221 = AXIS2_PLACEMENT_3D ( 'NONE', #1346, #1541, #990 ) ;
#2222 = EDGE_CURVE ( 'NONE', #2333, #886, #2184, .T. ) ;
#2223 = VERTEX_POINT ( 'NONE', #842 ) ;
#2224 = CYLINDRICAL_SURFACE ( 'NONE', #1933, 5.500000000000005329 ) ;
#2225 = DIRECTION ( 'NONE',  ( -0.000000000000000000, 1.000000000000000000, -0.000000000000000000 ) ) ;
#2226 = EDGE_CURVE ( 'NONE', #586, #1048, #224, .T. ) ;
#2227 = FACE_OUTER_BOUND ( 'NONE', #129, .T. ) ;
#2228 = ORIENTED_EDGE ( 'NONE', *, *, #1577, .T. ) ;
#2229 = DIRECTION ( 'NONE',  ( 0.000000000000000000, 0.000000000000000000, 1.000000000000000000 ) ) ;
#2230 = ORIENTED_EDGE ( 'NONE', *, *, #1358, .T. ) ;
#2231 = FACE_BOUND ( 'NONE', #27, .T. ) ;
#2232 = ORIENTED_EDGE ( 'NONE', *, *, #1685, .F. ) ;
#2233 = CARTESIAN_POINT ( 'NONE',  ( 0.000000000000000000, 20.00000000000000000, -243.3500000000000227 ) ) ;
#2234 = CARTESIAN_POINT ( 'NONE',  ( 640.0000000000000000, 0.000000000000000000, -253.3500000000000227 ) ) ;
#2235 = DIRECTION ( 'NONE',  ( -0.000000000000000000, 1.000000000000000000, -0.000000000000000000 ) ) ;
#2236 = ADVANCED_FACE ( 'NONE', ( #1010 ), #2307, .F. ) ;
#2237 = CIRCLE ( 'NONE', #568, 5.500000000000005329 ) ;
#2238 = VECTOR ( 'NONE', #1859, 1000.000000000000000 ) ;
#2239 = ORIENTED_EDGE ( 'NONE', *, *, #2174, .F. ) ;
#2240 = VECTOR ( 'NONE', #1173, 1000.000000000000000 ) ;
#2241 = AXIS2_PLACEMENT_3D ( 'NONE', #1174, #261, #463 ) ;
#2242 = DIRECTION ( 'NONE',  ( 0.000000000000000000, -1.000000000000000000, -0.000000000000000000 ) ) ;
#2243 = ORIENTED_EDGE ( 'NONE', *, *, #2299, .T. ) ;
#2244 = EDGE_CURVE ( 'NONE', #1483, #5, #937, .T. ) ;
#2245 = CIRCLE ( 'NONE', #599, 2.000000000000001776 ) ;
#2246 = AXIS2_PLACEMENT_3D ( 'NONE', #79, #666, #1589 ) ;
#2247 = CIRCLE ( 'NONE', #1092, 3.499999999999989342 ) ;
#2248 = EDGE_LOOP ( 'NONE', ( #725, #2353, #427, #1809 ) ) ;
#2249 = CYLINDRICAL_SURFACE ( 'NONE', #487, 5.500000000000005329 ) ;
#2250 = CARTESIAN_POINT ( 'NONE',  ( 90.05833156056286271, 20.00000000000000000, -195.4825005318312776 ) ) ;
#2251 = DIRECTION ( 'NONE',  ( 0.000000000000000000, 0.000000000000000000, 1.000000000000000000 ) ) ;
#2252 = ORIENTED_EDGE ( 'NONE', *, *, #1193, .T. ) ;
#2253 = DIRECTION ( 'NONE',  ( -0.000000000000000000, 1.000000000000000000, -0.000000000000000000 ) ) ;
#2254 = ADVANCED_FACE ( 'NONE', ( #2144 ), #2131, .F. ) ;
#2255 = ORIENTED_EDGE ( 'NONE', *, *, #409, .F. ) ;
#2256 = EDGE_CURVE ( 'NONE', #2283, #846, #95, .T. ) ;
#2257 = DIRECTION ( 'NONE',  ( -0.000000000000000000, 1.000000000000000000, -0.000000000000000000 ) ) ;
#2258 = ORIENTED_EDGE ( 'NONE', *, *, #2101, .T. ) ;
#2259 = FACE_BOUND ( 'NONE', #1948, .T. ) ;
#2260 = ORIENTED_EDGE ( 'NONE', *, *, #2012, .F. ) ;
#2261 = DIRECTION ( 'NONE',  ( -0.000000000000000000, 1.000000000000000000, -0.000000000000000000 ) ) ;
#2262 = DIRECTION ( 'NONE',  ( 0.000000000000000000, 0.000000000000000000, 1.000000000000000000 ) ) ;
#2263 = ORIENTED_EDGE ( 'NONE', *, *, #232, .F. ) ;
#2264 = DIRECTION ( 'NONE',  ( -0.000000000000000000, 1.000000000000000000, -0.000000000000000000 ) ) ;
#2265 = DIRECTION ( 'NONE',  ( 0.000000000000000000, 0.000000000000000000, 1.000000000000000000 ) ) ;
#2266 = CARTESIAN_POINT ( 'NONE',  ( 650.0000000000000000, 0.000000000000000000, -243.3500000000000227 ) ) ;
#2267 = ADVANCED_FACE ( 'NONE', ( #528 ), #2120, .F. ) ;
#2268 = ORIENTED_EDGE ( 'NONE', *, *, #2069, .F. ) ;
#2269 = CYLINDRICAL_SURFACE ( 'NONE', #254, 3.499999999999947597 ) ;
#2270 = EDGE_LOOP ( 'NONE', ( #2260, #448, #1017, #577 ) ) ;
#2271 = AXIS2_PLACEMENT_3D ( 'NONE', #1868, #1143, #785 ) ;
#2272 = CARTESIAN_POINT ( 'NONE',  ( 425.7865708088019119, 20.00000000000000000, -41.57868294541738408 ) ) ;
#2273 = CARTESIAN_POINT ( 'NONE',  ( 209.9126319818408604, 0.000000000000000000, -116.4876207087161362 ) ) ;
#2274 = EDGE_LOOP ( 'NONE', ( #2281, #269, #1576, #239 ) ) ;
#2275 = DIRECTION ( 'NONE',  ( 0.000000000000000000, 0.000000000000000000, 1.000000000000000000 ) ) ;
#2276 = CARTESIAN_POINT ( 'NONE',  ( 425.7865708088019119, 20.00000000000000000, -47.07868294541738408 ) ) ;
#2277 = SECURITY_CLASSIFICATION_LEVEL ( 'unclassified' ) ;
#2278 = ORIENTED_EDGE ( 'NONE', *, *, #1737, .F. ) ;
#2279 = CARTESIAN_POINT ( 'NONE',  ( 640.0000000000000000, 20.00000000000000000, -10.00000000000000000 ) ) ;
#2280 = AXIS2_PLACEMENT_3D ( 'NONE', #1602, #688, #881 ) ;
#2281 = ORIENTED_EDGE ( 'NONE', *, *, #2222, .F. ) ;
#2282 = CIRCLE ( 'NONE', #1405, 3.499999999999947597 ) ;
#2283 = VERTEX_POINT ( 'NONE', #1567 ) ;
#2284 = CIRCLE ( 'NONE', #1742, 10.00000000000000888 ) ;
#2285 = AXIS2_PLACEMENT_3D ( 'NONE', #13, #1084, #930 ) ;
#2286 = FACE_OUTER_BOUND ( 'NONE', #1251, .T. ) ;
#2287 = FACE_BOUND ( 'NONE', #329, .T. ) ;
#2288 = VECTOR ( 'NONE', #803, 1000.000000000000000 ) ;
#2289 = DIRECTION ( 'NONE',  ( -0.000000000000000000, 1.000000000000000000, 0.000000000000000000 ) ) ;
#2290 = ORIENTED_EDGE ( 'NONE', *, *, #1101, .T. ) ;
#2291 = CARTESIAN_POINT ( 'NONE',  ( 102.9971480833144000, 0.000000000000000000, -98.05791040963467253 ) ) ;
#2292 = CARTESIAN_POINT ( 'NONE',  ( 128.8747811288176592, 20.00000000000000000, -145.0892151274302933 ) ) ;
#2293 = EDGE_CURVE ( 'NONE', #1180, #2186, #690, .T. ) ;
#2294 = ORIENTED_EDGE ( 'NONE', *, *, #685, .F. ) ;
#2295 = CARTESIAN_POINT ( 'NONE',  ( 570.1565235889777341, 20.00000000000000000, -196.1634908751339879 ) ) ;
#2296 = VERTEX_POINT ( 'NONE', #296 ) ;
#2297 = CARTESIAN_POINT ( 'NONE',  ( 255.5389849831228730, 20.00000000000000000, -62.73235461770974553 ) ) ;
#2298 = ORIENTED_EDGE ( 'NONE', *, *, #41, .F. ) ;
#2299 = EDGE_CURVE ( 'NONE', #1245, #114, #1455, .T. ) ;
#2300 = CYLINDRICAL_SURFACE ( 'NONE', #624, 2.000000000000001776 ) ;
#2301 = CARTESIAN_POINT ( 'NONE',  ( 255.5389849831228730, 20.00000000000000000, -66.73235461770974553 ) ) ;
#2302 = EDGE_CURVE ( 'NONE', #1172, #1140, #146, .T. ) ;
#2303 = ORIENTED_EDGE ( 'NONE', *, *, #232, .T. ) ;
#2304 = DIRECTION ( 'NONE',  ( -0.000000000000000000, 1.000000000000000000, -0.000000000000000000 ) ) ;
#2305 = DIRECTION ( 'NONE',  ( -0.000000000000000000, 1.000000000000000000, -0.000000000000000000 ) ) ;
#2306 = EDGE_LOOP ( 'NONE', ( #707, #1802, #2155, #2230 ) ) ;
#2307 = CYLINDRICAL_SURFACE ( 'NONE', #1565, 2.000000000000001776 ) ;
#2308 = ORIENTED_EDGE ( 'NONE', *, *, #1539, .F. ) ;
#2309 = ORIENTED_EDGE ( 'NONE', *, *, #1685, .T. ) ;
#2310 = DIRECTION ( 'NONE',  ( -0.000000000000000000, 1.000000000000000000, -0.000000000000000000 ) ) ;
#2311 = ORIENTED_EDGE ( 'NONE', *, *, #789, .T. ) ;
#2312 = FACE_BOUND ( 'NONE', #380, .T. ) ;
#2313 = DIRECTION ( 'NONE',  ( 0.000000000000000000, 0.000000000000000000, 1.000000000000000000 ) ) ;
#2314 = CARTESIAN_POINT ( 'NONE',  ( 255.5389849831228730, 20.00000000000000000, -64.73235461770974553 ) ) ;
#2315 = APPROVAL ( #556, 'UNSPECIFIED' ) ;
#2316 = EDGE_CURVE ( 'NONE', #1590, #223, #1759, .T. ) ;
#2317 = ORIENTED_EDGE ( 'NONE', *, *, #282, .F. ) ;
#2318 = DIRECTION ( 'NONE',  ( 0.000000000000000000, -1.000000000000000000, 0.000000000000000000 ) ) ;
#2319 = ORIENTED_EDGE ( 'NONE', *, *, #1705, .T. ) ;
#2320 = VECTOR ( 'NONE', #1542, 1000.000000000000000 ) ;
#2321 = CARTESIAN_POINT ( 'NONE',  ( 570.1565235889777341, 0.000000000000000000, -196.1634908751339879 ) ) ;
#2322 = CARTESIAN_POINT ( 'NONE',  ( 102.9971480833144000, 20.00000000000000000, -94.05791040963467253 ) ) ;
#2323 = EDGE_CURVE ( 'NONE', #1836, #221, #496, .T. ) ;
#2324 = VECTOR ( 'NONE', #1951, 1000.000000000000000 ) ;
#2325 = FACE_OUTER_BOUND ( 'NONE', #1906, .T. ) ;
#2326 = CIRCLE ( 'NONE', #2056, 2.000000000000001776 ) ;
#2327 = VECTOR ( 'NONE', #364, 1000.000000000000000 ) ;
#2328 = ORIENTED_EDGE ( 'NONE', *, *, #1960, .F. ) ;
#2329 = DIRECTION ( 'NONE',  ( -0.000000000000000000, 1.000000000000000000, -0.000000000000000000 ) ) ;
#2330 = AXIS2_PLACEMENT_3D ( 'NONE', #1633, #1061, #1459 ) ;
#2331 = DIRECTION ( 'NONE',  ( 0.000000000000000000, -0.000000000000000000, 1.000000000000000000 ) ) ;
#2332 = EDGE_CURVE ( 'NONE', #2084, #820, #749, .T. ) ;
#2333 = VERTEX_POINT ( 'NONE', #385 ) ;
#2334 = CARTESIAN_POINT ( 'NONE',  ( 163.6052886372561943, 20.00000000000000000, -46.34561534853641973 ) ) ;
#2335 = ORIENTED_EDGE ( 'NONE', *, *, #685, .T. ) ;
#2336 = EDGE_CURVE ( 'NONE', #114, #1245, #2104, .T. ) ;
#2337 = ORIENTED_EDGE ( 'NONE', *, *, #890, .F. ) ;
#2338 = CARTESIAN_POINT ( 'NONE',  ( 159.5193465774398192, 20.00000000000000000, -220.6791432340317556 ) ) ;
#2339 = ORIENTED_EDGE ( 'NONE', *, *, #1113, .T. ) ;
#2340 = DIRECTION ( 'NONE',  ( -0.000000000000000000, 1.000000000000000000, -0.000000000000000000 ) ) ;
#2341 = DIRECTION ( 'NONE',  ( 0.000000000000000000, 0.000000000000000000, 1.000000000000000000 ) ) ;
#2342 = DIRECTION ( 'NONE',  ( 0.000000000000000000, 0.000000000000000000, 1.000000000000000000 ) ) ;
#2343 = CYLINDRICAL_SURFACE ( 'NONE', #2173, 3.499999999999947597 ) ;
#2344 = LINE ( 'NONE', #2165, #678 ) ;
#2345 = CARTESIAN_POINT ( 'NONE',  ( 278.0116663121124816, 0.000000000000000000, -162.7949640533009017 ) ) ;
#2346 = AXIS2_PLACEMENT_3D ( 'NONE', #796, #964, #807 ) ;
#2347 = CYLINDRICAL_SURFACE ( 'NONE', #1993, 2.000000000000001776 ) ;
#2348 = ADVANCED_FACE ( 'NONE', ( #1820 ), #2005, .F. ) ;
#2349 = DIRECTION ( 'NONE',  ( 0.000000000000000000, 0.000000000000000000, 1.000000000000000000 ) ) ;
#2350 = ORIENTED_EDGE ( 'NONE', *, *, #645, .F. ) ;
#2351 = DIRECTION ( 'NONE',  ( 0.000000000000000000, 0.000000000000000000, 1.000000000000000000 ) ) ;
#2352 = CYLINDRICAL_SURFACE ( 'NONE', #1081, 5.500000000000005329 ) ;
#2353 = ORIENTED_EDGE ( 'NONE', *, *, #178, .T. ) ;
#2354 = CARTESIAN_POINT ( 'NONE',  ( 489.7996630792572432, 20.00000000000000000, -194.1205198452258287 ) ) ;
#2355 = ORIENTED_EDGE ( 'NONE', *, *, #674, .F. ) ;
#2356 = DIRECTION ( 'NONE',  ( 0.000000000000000000, 0.000000000000000000, 1.000000000000000000 ) ) ;
#2357 = CYLINDRICAL_SURFACE ( 'NONE', #1776, 3.499999999999947597 ) ;
#2358 = AXIS2_PLACEMENT_3D ( 'NONE', #1037, #1619, #133 ) ;
#2359 = CARTESIAN_POINT ( 'NONE',  ( 544.9598808867772277, 0.000000000000000000, -152.5801089037601628 ) ) ;
#2360 = ADVANCED_FACE ( 'NONE', ( #195 ), #893, .F. ) ;
#2361 = CIRCLE ( 'NONE', #933, 2.000000000000001776 ) ;
#2362 = AXIS2_PLACEMENT_3D ( 'NONE', #319, #1394, #471 ) ;
#2363 = VECTOR ( 'NONE', #763, 1000.000000000000000 ) ;
#2364 = AXIS2_PLACEMENT_3D ( 'NONE', #1761, #1051, #119 ) ;
#2365 = ORIENTED_EDGE ( 'NONE', *, *, #2122, .T. ) ;
#2366 = EDGE_CURVE ( 'NONE', #2092, #1183, #600, .T. ) ;
#2367 = AXIS2_PLACEMENT_3D ( 'NONE', #1032, #1263, #1614 ) ;
#2368 = VERTEX_POINT ( 'NONE', #169 ) ;
#2369 = CARTESIAN_POINT ( 'NONE',  ( 275.9686952822043509, 20.00000000000000000, -226.1791432340317556 ) ) ;
#2370 = EDGE_LOOP ( 'NONE', ( #101, #1616 ) ) ;
#2371 = CIRCLE ( 'NONE', #1019, 3.499999999999947597 ) ;
#2372 = CARTESIAN_POINT ( 'NONE',  ( 625.0000000000000000, 20.00000000000000000, -126.6750000000000114 ) ) ;
#2373 = FACE_OUTER_BOUND ( 'NONE', #1428, .T. ) ;
#2374 = DIRECTION ( 'NONE',  ( -0.000000000000000000, 1.000000000000000000, -0.000000000000000000 ) ) ;
#2375 = CARTESIAN_POINT ( 'NONE',  ( 0.000000000000000000, 0.000000000000000000, 0.000000000000000000 ) ) ;
ENDSEC;
END-ISO-10303-21;
